/*
 Navicat Premium Data Transfer

 Source Server         : 虚拟机CentOS7-MySQL5.7.31
 Source Server Type    : MySQL
 Source Server Version : 50731
 Source Host           : 10.132.22.45:3306
 Source Schema         : apm_vue

 Target Server Type    : MySQL
 Target Server Version : 50731
 File Encoding         : 65001

 Date: 19/10/2020 10:39:04
*/

SET NAMES utf8mb4;
SET FOREIGN_KEY_CHECKS = 0;

-- ----------------------------
-- Table structure for QRTZ_BLOB_TRIGGERS
-- ----------------------------
DROP TABLE IF EXISTS `QRTZ_BLOB_TRIGGERS`;
CREATE TABLE `QRTZ_BLOB_TRIGGERS`  (
  `sched_name` varchar(120) CHARACTER SET utf8mb4 COLLATE utf8mb4_general_ci NOT NULL,
  `trigger_name` varchar(200) CHARACTER SET utf8mb4 COLLATE utf8mb4_general_ci NOT NULL,
  `trigger_group` varchar(200) CHARACTER SET utf8mb4 COLLATE utf8mb4_general_ci NOT NULL,
  `blob_data` blob NULL,
  PRIMARY KEY (`sched_name`, `trigger_name`, `trigger_group`) USING BTREE,
  CONSTRAINT `QRTZ_BLOB_TRIGGERS_ibfk_1` FOREIGN KEY (`sched_name`, `trigger_name`, `trigger_group`) REFERENCES `QRTZ_TRIGGERS` (`sched_name`, `trigger_name`, `trigger_group`) ON DELETE RESTRICT ON UPDATE RESTRICT
) ENGINE = InnoDB CHARACTER SET = utf8mb4 COLLATE = utf8mb4_general_ci ROW_FORMAT = Dynamic;

-- ----------------------------
-- Table structure for QRTZ_CALENDARS
-- ----------------------------
DROP TABLE IF EXISTS `QRTZ_CALENDARS`;
CREATE TABLE `QRTZ_CALENDARS`  (
  `sched_name` varchar(120) CHARACTER SET utf8mb4 COLLATE utf8mb4_general_ci NOT NULL,
  `calendar_name` varchar(200) CHARACTER SET utf8mb4 COLLATE utf8mb4_general_ci NOT NULL,
  `calendar` blob NOT NULL,
  PRIMARY KEY (`sched_name`, `calendar_name`) USING BTREE
) ENGINE = InnoDB CHARACTER SET = utf8mb4 COLLATE = utf8mb4_general_ci ROW_FORMAT = Dynamic;

-- ----------------------------
-- Table structure for QRTZ_CRON_TRIGGERS
-- ----------------------------
DROP TABLE IF EXISTS `QRTZ_CRON_TRIGGERS`;
CREATE TABLE `QRTZ_CRON_TRIGGERS`  (
  `sched_name` varchar(120) CHARACTER SET utf8mb4 COLLATE utf8mb4_general_ci NOT NULL,
  `trigger_name` varchar(200) CHARACTER SET utf8mb4 COLLATE utf8mb4_general_ci NOT NULL,
  `trigger_group` varchar(200) CHARACTER SET utf8mb4 COLLATE utf8mb4_general_ci NOT NULL,
  `cron_expression` varchar(200) CHARACTER SET utf8mb4 COLLATE utf8mb4_general_ci NOT NULL,
  `time_zone_id` varchar(80) CHARACTER SET utf8mb4 COLLATE utf8mb4_general_ci NULL DEFAULT NULL,
  PRIMARY KEY (`sched_name`, `trigger_name`, `trigger_group`) USING BTREE,
  CONSTRAINT `QRTZ_CRON_TRIGGERS_ibfk_1` FOREIGN KEY (`sched_name`, `trigger_name`, `trigger_group`) REFERENCES `QRTZ_TRIGGERS` (`sched_name`, `trigger_name`, `trigger_group`) ON DELETE RESTRICT ON UPDATE RESTRICT
) ENGINE = InnoDB CHARACTER SET = utf8mb4 COLLATE = utf8mb4_general_ci ROW_FORMAT = Dynamic;

-- ----------------------------
-- Records of QRTZ_CRON_TRIGGERS
-- ----------------------------
INSERT INTO `QRTZ_CRON_TRIGGERS` VALUES ('ApmScheduler', 'TASK_CLASS_NAME1', 'DEFAULT', '0/10 * * * * ?', 'Asia/Shanghai');
INSERT INTO `QRTZ_CRON_TRIGGERS` VALUES ('ApmScheduler', 'TASK_CLASS_NAME2', 'DEFAULT', '0/15 * * * * ?', 'Asia/Shanghai');
INSERT INTO `QRTZ_CRON_TRIGGERS` VALUES ('ApmScheduler', 'TASK_CLASS_NAME3', 'DEFAULT', '0/20 * * * * ?', 'Asia/Shanghai');
INSERT INTO `QRTZ_CRON_TRIGGERS` VALUES ('RuoyiScheduler', 'TASK_CLASS_NAME1', 'DEFAULT', '0/10 * * * * ?', 'Asia/Shanghai');
INSERT INTO `QRTZ_CRON_TRIGGERS` VALUES ('RuoyiScheduler', 'TASK_CLASS_NAME2', 'DEFAULT', '0/15 * * * * ?', 'Asia/Shanghai');
INSERT INTO `QRTZ_CRON_TRIGGERS` VALUES ('RuoyiScheduler', 'TASK_CLASS_NAME3', 'DEFAULT', '0/20 * * * * ?', 'Asia/Shanghai');

-- ----------------------------
-- Table structure for QRTZ_FIRED_TRIGGERS
-- ----------------------------
DROP TABLE IF EXISTS `QRTZ_FIRED_TRIGGERS`;
CREATE TABLE `QRTZ_FIRED_TRIGGERS`  (
  `sched_name` varchar(120) CHARACTER SET utf8mb4 COLLATE utf8mb4_general_ci NOT NULL,
  `entry_id` varchar(95) CHARACTER SET utf8mb4 COLLATE utf8mb4_general_ci NOT NULL,
  `trigger_name` varchar(200) CHARACTER SET utf8mb4 COLLATE utf8mb4_general_ci NOT NULL,
  `trigger_group` varchar(200) CHARACTER SET utf8mb4 COLLATE utf8mb4_general_ci NOT NULL,
  `instance_name` varchar(200) CHARACTER SET utf8mb4 COLLATE utf8mb4_general_ci NOT NULL,
  `fired_time` bigint(13) NOT NULL,
  `sched_time` bigint(13) NOT NULL,
  `priority` int(11) NOT NULL,
  `state` varchar(16) CHARACTER SET utf8mb4 COLLATE utf8mb4_general_ci NOT NULL,
  `job_name` varchar(200) CHARACTER SET utf8mb4 COLLATE utf8mb4_general_ci NULL DEFAULT NULL,
  `job_group` varchar(200) CHARACTER SET utf8mb4 COLLATE utf8mb4_general_ci NULL DEFAULT NULL,
  `is_nonconcurrent` varchar(1) CHARACTER SET utf8mb4 COLLATE utf8mb4_general_ci NULL DEFAULT NULL,
  `requests_recovery` varchar(1) CHARACTER SET utf8mb4 COLLATE utf8mb4_general_ci NULL DEFAULT NULL,
  PRIMARY KEY (`sched_name`, `entry_id`) USING BTREE
) ENGINE = InnoDB CHARACTER SET = utf8mb4 COLLATE = utf8mb4_general_ci ROW_FORMAT = Dynamic;

-- ----------------------------
-- Table structure for QRTZ_JOB_DETAILS
-- ----------------------------
DROP TABLE IF EXISTS `QRTZ_JOB_DETAILS`;
CREATE TABLE `QRTZ_JOB_DETAILS`  (
  `sched_name` varchar(120) CHARACTER SET utf8mb4 COLLATE utf8mb4_general_ci NOT NULL,
  `job_name` varchar(200) CHARACTER SET utf8mb4 COLLATE utf8mb4_general_ci NOT NULL,
  `job_group` varchar(200) CHARACTER SET utf8mb4 COLLATE utf8mb4_general_ci NOT NULL,
  `description` varchar(250) CHARACTER SET utf8mb4 COLLATE utf8mb4_general_ci NULL DEFAULT NULL,
  `job_class_name` varchar(250) CHARACTER SET utf8mb4 COLLATE utf8mb4_general_ci NOT NULL,
  `is_durable` varchar(1) CHARACTER SET utf8mb4 COLLATE utf8mb4_general_ci NOT NULL,
  `is_nonconcurrent` varchar(1) CHARACTER SET utf8mb4 COLLATE utf8mb4_general_ci NOT NULL,
  `is_update_data` varchar(1) CHARACTER SET utf8mb4 COLLATE utf8mb4_general_ci NOT NULL,
  `requests_recovery` varchar(1) CHARACTER SET utf8mb4 COLLATE utf8mb4_general_ci NOT NULL,
  `job_data` blob NULL,
  PRIMARY KEY (`sched_name`, `job_name`, `job_group`) USING BTREE
) ENGINE = InnoDB CHARACTER SET = utf8mb4 COLLATE = utf8mb4_general_ci ROW_FORMAT = Dynamic;

-- ----------------------------
-- Records of QRTZ_JOB_DETAILS
-- ----------------------------
INSERT INTO `QRTZ_JOB_DETAILS` VALUES ('ApmScheduler', 'TASK_CLASS_NAME1', 'DEFAULT', NULL, 'cn.saberking.jvav.apm.quartz.util.QuartzDisallowConcurrentExecution', '0', '1', '0', '0', 0xACED0005737200156F72672E71756172747A2E4A6F62446174614D61709FB083E8BFA9B0CB020000787200266F72672E71756172747A2E7574696C732E537472696E674B65794469727479466C61674D61708208E8C3FBC55D280200015A0013616C6C6F77735472616E7369656E74446174617872001D6F72672E71756172747A2E7574696C732E4469727479466C61674D617013E62EAD28760ACE0200025A000564697274794C00036D617074000F4C6A6176612F7574696C2F4D61703B787001737200116A6176612E7574696C2E486173684D61700507DAC1C31660D103000246000A6C6F6164466163746F724900097468726573686F6C6478703F4000000000000C7708000000100000000174000F5441534B5F50524F504552544945537372002A636E2E73616265726B696E672E6A7661762E61706D2E71756172747A2E646F6D61696E2E5379734A6F6200000000000000010200084C000A636F6E63757272656E747400124C6A6176612F6C616E672F537472696E673B4C000E63726F6E45787072657373696F6E71007E00094C000C696E766F6B6554617267657471007E00094C00086A6F6247726F757071007E00094C00056A6F6249647400104C6A6176612F6C616E672F4C6F6E673B4C00076A6F624E616D6571007E00094C000D6D697366697265506F6C69637971007E00094C000673746174757371007E000978720033636E2E73616265726B696E672E6A7661762E61706D2E636F6D6D6F6E2E636F72652E646F6D61696E2E42617365456E74697479000000000000000102000B4C0008626567696E4E756D7400124C6A6176612F6C616E672F446F75626C653B4C0009626567696E54696D6571007E00094C0008637265617465427971007E00094C000A63726561746554696D657400104C6A6176612F7574696C2F446174653B4C0006656E644E756D71007E000C4C0007656E6454696D6571007E00094C0006706172616D7371007E00034C000672656D61726B71007E00094C000B73656172636856616C756571007E00094C0008757064617465427971007E00094C000A75706461746554696D6571007E000D7870707074000561646D696E7372000E6A6176612E7574696C2E44617465686A81014B59741903000078707708000001622CDE29E0787070707400007070707400013174000E302F3130202A202A202A202A203F74001361706D5461736B2E61706D4E6F506172616D7374000744454641554C547372000E6A6176612E6C616E672E4C6F6E673B8BE490CC8F23DF0200014A000576616C7565787200106A6176612E6C616E672E4E756D62657286AC951D0B94E08B02000078700000000000000001740018E7B3BBE7BB9FE9BB98E8AEA4EFBC88E697A0E58F82EFBC8974000133740001317800);
INSERT INTO `QRTZ_JOB_DETAILS` VALUES ('ApmScheduler', 'TASK_CLASS_NAME2', 'DEFAULT', NULL, 'cn.saberking.jvav.apm.quartz.util.QuartzDisallowConcurrentExecution', '0', '1', '0', '0', 0xACED0005737200156F72672E71756172747A2E4A6F62446174614D61709FB083E8BFA9B0CB020000787200266F72672E71756172747A2E7574696C732E537472696E674B65794469727479466C61674D61708208E8C3FBC55D280200015A0013616C6C6F77735472616E7369656E74446174617872001D6F72672E71756172747A2E7574696C732E4469727479466C61674D617013E62EAD28760ACE0200025A000564697274794C00036D617074000F4C6A6176612F7574696C2F4D61703B787001737200116A6176612E7574696C2E486173684D61700507DAC1C31660D103000246000A6C6F6164466163746F724900097468726573686F6C6478703F4000000000000C7708000000100000000174000F5441534B5F50524F504552544945537372002A636E2E73616265726B696E672E6A7661762E61706D2E71756172747A2E646F6D61696E2E5379734A6F6200000000000000010200084C000A636F6E63757272656E747400124C6A6176612F6C616E672F537472696E673B4C000E63726F6E45787072657373696F6E71007E00094C000C696E766F6B6554617267657471007E00094C00086A6F6247726F757071007E00094C00056A6F6249647400104C6A6176612F6C616E672F4C6F6E673B4C00076A6F624E616D6571007E00094C000D6D697366697265506F6C69637971007E00094C000673746174757371007E000978720033636E2E73616265726B696E672E6A7661762E61706D2E636F6D6D6F6E2E636F72652E646F6D61696E2E42617365456E74697479000000000000000102000B4C0008626567696E4E756D7400124C6A6176612F6C616E672F446F75626C653B4C0009626567696E54696D6571007E00094C0008637265617465427971007E00094C000A63726561746554696D657400104C6A6176612F7574696C2F446174653B4C0006656E644E756D71007E000C4C0007656E6454696D6571007E00094C0006706172616D7371007E00034C000672656D61726B71007E00094C000B73656172636856616C756571007E00094C0008757064617465427971007E00094C000A75706461746554696D6571007E000D7870707074000561646D696E7372000E6A6176612E7574696C2E44617465686A81014B59741903000078707708000001622CDE29E0787070707400007070707400013174000E302F3135202A202A202A202A203F74001861706D5461736B2E61706D506172616D73282761706D272974000744454641554C547372000E6A6176612E6C616E672E4C6F6E673B8BE490CC8F23DF0200014A000576616C7565787200106A6176612E6C616E672E4E756D62657286AC951D0B94E08B02000078700000000000000002740018E7B3BBE7BB9FE9BB98E8AEA4EFBC88E69C89E58F82EFBC8974000133740001317800);
INSERT INTO `QRTZ_JOB_DETAILS` VALUES ('ApmScheduler', 'TASK_CLASS_NAME3', 'DEFAULT', NULL, 'cn.saberking.jvav.apm.quartz.util.QuartzDisallowConcurrentExecution', '0', '1', '0', '0', 0xACED0005737200156F72672E71756172747A2E4A6F62446174614D61709FB083E8BFA9B0CB020000787200266F72672E71756172747A2E7574696C732E537472696E674B65794469727479466C61674D61708208E8C3FBC55D280200015A0013616C6C6F77735472616E7369656E74446174617872001D6F72672E71756172747A2E7574696C732E4469727479466C61674D617013E62EAD28760ACE0200025A000564697274794C00036D617074000F4C6A6176612F7574696C2F4D61703B787001737200116A6176612E7574696C2E486173684D61700507DAC1C31660D103000246000A6C6F6164466163746F724900097468726573686F6C6478703F4000000000000C7708000000100000000174000F5441534B5F50524F504552544945537372002A636E2E73616265726B696E672E6A7661762E61706D2E71756172747A2E646F6D61696E2E5379734A6F6200000000000000010200084C000A636F6E63757272656E747400124C6A6176612F6C616E672F537472696E673B4C000E63726F6E45787072657373696F6E71007E00094C000C696E766F6B6554617267657471007E00094C00086A6F6247726F757071007E00094C00056A6F6249647400104C6A6176612F6C616E672F4C6F6E673B4C00076A6F624E616D6571007E00094C000D6D697366697265506F6C69637971007E00094C000673746174757371007E000978720033636E2E73616265726B696E672E6A7661762E61706D2E636F6D6D6F6E2E636F72652E646F6D61696E2E42617365456E74697479000000000000000102000B4C0008626567696E4E756D7400124C6A6176612F6C616E672F446F75626C653B4C0009626567696E54696D6571007E00094C0008637265617465427971007E00094C000A63726561746554696D657400104C6A6176612F7574696C2F446174653B4C0006656E644E756D71007E000C4C0007656E6454696D6571007E00094C0006706172616D7371007E00034C000672656D61726B71007E00094C000B73656172636856616C756571007E00094C0008757064617465427971007E00094C000A75706461746554696D6571007E000D7870707074000561646D696E7372000E6A6176612E7574696C2E44617465686A81014B59741903000078707708000001622CDE29E0787070707400007070707400013174000E302F3230202A202A202A202A203F74003B61706D5461736B2E61706D4D756C7469706C65506172616D73282761706D272C20747275652C20323030304C2C203331362E3530442C203130302974000744454641554C547372000E6A6176612E6C616E672E4C6F6E673B8BE490CC8F23DF0200014A000576616C7565787200106A6176612E6C616E672E4E756D62657286AC951D0B94E08B02000078700000000000000003740018E7B3BBE7BB9FE9BB98E8AEA4EFBC88E5A49AE58F82EFBC8974000133740001317800);
INSERT INTO `QRTZ_JOB_DETAILS` VALUES ('RuoyiScheduler', 'TASK_CLASS_NAME1', 'DEFAULT', NULL, 'cn.saberking.jvav.apm.quartz.util.QuartzDisallowConcurrentExecution', '0', '1', '0', '0', 0xACED0005737200156F72672E71756172747A2E4A6F62446174614D61709FB083E8BFA9B0CB020000787200266F72672E71756172747A2E7574696C732E537472696E674B65794469727479466C61674D61708208E8C3FBC55D280200015A0013616C6C6F77735472616E7369656E74446174617872001D6F72672E71756172747A2E7574696C732E4469727479466C61674D617013E62EAD28760ACE0200025A000564697274794C00036D617074000F4C6A6176612F7574696C2F4D61703B787001737200116A6176612E7574696C2E486173684D61700507DAC1C31660D103000246000A6C6F6164466163746F724900097468726573686F6C6478703F4000000000000C7708000000100000000174000F5441534B5F50524F504552544945537372002A636E2E73616265726B696E672E6A7661762E61706D2E71756172747A2E646F6D61696E2E5379734A6F6200000000000000010200084C000A636F6E63757272656E747400124C6A6176612F6C616E672F537472696E673B4C000E63726F6E45787072657373696F6E71007E00094C000C696E766F6B6554617267657471007E00094C00086A6F6247726F757071007E00094C00056A6F6249647400104C6A6176612F6C616E672F4C6F6E673B4C00076A6F624E616D6571007E00094C000D6D697366697265506F6C69637971007E00094C000673746174757371007E000978720033636E2E73616265726B696E672E6A7661762E61706D2E636F6D6D6F6E2E636F72652E646F6D61696E2E42617365456E7469747900000000000000010200094C0009626567696E54696D6571007E00094C0008637265617465427971007E00094C000A63726561746554696D657400104C6A6176612F7574696C2F446174653B4C0007656E6454696D6571007E00094C0006706172616D7371007E00034C000672656D61726B71007E00094C000B73656172636856616C756571007E00094C0008757064617465427971007E00094C000A75706461746554696D6571007E000C78707074000561646D696E7372000E6A6176612E7574696C2E44617465686A81014B59741903000078707708000001622CDE29E07870707400007070707400013174000E302F3130202A202A202A202A203F74001361706D5461736B2E61706D4E6F506172616D7374000744454641554C547372000E6A6176612E6C616E672E4C6F6E673B8BE490CC8F23DF0200014A000576616C7565787200106A6176612E6C616E672E4E756D62657286AC951D0B94E08B02000078700000000000000001740018E7B3BBE7BB9FE9BB98E8AEA4EFBC88E697A0E58F82EFBC8974000133740001317800);
INSERT INTO `QRTZ_JOB_DETAILS` VALUES ('RuoyiScheduler', 'TASK_CLASS_NAME2', 'DEFAULT', NULL, 'cn.saberking.jvav.apm.quartz.util.QuartzDisallowConcurrentExecution', '0', '1', '0', '0', 0xACED0005737200156F72672E71756172747A2E4A6F62446174614D61709FB083E8BFA9B0CB020000787200266F72672E71756172747A2E7574696C732E537472696E674B65794469727479466C61674D61708208E8C3FBC55D280200015A0013616C6C6F77735472616E7369656E74446174617872001D6F72672E71756172747A2E7574696C732E4469727479466C61674D617013E62EAD28760ACE0200025A000564697274794C00036D617074000F4C6A6176612F7574696C2F4D61703B787001737200116A6176612E7574696C2E486173684D61700507DAC1C31660D103000246000A6C6F6164466163746F724900097468726573686F6C6478703F4000000000000C7708000000100000000174000F5441534B5F50524F504552544945537372002A636E2E73616265726B696E672E6A7661762E61706D2E71756172747A2E646F6D61696E2E5379734A6F6200000000000000010200084C000A636F6E63757272656E747400124C6A6176612F6C616E672F537472696E673B4C000E63726F6E45787072657373696F6E71007E00094C000C696E766F6B6554617267657471007E00094C00086A6F6247726F757071007E00094C00056A6F6249647400104C6A6176612F6C616E672F4C6F6E673B4C00076A6F624E616D6571007E00094C000D6D697366697265506F6C69637971007E00094C000673746174757371007E000978720033636E2E73616265726B696E672E6A7661762E61706D2E636F6D6D6F6E2E636F72652E646F6D61696E2E42617365456E7469747900000000000000010200094C0009626567696E54696D6571007E00094C0008637265617465427971007E00094C000A63726561746554696D657400104C6A6176612F7574696C2F446174653B4C0007656E6454696D6571007E00094C0006706172616D7371007E00034C000672656D61726B71007E00094C000B73656172636856616C756571007E00094C0008757064617465427971007E00094C000A75706461746554696D6571007E000C78707074000561646D696E7372000E6A6176612E7574696C2E44617465686A81014B59741903000078707708000001622CDE29E07870707400007070707400013174000E302F3135202A202A202A202A203F74001861706D5461736B2E61706D506172616D73282761706D272974000744454641554C547372000E6A6176612E6C616E672E4C6F6E673B8BE490CC8F23DF0200014A000576616C7565787200106A6176612E6C616E672E4E756D62657286AC951D0B94E08B02000078700000000000000002740018E7B3BBE7BB9FE9BB98E8AEA4EFBC88E69C89E58F82EFBC8974000133740001317800);
INSERT INTO `QRTZ_JOB_DETAILS` VALUES ('RuoyiScheduler', 'TASK_CLASS_NAME3', 'DEFAULT', NULL, 'cn.saberking.jvav.apm.quartz.util.QuartzDisallowConcurrentExecution', '0', '1', '0', '0', 0xACED0005737200156F72672E71756172747A2E4A6F62446174614D61709FB083E8BFA9B0CB020000787200266F72672E71756172747A2E7574696C732E537472696E674B65794469727479466C61674D61708208E8C3FBC55D280200015A0013616C6C6F77735472616E7369656E74446174617872001D6F72672E71756172747A2E7574696C732E4469727479466C61674D617013E62EAD28760ACE0200025A000564697274794C00036D617074000F4C6A6176612F7574696C2F4D61703B787001737200116A6176612E7574696C2E486173684D61700507DAC1C31660D103000246000A6C6F6164466163746F724900097468726573686F6C6478703F4000000000000C7708000000100000000174000F5441534B5F50524F504552544945537372002A636E2E73616265726B696E672E6A7661762E61706D2E71756172747A2E646F6D61696E2E5379734A6F6200000000000000010200084C000A636F6E63757272656E747400124C6A6176612F6C616E672F537472696E673B4C000E63726F6E45787072657373696F6E71007E00094C000C696E766F6B6554617267657471007E00094C00086A6F6247726F757071007E00094C00056A6F6249647400104C6A6176612F6C616E672F4C6F6E673B4C00076A6F624E616D6571007E00094C000D6D697366697265506F6C69637971007E00094C000673746174757371007E000978720033636E2E73616265726B696E672E6A7661762E61706D2E636F6D6D6F6E2E636F72652E646F6D61696E2E42617365456E7469747900000000000000010200094C0009626567696E54696D6571007E00094C0008637265617465427971007E00094C000A63726561746554696D657400104C6A6176612F7574696C2F446174653B4C0007656E6454696D6571007E00094C0006706172616D7371007E00034C000672656D61726B71007E00094C000B73656172636856616C756571007E00094C0008757064617465427971007E00094C000A75706461746554696D6571007E000C78707074000561646D696E7372000E6A6176612E7574696C2E44617465686A81014B59741903000078707708000001622CDE29E07870707400007070707400013174000E302F3230202A202A202A202A203F74003B61706D5461736B2E61706D4D756C7469706C65506172616D73282761706D272C20747275652C20323030304C2C203331362E3530442C203130302974000744454641554C547372000E6A6176612E6C616E672E4C6F6E673B8BE490CC8F23DF0200014A000576616C7565787200106A6176612E6C616E672E4E756D62657286AC951D0B94E08B02000078700000000000000003740018E7B3BBE7BB9FE9BB98E8AEA4EFBC88E5A49AE58F82EFBC8974000133740001317800);

-- ----------------------------
-- Table structure for QRTZ_LOCKS
-- ----------------------------
DROP TABLE IF EXISTS `QRTZ_LOCKS`;
CREATE TABLE `QRTZ_LOCKS`  (
  `sched_name` varchar(120) CHARACTER SET utf8mb4 COLLATE utf8mb4_general_ci NOT NULL,
  `lock_name` varchar(40) CHARACTER SET utf8mb4 COLLATE utf8mb4_general_ci NOT NULL,
  PRIMARY KEY (`sched_name`, `lock_name`) USING BTREE
) ENGINE = InnoDB CHARACTER SET = utf8mb4 COLLATE = utf8mb4_general_ci ROW_FORMAT = Dynamic;

-- ----------------------------
-- Records of QRTZ_LOCKS
-- ----------------------------
INSERT INTO `QRTZ_LOCKS` VALUES ('ApmScheduler', 'STATE_ACCESS');
INSERT INTO `QRTZ_LOCKS` VALUES ('ApmScheduler', 'TRIGGER_ACCESS');
INSERT INTO `QRTZ_LOCKS` VALUES ('RuoyiScheduler', 'STATE_ACCESS');
INSERT INTO `QRTZ_LOCKS` VALUES ('RuoyiScheduler', 'TRIGGER_ACCESS');

-- ----------------------------
-- Table structure for QRTZ_PAUSED_TRIGGER_GRPS
-- ----------------------------
DROP TABLE IF EXISTS `QRTZ_PAUSED_TRIGGER_GRPS`;
CREATE TABLE `QRTZ_PAUSED_TRIGGER_GRPS`  (
  `sched_name` varchar(120) CHARACTER SET utf8mb4 COLLATE utf8mb4_general_ci NOT NULL,
  `trigger_group` varchar(200) CHARACTER SET utf8mb4 COLLATE utf8mb4_general_ci NOT NULL,
  PRIMARY KEY (`sched_name`, `trigger_group`) USING BTREE
) ENGINE = InnoDB CHARACTER SET = utf8mb4 COLLATE = utf8mb4_general_ci ROW_FORMAT = Dynamic;

-- ----------------------------
-- Table structure for QRTZ_SCHEDULER_STATE
-- ----------------------------
DROP TABLE IF EXISTS `QRTZ_SCHEDULER_STATE`;
CREATE TABLE `QRTZ_SCHEDULER_STATE`  (
  `sched_name` varchar(120) CHARACTER SET utf8mb4 COLLATE utf8mb4_general_ci NOT NULL,
  `instance_name` varchar(200) CHARACTER SET utf8mb4 COLLATE utf8mb4_general_ci NOT NULL,
  `last_checkin_time` bigint(13) NOT NULL,
  `checkin_interval` bigint(13) NOT NULL,
  PRIMARY KEY (`sched_name`, `instance_name`) USING BTREE
) ENGINE = InnoDB CHARACTER SET = utf8mb4 COLLATE = utf8mb4_general_ci ROW_FORMAT = Dynamic;

-- ----------------------------
-- Records of QRTZ_SCHEDULER_STATE
-- ----------------------------
INSERT INTO `QRTZ_SCHEDULER_STATE` VALUES ('ApmScheduler', 'SaberKing-PC1602942475572', 1602949245035, 15000);
INSERT INTO `QRTZ_SCHEDULER_STATE` VALUES ('RuoyiScheduler', 'DESKTOP-SDFV9061601952760363', 1601957012525, 15000);

-- ----------------------------
-- Table structure for QRTZ_SIMPLE_TRIGGERS
-- ----------------------------
DROP TABLE IF EXISTS `QRTZ_SIMPLE_TRIGGERS`;
CREATE TABLE `QRTZ_SIMPLE_TRIGGERS`  (
  `sched_name` varchar(120) CHARACTER SET utf8mb4 COLLATE utf8mb4_general_ci NOT NULL,
  `trigger_name` varchar(200) CHARACTER SET utf8mb4 COLLATE utf8mb4_general_ci NOT NULL,
  `trigger_group` varchar(200) CHARACTER SET utf8mb4 COLLATE utf8mb4_general_ci NOT NULL,
  `repeat_count` bigint(7) NOT NULL,
  `repeat_interval` bigint(12) NOT NULL,
  `times_triggered` bigint(10) NOT NULL,
  PRIMARY KEY (`sched_name`, `trigger_name`, `trigger_group`) USING BTREE,
  CONSTRAINT `QRTZ_SIMPLE_TRIGGERS_ibfk_1` FOREIGN KEY (`sched_name`, `trigger_name`, `trigger_group`) REFERENCES `QRTZ_TRIGGERS` (`sched_name`, `trigger_name`, `trigger_group`) ON DELETE RESTRICT ON UPDATE RESTRICT
) ENGINE = InnoDB CHARACTER SET = utf8mb4 COLLATE = utf8mb4_general_ci ROW_FORMAT = Dynamic;

-- ----------------------------
-- Table structure for QRTZ_SIMPROP_TRIGGERS
-- ----------------------------
DROP TABLE IF EXISTS `QRTZ_SIMPROP_TRIGGERS`;
CREATE TABLE `QRTZ_SIMPROP_TRIGGERS`  (
  `sched_name` varchar(120) CHARACTER SET utf8mb4 COLLATE utf8mb4_general_ci NOT NULL,
  `trigger_name` varchar(200) CHARACTER SET utf8mb4 COLLATE utf8mb4_general_ci NOT NULL,
  `trigger_group` varchar(200) CHARACTER SET utf8mb4 COLLATE utf8mb4_general_ci NOT NULL,
  `str_prop_1` varchar(512) CHARACTER SET utf8mb4 COLLATE utf8mb4_general_ci NULL DEFAULT NULL,
  `str_prop_2` varchar(512) CHARACTER SET utf8mb4 COLLATE utf8mb4_general_ci NULL DEFAULT NULL,
  `str_prop_3` varchar(512) CHARACTER SET utf8mb4 COLLATE utf8mb4_general_ci NULL DEFAULT NULL,
  `int_prop_1` int(11) NULL DEFAULT NULL,
  `int_prop_2` int(11) NULL DEFAULT NULL,
  `long_prop_1` bigint(20) NULL DEFAULT NULL,
  `long_prop_2` bigint(20) NULL DEFAULT NULL,
  `dec_prop_1` decimal(13, 4) NULL DEFAULT NULL,
  `dec_prop_2` decimal(13, 4) NULL DEFAULT NULL,
  `bool_prop_1` varchar(1) CHARACTER SET utf8mb4 COLLATE utf8mb4_general_ci NULL DEFAULT NULL,
  `bool_prop_2` varchar(1) CHARACTER SET utf8mb4 COLLATE utf8mb4_general_ci NULL DEFAULT NULL,
  PRIMARY KEY (`sched_name`, `trigger_name`, `trigger_group`) USING BTREE,
  CONSTRAINT `QRTZ_SIMPROP_TRIGGERS_ibfk_1` FOREIGN KEY (`sched_name`, `trigger_name`, `trigger_group`) REFERENCES `QRTZ_TRIGGERS` (`sched_name`, `trigger_name`, `trigger_group`) ON DELETE RESTRICT ON UPDATE RESTRICT
) ENGINE = InnoDB CHARACTER SET = utf8mb4 COLLATE = utf8mb4_general_ci ROW_FORMAT = Dynamic;

-- ----------------------------
-- Table structure for QRTZ_TRIGGERS
-- ----------------------------
DROP TABLE IF EXISTS `QRTZ_TRIGGERS`;
CREATE TABLE `QRTZ_TRIGGERS`  (
  `sched_name` varchar(120) CHARACTER SET utf8mb4 COLLATE utf8mb4_general_ci NOT NULL,
  `trigger_name` varchar(200) CHARACTER SET utf8mb4 COLLATE utf8mb4_general_ci NOT NULL,
  `trigger_group` varchar(200) CHARACTER SET utf8mb4 COLLATE utf8mb4_general_ci NOT NULL,
  `job_name` varchar(200) CHARACTER SET utf8mb4 COLLATE utf8mb4_general_ci NOT NULL,
  `job_group` varchar(200) CHARACTER SET utf8mb4 COLLATE utf8mb4_general_ci NOT NULL,
  `description` varchar(250) CHARACTER SET utf8mb4 COLLATE utf8mb4_general_ci NULL DEFAULT NULL,
  `next_fire_time` bigint(13) NULL DEFAULT NULL,
  `prev_fire_time` bigint(13) NULL DEFAULT NULL,
  `priority` int(11) NULL DEFAULT NULL,
  `trigger_state` varchar(16) CHARACTER SET utf8mb4 COLLATE utf8mb4_general_ci NOT NULL,
  `trigger_type` varchar(8) CHARACTER SET utf8mb4 COLLATE utf8mb4_general_ci NOT NULL,
  `start_time` bigint(13) NOT NULL,
  `end_time` bigint(13) NULL DEFAULT NULL,
  `calendar_name` varchar(200) CHARACTER SET utf8mb4 COLLATE utf8mb4_general_ci NULL DEFAULT NULL,
  `misfire_instr` smallint(2) NULL DEFAULT NULL,
  `job_data` blob NULL,
  PRIMARY KEY (`sched_name`, `trigger_name`, `trigger_group`) USING BTREE,
  INDEX `sched_name`(`sched_name`, `job_name`, `job_group`) USING BTREE,
  CONSTRAINT `QRTZ_TRIGGERS_ibfk_1` FOREIGN KEY (`sched_name`, `job_name`, `job_group`) REFERENCES `QRTZ_JOB_DETAILS` (`sched_name`, `job_name`, `job_group`) ON DELETE RESTRICT ON UPDATE RESTRICT
) ENGINE = InnoDB CHARACTER SET = utf8mb4 COLLATE = utf8mb4_general_ci ROW_FORMAT = Dynamic;

-- ----------------------------
-- Records of QRTZ_TRIGGERS
-- ----------------------------
INSERT INTO `QRTZ_TRIGGERS` VALUES ('ApmScheduler', 'TASK_CLASS_NAME1', 'DEFAULT', 'TASK_CLASS_NAME1', 'DEFAULT', NULL, 1602942480000, -1, 5, 'PAUSED', 'CRON', 1602942475000, 0, NULL, 2, '');
INSERT INTO `QRTZ_TRIGGERS` VALUES ('ApmScheduler', 'TASK_CLASS_NAME2', 'DEFAULT', 'TASK_CLASS_NAME2', 'DEFAULT', NULL, 1602942480000, -1, 5, 'PAUSED', 'CRON', 1602942475000, 0, NULL, 2, '');
INSERT INTO `QRTZ_TRIGGERS` VALUES ('ApmScheduler', 'TASK_CLASS_NAME3', 'DEFAULT', 'TASK_CLASS_NAME3', 'DEFAULT', NULL, 1602942480000, -1, 5, 'PAUSED', 'CRON', 1602942475000, 0, NULL, 2, '');
INSERT INTO `QRTZ_TRIGGERS` VALUES ('RuoyiScheduler', 'TASK_CLASS_NAME1', 'DEFAULT', 'TASK_CLASS_NAME1', 'DEFAULT', NULL, 1601952760000, -1, 5, 'PAUSED', 'CRON', 1601952760000, 0, NULL, 2, '');
INSERT INTO `QRTZ_TRIGGERS` VALUES ('RuoyiScheduler', 'TASK_CLASS_NAME2', 'DEFAULT', 'TASK_CLASS_NAME2', 'DEFAULT', NULL, 1601952765000, -1, 5, 'PAUSED', 'CRON', 1601952760000, 0, NULL, 2, '');
INSERT INTO `QRTZ_TRIGGERS` VALUES ('RuoyiScheduler', 'TASK_CLASS_NAME3', 'DEFAULT', 'TASK_CLASS_NAME3', 'DEFAULT', NULL, 1601952760000, -1, 5, 'PAUSED', 'CRON', 1601952760000, 0, NULL, 2, '');

-- ----------------------------
-- Table structure for alipay_config
-- ----------------------------
DROP TABLE IF EXISTS `alipay_config`;
CREATE TABLE `alipay_config`  (
  `id` bigint(20) NOT NULL AUTO_INCREMENT COMMENT '主键',
  `app_id` varchar(255) CHARACTER SET utf8 COLLATE utf8_general_ci NULL DEFAULT NULL COMMENT '应用ID',
  `charset` varchar(255) CHARACTER SET utf8 COLLATE utf8_general_ci NULL DEFAULT NULL COMMENT '编码',
  `format` varchar(255) CHARACTER SET utf8 COLLATE utf8_general_ci NULL DEFAULT NULL COMMENT '类型 固定格式json',
  `gateway_url` varchar(255) CHARACTER SET utf8 COLLATE utf8_general_ci NULL DEFAULT NULL COMMENT '网关地址',
  `notify_url` varchar(255) CHARACTER SET utf8 COLLATE utf8_general_ci NULL DEFAULT NULL COMMENT '异步回调',
  `private_key` text CHARACTER SET utf8 COLLATE utf8_general_ci NULL COMMENT '私钥',
  `public_key` text CHARACTER SET utf8 COLLATE utf8_general_ci NULL COMMENT '公钥',
  `return_url` varchar(255) CHARACTER SET utf8 COLLATE utf8_general_ci NULL DEFAULT NULL COMMENT '回调地址',
  `sign_type` varchar(255) CHARACTER SET utf8 COLLATE utf8_general_ci NULL DEFAULT NULL COMMENT '签名方式',
  `sys_service_provider_id` varchar(255) CHARACTER SET utf8 COLLATE utf8_general_ci NULL DEFAULT NULL COMMENT '商户号',
  PRIMARY KEY (`id`) USING BTREE
) ENGINE = InnoDB AUTO_INCREMENT = 2 CHARACTER SET = utf8mb4 COLLATE = utf8mb4_general_ci COMMENT = '支付宝配置类' ROW_FORMAT = Compact;

-- ----------------------------
-- Records of alipay_config
-- ----------------------------
INSERT INTO `alipay_config` VALUES (1, '2016091700532697', 'utf-8', 'JSON', 'https://openapi.alipaydev.com/gateway.do', 'http://api.auauz.net/api/aliPay/notify', 'MIIEvAIBADANBgkqhkiG9w0BAQEFAASCBKYwggSiAgEAAoIBAQC5js8sInU10AJ0cAQ8UMMyXrQ+oHZEkVt5lBwsStmTJ7YikVYgbskx1YYEXTojRsWCb+SH/kDmDU4pK/u91SJ4KFCRMF2411piYuXU/jF96zKrADznYh/zAraqT6hvAIVtQAlMHN53nx16rLzZ/8jDEkaSwT7+HvHiS+7sxSojnu/3oV7BtgISoUNstmSe8WpWHOaWv19xyS+Mce9MY4BfseFhzTICUymUQdd/8hXA28/H6osUfAgsnxAKv7Wil3aJSgaJczWuflYOve0dJ3InZkhw5Cvr0atwpk8YKBQjy5CdkoHqvkOcIB+cYHXJKzOE5tqU7inSwVbHzOLQ3XbnAgMBAAECggEAVJp5eT0Ixg1eYSqFs9568WdetUNCSUchNxDBu6wxAbhUgfRUGZuJnnAll63OCTGGck+EGkFh48JjRcBpGoeoHLL88QXlZZbC/iLrea6gcDIhuvfzzOffe1RcZtDFEj9hlotg8dQj1tS0gy9pN9g4+EBH7zeu+fyv+qb2e/v1l6FkISXUjpkD7RLQr3ykjiiEw9BpeKb7j5s7Kdx1NNIzhkcQKNqlk8JrTGDNInbDM6inZfwwIO2R1DHinwdfKWkvOTODTYa2MoAvVMFT9Bec9FbLpoWp7ogv1JMV9svgrcF9XLzANZ/OQvkbe9TV9GWYvIbxN6qwQioKCWO4GPnCAQKBgQDgW5MgfhX8yjXqoaUy/d1VjI8dHeIyw8d+OBAYwaxRSlCfyQ+tieWcR2HdTzPca0T0GkWcKZm0ei5xRURgxt4DUDLXNh26HG0qObbtLJdu/AuBUuCqgOiLqJ2f1uIbrz6OZUHns+bT/jGW2Ws8+C13zTCZkZt9CaQsrp3QOGDx5wKBgQDTul39hp3ZPwGNFeZdkGoUoViOSd5Lhowd5wYMGAEXWRLlU8z+smT5v0POz9JnIbCRchIY2FAPKRdVTICzmPk2EPJFxYTcwaNbVqL6lN7J2IlXXMiit5QbiLauo55w7plwV6LQmKm9KV7JsZs5XwqF7CEovI7GevFzyD3w+uizAQKBgC3LY1eRhOlpWOIAhpjG6qOoohmeXOphvdmMlfSHq6WYFqbWwmV4rS5d/6LNpNdL6fItXqIGd8I34jzql49taCmi+A2nlR/E559j0mvM20gjGDIYeZUz5MOE8k+K6/IcrhcgofgqZ2ZED1ksHdB/E8DNWCswZl16V1FrfvjeWSNnAoGAMrBplCrIW5xz+J0Hm9rZKrs+AkK5D4fUv8vxbK/KgxZ2KaUYbNm0xv39c+PZUYuFRCz1HDGdaSPDTE6WeWjkMQd5mS6ikl9hhpqFRkyh0d0fdGToO9yLftQKOGE/q3XUEktI1XvXF0xyPwNgUCnq0QkpHyGVZPtGFxwXiDvpvgECgYA5PoB+nY8iDiRaJNko9w0hL4AeKogwf+4TbCw+KWVEn6jhuJa4LFTdSqp89PktQaoVpwv92el/AhYjWOl/jVCm122f9b7GyoelbjMNolToDwe5pF5RnSpEuDdLy9MfE8LnE3PlbE7E5BipQ3UjSebkgNboLHH/lNZA5qvEtvbfvQ==', 'MIIBIjANBgkqhkiG9w0BAQEFAAOCAQ8AMIIBCgKCAQEAut9evKRuHJ/2QNfDlLwvN/S8l9hRAgPbb0u61bm4AtzaTGsLeMtScetxTWJnVvAVpMS9luhEJjt+Sbk5TNLArsgzzwARgaTKOLMT1TvWAK5EbHyI+eSrc3s7Awe1VYGwcubRFWDm16eQLv0k7iqiw+4mweHSz/wWyvBJVgwLoQ02btVtAQErCfSJCOmt0Q/oJQjj08YNRV4EKzB19+f5A+HQVAKy72dSybTzAK+3FPtTtNen/+b5wGeat7c32dhYHnGorPkPeXLtsqqUTp1su5fMfd4lElNdZaoCI7osZxWWUo17vBCZnyeXc9fk0qwD9mK6yRAxNbrY72Xx5VqIqwIDAQAB', 'http://api.auauz.net/api/aliPay/return', 'RSA2', '2088102176044281');

-- ----------------------------
-- Table structure for apm_express
-- ----------------------------
DROP TABLE IF EXISTS `apm_express`;
CREATE TABLE `apm_express`  (
  `id` mediumint(8) UNSIGNED NOT NULL AUTO_INCREMENT COMMENT '快递公司id',
  `code` varchar(50) CHARACTER SET utf8 COLLATE utf8_general_ci NOT NULL DEFAULT '' COMMENT '快递公司简称',
  `name` varchar(50) CHARACTER SET utf8 COLLATE utf8_general_ci NOT NULL DEFAULT '' COMMENT '快递公司全称',
  `sort` int(11) NOT NULL DEFAULT 0 COMMENT '排序',
  `is_show` tinyint(1) NOT NULL DEFAULT 0 COMMENT '是否显示',
  PRIMARY KEY (`id`) USING BTREE,
  INDEX `is_show`(`is_show`) USING BTREE
) ENGINE = InnoDB AUTO_INCREMENT = 432 CHARACTER SET = utf8mb4 COLLATE = utf8mb4_general_ci COMMENT = '快递公司表' ROW_FORMAT = Dynamic;

-- ----------------------------
-- Records of apm_express
-- ----------------------------
INSERT INTO `apm_express` VALUES (426, 'STO', '申通快递', 0, 0);
INSERT INTO `apm_express` VALUES (427, 'SF', '顺丰速运', 0, 0);
INSERT INTO `apm_express` VALUES (428, 'ZTO', '中通快递', 0, 0);
INSERT INTO `apm_express` VALUES (429, 'YTO', '圆通速递2', 0, 0);
INSERT INTO `apm_express` VALUES (430, '555', '555555', 0, 0);
INSERT INTO `apm_express` VALUES (431, '555', '5555', 0, 0);

-- ----------------------------
-- Table structure for apm_material
-- ----------------------------
DROP TABLE IF EXISTS `apm_material`;
CREATE TABLE `apm_material`  (
  `id` varchar(32) CHARACTER SET utf8mb4 COLLATE utf8mb4_bin NOT NULL COMMENT 'PK',
  `del_flag` char(2) CHARACTER SET utf8mb4 COLLATE utf8mb4_bin NOT NULL DEFAULT '0' COMMENT '逻辑删除标记（0：显示；1：隐藏）',
  `create_time` datetime(0) NOT NULL DEFAULT CURRENT_TIMESTAMP(0) COMMENT '创建时间',
  `create_id` varchar(100) CHARACTER SET utf8 COLLATE utf8_general_ci NULL DEFAULT NULL COMMENT '创建者ID',
  `type` char(2) CHARACTER SET utf8mb4 COLLATE utf8mb4_bin NOT NULL COMMENT '类型1、图片；2、视频',
  `group_id` varchar(32) CHARACTER SET utf8mb4 COLLATE utf8mb4_bin NULL DEFAULT NULL COMMENT '分组ID',
  `name` varchar(200) CHARACTER SET utf8mb4 COLLATE utf8mb4_bin NOT NULL COMMENT '素材名',
  `url` varchar(500) CHARACTER SET utf8mb4 COLLATE utf8mb4_bin NULL DEFAULT '' COMMENT '素材链接',
  PRIMARY KEY (`id`) USING BTREE
) ENGINE = InnoDB CHARACTER SET = utf8mb4 COLLATE = utf8mb4_bin COMMENT = '素材库' ROW_FORMAT = Dynamic;

-- ----------------------------
-- Table structure for apm_material_group
-- ----------------------------
DROP TABLE IF EXISTS `apm_material_group`;
CREATE TABLE `apm_material_group`  (
  `id` varchar(32) CHARACTER SET utf8mb4 COLLATE utf8mb4_bin NOT NULL COMMENT 'PK',
  `del_flag` char(2) CHARACTER SET utf8mb4 COLLATE utf8mb4_bin NOT NULL DEFAULT '0' COMMENT '逻辑删除标记（0：显示；1：隐藏）',
  `create_time` datetime(0) NOT NULL DEFAULT CURRENT_TIMESTAMP(0) COMMENT '创建时间',
  `create_id` varchar(32) CHARACTER SET utf8 COLLATE utf8_general_ci NULL DEFAULT NULL COMMENT '创建者ID',
  `name` varchar(200) CHARACTER SET utf8mb4 COLLATE utf8mb4_bin NOT NULL COMMENT '分组名',
  PRIMARY KEY (`id`) USING BTREE
) ENGINE = InnoDB CHARACTER SET = utf8mb4 COLLATE = utf8mb4_bin COMMENT = '素材分组' ROW_FORMAT = Dynamic;

-- ----------------------------
-- Table structure for apm_store_cart
-- ----------------------------
DROP TABLE IF EXISTS `apm_store_cart`;
CREATE TABLE `apm_store_cart`  (
  `id` bigint(20) UNSIGNED NOT NULL AUTO_INCREMENT COMMENT '购物车表ID',
  `user_id` int(10) UNSIGNED NOT NULL COMMENT '用户ID',
  `type` varchar(32) CHARACTER SET utf8 COLLATE utf8_general_ci NULL DEFAULT NULL COMMENT '类型',
  `product_id` int(10) UNSIGNED NOT NULL COMMENT '商品ID',
  `product_attr_unique` varchar(50) CHARACTER SET utf8 COLLATE utf8_general_ci NOT NULL DEFAULT '' COMMENT '商品属性',
  `cart_num` int(10) UNSIGNED NOT NULL DEFAULT 0 COMMENT '商品数量',
  `create_time` datetime(0) NOT NULL DEFAULT CURRENT_TIMESTAMP(0) COMMENT '创建时间',
  `is_pay` tinyint(1) NOT NULL DEFAULT 0 COMMENT '购物车(0=未购买 1=已购买)',
  `is_del` tinyint(1) NOT NULL DEFAULT 0 COMMENT '是否删除(0=存在 1=已删除)',
  `is_new` tinyint(1) NOT NULL DEFAULT 0 COMMENT '是否为立即购买(0=不是 1=立即)',
  PRIMARY KEY (`id`) USING BTREE,
  INDEX `user_id`(`user_id`) USING BTREE,
  INDEX `goods_id`(`product_id`) USING BTREE,
  INDEX `uid`(`user_id`, `is_pay`) USING BTREE,
  INDEX `uid_2`(`user_id`, `is_del`) USING BTREE,
  INDEX `uid_3`(`user_id`, `is_new`) USING BTREE,
  INDEX `type`(`type`) USING BTREE
) ENGINE = InnoDB AUTO_INCREMENT = 1 CHARACTER SET = utf8mb4 COLLATE = utf8mb4_general_ci COMMENT = '购物车表' ROW_FORMAT = Dynamic;

-- ----------------------------
-- Table structure for apm_store_category
-- ----------------------------
DROP TABLE IF EXISTS `apm_store_category`;
CREATE TABLE `apm_store_category`  (
  `id` mediumint(9) NOT NULL AUTO_INCREMENT COMMENT '商品分类表ID',
  `pid` mediumint(9) NOT NULL COMMENT '父id',
  `cate_name` varchar(100) CHARACTER SET utf8 COLLATE utf8_general_ci NOT NULL COMMENT '分类名称',
  `sort` mediumint(9) NULL DEFAULT NULL COMMENT '排序',
  `pic` varchar(128) CHARACTER SET utf8 COLLATE utf8_general_ci NULL DEFAULT '' COMMENT '图标',
  `is_show` tinyint(1) NULL DEFAULT 1 COMMENT '是否推荐',
  `add_time` datetime(0) NOT NULL DEFAULT CURRENT_TIMESTAMP(0) COMMENT '创建时间',
  `is_del` tinyint(3) UNSIGNED NULL DEFAULT 0 COMMENT '删除状态',
  PRIMARY KEY (`id`) USING BTREE,
  INDEX `pid`(`pid`) USING BTREE,
  INDEX `is_base`(`is_show`) USING BTREE,
  INDEX `sort`(`sort`) USING BTREE,
  INDEX `add_time`(`add_time`) USING BTREE
) ENGINE = InnoDB AUTO_INCREMENT = 6 CHARACTER SET = utf8mb4 COLLATE = utf8mb4_general_ci COMMENT = '商品分类表' ROW_FORMAT = Dynamic;

-- ----------------------------
-- Records of apm_store_category
-- ----------------------------
INSERT INTO `apm_store_category` VALUES (1, 0, '分类一', NULL, '', 1, '2020-10-09 02:43:13', 0);
INSERT INTO `apm_store_category` VALUES (2, 1, '图书', NULL, '', 1, '2020-10-09 02:43:36', 0);
INSERT INTO `apm_store_category` VALUES (3, 1, '影像', NULL, '', 1, '2020-10-09 02:43:51', 0);
INSERT INTO `apm_store_category` VALUES (4, 0, '分类二', NULL, '', 1, '2020-10-09 02:44:00', 0);
INSERT INTO `apm_store_category` VALUES (5, 4, '服饰', NULL, '', 1, '2020-10-09 02:44:12', 0);

-- ----------------------------
-- Table structure for apm_store_coupon
-- ----------------------------
DROP TABLE IF EXISTS `apm_store_coupon`;
CREATE TABLE `apm_store_coupon`  (
  `id` int(10) UNSIGNED NOT NULL AUTO_INCREMENT COMMENT '优惠券表ID',
  `title` varchar(64) CHARACTER SET utf8 COLLATE utf8_general_ci NOT NULL COMMENT '优惠券名称',
  `integral` int(10) UNSIGNED NOT NULL DEFAULT 0 COMMENT '兑换消耗积分值',
  `coupon_price` decimal(8, 2) UNSIGNED NOT NULL DEFAULT 0.00 COMMENT '兑换的优惠券面值',
  `use_min_price` decimal(8, 2) UNSIGNED NOT NULL DEFAULT 0.00 COMMENT '最低消费多少金额可用优惠券',
  `coupon_time` int(10) UNSIGNED NOT NULL DEFAULT 0 COMMENT '优惠券有效期限（单位：天）',
  `sort` int(10) UNSIGNED NOT NULL DEFAULT 1 COMMENT '排序',
  `status` tinyint(3) UNSIGNED NOT NULL DEFAULT 0 COMMENT '状态（0：关闭，1：开启）',
  `create_time` datetime(0) NOT NULL DEFAULT CURRENT_TIMESTAMP(0) COMMENT '兑换项目添加时间',
  `is_del` tinyint(3) UNSIGNED NOT NULL DEFAULT 0 COMMENT '是否删除',
  PRIMARY KEY (`id`) USING BTREE,
  INDEX `state`(`status`) USING BTREE,
  INDEX `add_time`(`create_time`) USING BTREE,
  INDEX `coupon_time`(`coupon_time`) USING BTREE,
  INDEX `is_del`(`is_del`) USING BTREE
) ENGINE = InnoDB AUTO_INCREMENT = 1 CHARACTER SET = utf8mb4 COLLATE = utf8mb4_general_ci COMMENT = '优惠券表' ROW_FORMAT = Dynamic;

-- ----------------------------
-- Table structure for apm_store_coupon_issue
-- ----------------------------
DROP TABLE IF EXISTS `apm_store_coupon_issue`;
CREATE TABLE `apm_store_coupon_issue`  (
  `id` int(10) UNSIGNED NOT NULL AUTO_INCREMENT,
  `cname` varchar(50) CHARACTER SET utf8 COLLATE utf8_general_ci NULL DEFAULT '',
  `coupon_id` int(11) NULL DEFAULT NULL COMMENT '优惠券ID',
  `start_time` int(11) NULL DEFAULT NULL COMMENT '优惠券领取开启时间',
  `end_time` int(11) NULL DEFAULT NULL COMMENT '优惠券领取结束时间',
  `total_count` int(11) NULL DEFAULT NULL COMMENT '优惠券领取数量',
  `remain_count` int(11) NULL DEFAULT NULL COMMENT '优惠券剩余领取数量',
  `is_permanent` tinyint(1) NOT NULL DEFAULT 0 COMMENT '是否无限张数',
  `status` tinyint(1) NOT NULL DEFAULT 1 COMMENT '1 正常 0 未开启 -1 已无效',
  `is_del` tinyint(3) UNSIGNED NOT NULL DEFAULT 0,
  `create_time` datetime(0) NOT NULL COMMENT '优惠券添加时间',
  `end_time_date` datetime(0) NOT NULL,
  `start_time_date` datetime(0) NOT NULL,
  PRIMARY KEY (`id`) USING BTREE,
  INDEX `cid`(`coupon_id`) USING BTREE,
  INDEX `start_time`(`start_time`, `end_time`) USING BTREE,
  INDEX `remain_count`(`remain_count`) USING BTREE,
  INDEX `status`(`status`) USING BTREE,
  INDEX `is_del`(`is_del`) USING BTREE
) ENGINE = InnoDB AUTO_INCREMENT = 1 CHARACTER SET = utf8mb4 COLLATE = utf8mb4_general_ci COMMENT = '优惠券前台领取表' ROW_FORMAT = Dynamic;

-- ----------------------------
-- Table structure for apm_store_coupon_issue_user
-- ----------------------------
DROP TABLE IF EXISTS `apm_store_coupon_issue_user`;
CREATE TABLE `apm_store_coupon_issue_user`  (
  `id` int(10) UNSIGNED NOT NULL AUTO_INCREMENT,
  `user_id` int(11) NULL DEFAULT NULL COMMENT '领取优惠券用户ID',
  `issue_coupon_id` int(11) NULL DEFAULT NULL COMMENT '优惠券前台领取ID',
  `create_time` datetime(0) NOT NULL DEFAULT CURRENT_TIMESTAMP(0) COMMENT '领取时间',
  PRIMARY KEY (`id`) USING BTREE,
  UNIQUE INDEX `uid`(`user_id`, `issue_coupon_id`) USING BTREE
) ENGINE = InnoDB AUTO_INCREMENT = 1 CHARACTER SET = utf8mb4 COLLATE = utf8mb4_general_ci COMMENT = '优惠券前台用户领取记录表' ROW_FORMAT = Dynamic;

-- ----------------------------
-- Table structure for apm_store_coupon_user
-- ----------------------------
DROP TABLE IF EXISTS `apm_store_coupon_user`;
CREATE TABLE `apm_store_coupon_user`  (
  `id` int(11) NOT NULL AUTO_INCREMENT COMMENT '优惠券发放记录id',
  `cid` int(10) UNSIGNED NOT NULL DEFAULT 0 COMMENT '兑换的项目id',
  `uid` int(10) UNSIGNED NOT NULL DEFAULT 0 COMMENT '优惠券所属用户',
  `coupon_title` varchar(32) CHARACTER SET utf8 COLLATE utf8_general_ci NOT NULL COMMENT '优惠券名称',
  `coupon_price` decimal(8, 2) UNSIGNED NOT NULL DEFAULT 0.00 COMMENT '优惠券的面值',
  `use_min_price` decimal(8, 2) UNSIGNED NOT NULL DEFAULT 0.00 COMMENT '最低消费多少金额可用优惠券',
  `create_time` datetime(0) NOT NULL COMMENT '优惠券创建时间',
  `expire_time` datetime(0) NOT NULL COMMENT '优惠券结束时间',
  `use_time` datetime(0) NOT NULL DEFAULT CURRENT_TIMESTAMP(0) COMMENT '使用时间',
  `type` varchar(32) CHARACTER SET utf8 COLLATE utf8_general_ci NOT NULL DEFAULT 'send' COMMENT '获取方式',
  `status` tinyint(1) NOT NULL DEFAULT 0 COMMENT '状态（0：未使用，1：已使用, 2:已过期）',
  `is_fail` tinyint(3) UNSIGNED NOT NULL DEFAULT 0 COMMENT '是否有效',
  PRIMARY KEY (`id`) USING BTREE,
  INDEX `cid`(`cid`) USING BTREE,
  INDEX `uid`(`uid`) USING BTREE,
  INDEX `add_time`(`create_time`) USING BTREE,
  INDEX `end_time`(`expire_time`) USING BTREE,
  INDEX `status`(`status`) USING BTREE,
  INDEX `is_fail`(`is_fail`) USING BTREE
) ENGINE = InnoDB AUTO_INCREMENT = 1 CHARACTER SET = utf8mb4 COLLATE = utf8mb4_general_ci COMMENT = '优惠券发放记录表' ROW_FORMAT = Dynamic;

-- ----------------------------
-- Table structure for apm_store_order
-- ----------------------------
DROP TABLE IF EXISTS `apm_store_order`;
CREATE TABLE `apm_store_order`  (
  `id` int(10) UNSIGNED NOT NULL AUTO_INCREMENT COMMENT '订单ID',
  `order_id` varchar(32) CHARACTER SET utf8 COLLATE utf8_general_ci NOT NULL COMMENT '订单号',
  `extend_order_id` varchar(32) CHARACTER SET utf8 COLLATE utf8_general_ci NULL DEFAULT NULL COMMENT '额外订单号',
  `user_id` int(10) UNSIGNED NULL DEFAULT NULL COMMENT '用户id',
  `cart_id` varchar(255) CHARACTER SET utf8 COLLATE utf8_general_ci NULL DEFAULT NULL COMMENT '购物车id',
  `real_name` varchar(32) CHARACTER SET utf8 COLLATE utf8_general_ci NULL DEFAULT NULL COMMENT '用户姓名',
  `user_phone` varchar(18) CHARACTER SET utf8 COLLATE utf8_general_ci NULL DEFAULT NULL COMMENT '用户电话',
  `user_address` varchar(100) CHARACTER SET utf8 COLLATE utf8_general_ci NULL DEFAULT NULL COMMENT '详细地址',
  `freight_price` decimal(8, 2) NULL DEFAULT 0.00 COMMENT '运费金额',
  `total_num` int(10) UNSIGNED NULL DEFAULT 0 COMMENT '订单商品总数',
  `total_price` decimal(8, 2) UNSIGNED NULL DEFAULT 0.00 COMMENT '订单总价',
  `total_postage` decimal(8, 2) UNSIGNED NULL DEFAULT 0.00 COMMENT '邮费',
  `pay_price` decimal(8, 2) UNSIGNED NULL DEFAULT 0.00 COMMENT '实际支付金额',
  `pay_postage` decimal(8, 2) UNSIGNED NULL DEFAULT 0.00 COMMENT '支付邮费',
  `deduction_price` decimal(8, 2) UNSIGNED NULL DEFAULT 0.00 COMMENT '抵扣金额',
  `coupon_id` int(10) UNSIGNED NULL DEFAULT 0 COMMENT '优惠券id',
  `coupon_price` decimal(8, 2) UNSIGNED NULL DEFAULT 0.00 COMMENT '优惠券金额',
  `paid` int(3) UNSIGNED NULL DEFAULT 0 COMMENT '支付状态（0已支付 1未支付）',
  `pay_time` datetime(0) NULL DEFAULT NULL COMMENT '支付时间',
  `pay_type` varchar(32) CHARACTER SET utf8 COLLATE utf8_general_ci NULL DEFAULT NULL COMMENT '支付方式',
  `add_time` datetime(0) NULL DEFAULT NULL COMMENT '创建时间',
  `status` tinyint(1) NULL DEFAULT 0 COMMENT '订单状态（-1申请退款 -2退货成功 0待发货 1待收货 2已收货 3待评价）',
  `refund_status` tinyint(3) UNSIGNED NOT NULL DEFAULT 0 COMMENT '退货状态（0 未退款 1 申请中 2 已退款）',
  `refund_reason_wap_img` varchar(255) CHARACTER SET utf8 COLLATE utf8_general_ci NULL DEFAULT NULL COMMENT '退款图片',
  `refund_reason_wap_explain` varchar(255) CHARACTER SET utf8 COLLATE utf8_general_ci NULL DEFAULT NULL COMMENT '退款用户说明',
  `refund_reason_time` datetime(0) NULL DEFAULT NULL COMMENT '退款时间',
  `refund_reason_wap` varchar(255) CHARACTER SET utf8 COLLATE utf8_general_ci NULL DEFAULT NULL COMMENT '前台退款原因',
  `refund_reason` varchar(255) CHARACTER SET utf8 COLLATE utf8_general_ci NULL DEFAULT NULL COMMENT '不退款的理由',
  `refund_price` decimal(8, 2) UNSIGNED NULL DEFAULT 0.00 COMMENT '退款金额',
  `delivery_sn` varchar(100) CHARACTER SET utf8 COLLATE utf8_general_ci NULL DEFAULT '' COMMENT '快递公司编号',
  `delivery_name` varchar(64) CHARACTER SET utf8 COLLATE utf8_general_ci NULL DEFAULT NULL COMMENT '快递名称/送货人姓名',
  `delivery_type` varchar(32) CHARACTER SET utf8 COLLATE utf8_general_ci NULL DEFAULT NULL COMMENT '发货类型',
  `delivery_id` varchar(64) CHARACTER SET utf8 COLLATE utf8_general_ci NULL DEFAULT NULL COMMENT '快递单号/手机号',
  `gain_integral` decimal(8, 2) UNSIGNED NULL DEFAULT 0.00 COMMENT '消费赚取积分',
  `use_integral` decimal(8, 2) UNSIGNED NULL DEFAULT 0.00 COMMENT '使用积分',
  `back_integral` decimal(8, 2) UNSIGNED NULL DEFAULT NULL COMMENT '给用户退了多少积分',
  `mark` varchar(512) CHARACTER SET utf8 COLLATE utf8_general_ci NULL DEFAULT NULL COMMENT '备注',
  `is_del` int(1) UNSIGNED NULL DEFAULT 0 COMMENT '是否删除（0存在 1已删除）',
  `remark` varchar(512) CHARACTER SET utf8 COLLATE utf8_general_ci NULL DEFAULT NULL COMMENT '管理员备注',
  `is_mer_check` int(3) UNSIGNED NULL DEFAULT 0,
  `cost` decimal(8, 2) UNSIGNED NULL DEFAULT NULL COMMENT '成本价',
  `verify_code` varchar(50) CHARACTER SET utf8 COLLATE utf8_general_ci NULL DEFAULT '' COMMENT '核销码',
  `store_id` int(11) NULL DEFAULT 0 COMMENT '门店id',
  `shipping_type` int(1) NULL DEFAULT 1 COMMENT '配送方式 1=快递 ，2=门店自提',
  `is_channel` int(3) UNSIGNED NULL DEFAULT 0 COMMENT '支付渠道(0微信公众号 1微信小程序)',
  `is_remind` int(3) UNSIGNED NULL DEFAULT 0,
  `is_system_del` int(1) NULL DEFAULT 0,
  PRIMARY KEY (`id`) USING BTREE,
  UNIQUE INDEX `order_id_2`(`order_id`, `user_id`) USING BTREE,
  INDEX `uid`(`user_id`) USING BTREE,
  INDEX `add_time`(`add_time`) USING BTREE,
  INDEX `pay_price`(`pay_price`) USING BTREE,
  INDEX `paid`(`paid`) USING BTREE,
  INDEX `pay_time`(`pay_time`) USING BTREE,
  INDEX `pay_type`(`pay_type`) USING BTREE,
  INDEX `status`(`status`) USING BTREE,
  INDEX `is_del`(`is_del`) USING BTREE,
  INDEX `coupon_id`(`coupon_id`) USING BTREE
) ENGINE = InnoDB AUTO_INCREMENT = 1017 CHARACTER SET = utf8mb4 COLLATE = utf8mb4_general_ci COMMENT = '订单表' ROW_FORMAT = Dynamic;

-- ----------------------------
-- Records of apm_store_order
-- ----------------------------
INSERT INTO `apm_store_order` VALUES (1001, '1001', '1002', 1, '2', 'admin', '17852674856', '山东', 18.00, 1, 55.00, 20.00, 18.00, 55.00, 123.00, 1003, 0.00, 0, '2020-10-07 09:16:51', NULL, '2020-10-07 09:07:52', -2, 0, NULL, NULL, NULL, '不要了', NULL, 1000.00, '1001', NULL, NULL, '1001', 0.00, 0.00, NULL, '无', 0, '好的', 0, NULL, '', 0, 1, 0, 0, 0);
INSERT INTO `apm_store_order` VALUES (1002, '1002', '1001', 1, '3', 'admin', '17852674856', '山东', 18.00, 1, 55.00, 20.00, 18.00, 55.00, 123.00, 1005, 0.00, 1, '2020-10-07 09:16:55', NULL, NULL, 2, 1, NULL, NULL, NULL, NULL, NULL, 0.00, '', NULL, NULL, NULL, 0.00, 0.00, NULL, NULL, 0, NULL, 0, NULL, '', 0, 1, 0, 0, 0);
INSERT INTO `apm_store_order` VALUES (1003, '1003', '1002', 1, '4', 'admin', '17852674856', '山东', 18.00, 1, 55.00, 20.00, 18.00, 55.00, 123.00, 1003, 0.00, 0, '2020-10-07 09:16:51', NULL, '2020-10-07 09:07:52', 0, 2, NULL, NULL, NULL, '不要了', NULL, 1000.00, '1001', NULL, NULL, NULL, 0.00, 0.00, NULL, NULL, 0, NULL, 0, NULL, '', 0, 1, 0, 0, 0);
INSERT INTO `apm_store_order` VALUES (1004, '1004', NULL, 1, '5', 'admin', '17852674856', '山东', 8.00, 1, 55.00, 20.00, 18.00, 55.00, 123.00, 1003, 0.00, 0, '2020-10-10 19:28:57', NULL, NULL, -2, 0, NULL, NULL, NULL, NULL, NULL, 0.00, '', NULL, NULL, NULL, 0.00, 0.00, NULL, NULL, 0, NULL, 0, NULL, '', 0, 1, 0, 0, 0);
INSERT INTO `apm_store_order` VALUES (1005, '1005', '1003', 1, '2', 'admin', '17852674856', '山东', 18.00, 1, 55.00, 20.00, 18.00, 55.00, 123.00, 1003, 0.00, 1, '2020-10-11 20:23:22', NULL, '2020-10-11 20:23:26', -2, 1, NULL, NULL, NULL, NULL, NULL, 1000.00, '1001', NULL, NULL, NULL, 0.00, 0.00, NULL, NULL, 0, NULL, 0, NULL, '', 0, 1, 0, 0, 0);
INSERT INTO `apm_store_order` VALUES (1006, '1006', '1004', 1, '3', 'admin', '17852674856', '山东', 15.00, 1, 54.00, 20.00, 18.00, 54.00, 123.00, 1003, 0.00, 0, '2020-10-11 20:26:42', NULL, '2020-10-12 20:26:51', -1, 0, NULL, NULL, NULL, NULL, NULL, 0.00, '', NULL, NULL, NULL, 0.00, 0.00, NULL, NULL, 0, NULL, 0, NULL, '', 0, 1, 0, 0, 0);
INSERT INTO `apm_store_order` VALUES (1007, '1007', '1005', 1, '2', 'admin', '17852674856', '山东', 20.00, 1, 66.00, 20.00, 18.00, 66.00, 123.00, 1003, 0.00, 0, '2020-10-11 20:33:44', NULL, NULL, 0, 0, NULL, NULL, NULL, NULL, NULL, 0.00, '', NULL, NULL, NULL, 0.00, 0.00, NULL, NULL, 0, NULL, 0, NULL, '', 0, 1, 0, 0, 0);
INSERT INTO `apm_store_order` VALUES (1008, '1008', '1006', 1, '6', 'admin', '17852674856', '山东', 21.00, 0, 77.00, 20.00, 18.00, 77.00, 123.00, 1003, 0.00, 0, '2020-10-01 20:36:12', NULL, '2020-10-10 20:36:20', 1, 1, NULL, NULL, NULL, NULL, NULL, 0.00, '', NULL, NULL, NULL, 0.00, 0.00, NULL, NULL, 0, NULL, 0, NULL, '', 0, 1, 0, 0, 0);
INSERT INTO `apm_store_order` VALUES (1009, '1009', '1007', 1, '7', 'admin', '17852674856', '山东', 22.00, 1, 88.00, 20.00, 18.00, 88.00, 123.00, 1003, 0.00, 0, '2020-10-02 20:37:20', NULL, NULL, 2, 0, NULL, NULL, NULL, NULL, NULL, 0.00, '', NULL, NULL, NULL, 0.00, 0.00, NULL, NULL, 0, NULL, 0, NULL, '', 0, 1, 0, 0, 0);
INSERT INTO `apm_store_order` VALUES (1010, '1010', '1008', 1, '6', 'admin', ' 17852674856', '山东', 22.00, 0, 99.00, 20.00, 19.00, 99.00, 123.00, 1003, 0.00, 0, '2020-10-03 20:38:22', NULL, NULL, -2, 0, NULL, NULL, NULL, NULL, NULL, 0.00, '', NULL, NULL, NULL, 0.00, 0.00, NULL, NULL, 0, NULL, 0, NULL, '', 0, 1, 0, 0, 0);
INSERT INTO `apm_store_order` VALUES (1011, '1011', '1009', 1, '8', 'admin', '17852674856', '山东', 22.00, 0, 78.00, 20.00, 19.00, 87.00, 123.00, 1003, 0.00, 0, '2020-10-07 20:39:24', NULL, NULL, -1, 0, NULL, NULL, NULL, NULL, NULL, 0.00, '', NULL, NULL, NULL, 0.00, 0.00, NULL, NULL, 0, NULL, 0, NULL, '', 0, 1, 0, 0, 0);
INSERT INTO `apm_store_order` VALUES (1012, '1012', '1010', 1, '5', 'admin', '17852674856', '山东', 22.00, 0, 98.00, 20.00, 18.00, 65.00, 123.00, 1003, 0.00, 0, '2020-10-08 20:40:19', NULL, NULL, 0, 0, NULL, NULL, NULL, NULL, NULL, 0.00, '', NULL, NULL, NULL, 0.00, 0.00, NULL, NULL, 0, NULL, 0, NULL, '', 0, 1, 0, 0, 0);
INSERT INTO `apm_store_order` VALUES (1013, '1013', '1011', 1, '3', 'admin', '17852674856', '山东', 22.00, 0, 24.00, 20.00, 18.00, 24.00, 123.00, 1003, 0.00, 0, '2020-10-05 20:41:02', NULL, NULL, 1, 0, NULL, NULL, NULL, NULL, NULL, 0.00, '', NULL, NULL, NULL, 0.00, 0.00, NULL, NULL, 0, NULL, 0, NULL, '', 0, 1, 0, 0, 0);
INSERT INTO `apm_store_order` VALUES (1014, '1014', '1012', 1, '2', 'admin', '17852674856', '山东', 22.00, 0, 65.00, 20.00, 18.00, 57.00, 123.00, 1003, 0.00, 0, '2020-10-09 20:41:52', NULL, NULL, 2, 0, NULL, NULL, NULL, NULL, NULL, 0.00, '', NULL, NULL, NULL, 0.00, 0.00, NULL, NULL, 0, NULL, 0, NULL, '', 0, 1, 0, 0, 0);
INSERT INTO `apm_store_order` VALUES (1015, '1015', '1013', 1, '4', 'admin', '17852674856', '山东', 22.00, 0, 77.00, 20.00, 27.00, 77.00, 123.00, 1003, 0.00, 0, '2020-10-12 14:48:14', NULL, NULL, 3, 0, NULL, NULL, NULL, NULL, NULL, 0.00, '', NULL, NULL, NULL, 0.00, 0.00, NULL, NULL, 0, NULL, 0, NULL, '', 0, 1, 0, 0, 0);
INSERT INTO `apm_store_order` VALUES (1016, '10146', '1014', 1, '3', 'admin', '17852674856', '山东', 22.00, 0, 78.00, 20.00, 87.00, 32.00, 123.00, 1003, 0.00, 0, '2020-10-11 14:49:00', NULL, NULL, 4, 0, NULL, NULL, NULL, NULL, NULL, 0.00, '', NULL, NULL, NULL, 0.00, 0.00, NULL, NULL, 1, NULL, 0, NULL, '', 0, 1, 0, 0, 0);

-- ----------------------------
-- Table structure for apm_store_order_cart_info
-- ----------------------------
DROP TABLE IF EXISTS `apm_store_order_cart_info`;
CREATE TABLE `apm_store_order_cart_info`  (
  `id` int(10) UNSIGNED NOT NULL AUTO_INCREMENT,
  `order_id` int(10) UNSIGNED NOT NULL COMMENT '订单id',
  `cart_id` int(10) UNSIGNED NOT NULL DEFAULT 0 COMMENT '购物车id',
  `product_id` int(10) UNSIGNED NOT NULL DEFAULT 0 COMMENT '商品ID',
  `cart_info` text CHARACTER SET utf8 COLLATE utf8_general_ci NOT NULL COMMENT '购买东西的详细信息',
  `unique` varchar(255) CHARACTER SET utf8mb4 COLLATE utf8mb4_general_ci NULL DEFAULT NULL COMMENT '数量',
  PRIMARY KEY (`id`) USING BTREE,
  UNIQUE INDEX `order_id`(`order_id`) USING BTREE,
  INDEX `cart_id`(`cart_id`) USING BTREE,
  INDEX `product_id`(`product_id`) USING BTREE
) ENGINE = InnoDB AUTO_INCREMENT = 17 CHARACTER SET = utf8mb4 COLLATE = utf8mb4_general_ci COMMENT = '订单购物详情表' ROW_FORMAT = Dynamic;

-- ----------------------------
-- Records of apm_store_order_cart_info
-- ----------------------------
INSERT INTO `apm_store_order_cart_info` VALUES (1, 1001, 1001, 2, '{\"product\":{\"name\":\"测试商品1\",\"totalNum\":2,\"price\":0.5,\"pic\":\"https://image.dayouqiantu.cn/5ca04fa9c08ef.jpg\",\"detail\":{\"颜色\":\"白色\",\"纸张\":\"A3\"}}}', NULL);
INSERT INTO `apm_store_order_cart_info` VALUES (2, 1002, 1002, 3, '{\"product\":{\"name\":\"测试商品1\",\"totalNum\":2,\"price\":0.5,\"pic\":\"https://image.dayouqiantu.cn/5ca04fa9c08ef.jpg\",\"detail\":{\"颜色\":\"白色\",\"纸张\":\"A3\"}}}', NULL);
INSERT INTO `apm_store_order_cart_info` VALUES (3, 1003, 1003, 4, '{\"product\":{\"name\":\"测试商品1\",\"totalNum\":2,\"price\":0.5,\"pic\":\"https://image.dayouqiantu.cn/5ca04fa9c08ef.jpg\",\"detail\":{\"颜色\":\"白色\",\"纸张\":\"A3\"}}}', NULL);
INSERT INTO `apm_store_order_cart_info` VALUES (4, 1004, 1004, 5, '{\"product\":{\"name\":\"测试商品1\",\"totalNum\":2,\"price\":0.5,\"pic\":\"https://image.dayouqiantu.cn/5ca04fa9c08ef.jpg\",\"detail\":{\"颜色\":\"白色\",\"纸张\":\"A3\"}}}', NULL);
INSERT INTO `apm_store_order_cart_info` VALUES (5, 1005, 1005, 6, '{\"product\":{\"name\":\"测试商品1\",\"totalNum\":2,\"price\":0.5,\"pic\":\"https://image.dayouqiantu.cn/5ca04fa9c08ef.jpg\",\"detail\":{\"颜色\":\"白色\",\"纸张\":\"A3\"}}}', NULL);
INSERT INTO `apm_store_order_cart_info` VALUES (6, 1006, 1006, 7, '{\"product\":{\"name\":\"测试商品1\",\"totalNum\":2,\"price\":0.5,\"pic\":\"https://image.dayouqiantu.cn/5ca04fa9c08ef.jpg\",\"detail\":{\"颜色\":\"白色\",\"纸张\":\"A3\"}}}', NULL);
INSERT INTO `apm_store_order_cart_info` VALUES (7, 1007, 1007, 3, '{\"product\":{\"name\":\"测试商品1\",\"totalNum\":2,\"price\":0.5,\"pic\":\"https://image.dayouqiantu.cn/5ca04fa9c08ef.jpg\",\"detail\":{\"颜色\":\"白色\",\"纸张\":\"A3\"}}}', NULL);
INSERT INTO `apm_store_order_cart_info` VALUES (8, 1008, 1008, 4, '{\"product\":{\"name\":\"测试商品1\",\"totalNum\":2,\"price\":0.5,\"pic\":\"https://image.dayouqiantu.cn/5ca04fa9c08ef.jpg\",\"detail\":{\"颜色\":\"白色\",\"纸张\":\"A3\"}}}', NULL);
INSERT INTO `apm_store_order_cart_info` VALUES (9, 1009, 1009, 5, '{\"product\":{\"name\":\"测试商品1\",\"totalNum\":2,\"price\":0.5,\"pic\":\"https://image.dayouqiantu.cn/5ca04fa9c08ef.jpg\",\"detail\":{\"颜色\":\"白色\",\"纸张\":\"A3\"}}}', NULL);
INSERT INTO `apm_store_order_cart_info` VALUES (10, 1010, 1010, 6, '{\"product\":{\"name\":\"测试商品1\",\"totalNum\":2,\"price\":0.5,\"pic\":\"https://image.dayouqiantu.cn/5ca04fa9c08ef.jpg\",\"detail\":{\"颜色\":\"白色\",\"纸张\":\"A3\"}}}', NULL);
INSERT INTO `apm_store_order_cart_info` VALUES (11, 1011, 1011, 7, '{\"product\":{\"name\":\"测试商品1\",\"totalNum\":2,\"price\":0.5,\"pic\":\"https://image.dayouqiantu.cn/5ca04fa9c08ef.jpg\",\"detail\":{\"颜色\":\"白色\",\"纸张\":\"A3\"}}}', NULL);
INSERT INTO `apm_store_order_cart_info` VALUES (12, 1012, 1012, 3, '{\"product\":{\"name\":\"测试商品1\",\"totalNum\":2,\"price\":0.5,\"pic\":\"https://image.dayouqiantu.cn/5ca04fa9c08ef.jpg\",\"detail\":{\"颜色\":\"白色\",\"纸张\":\"A3\"}}}', NULL);
INSERT INTO `apm_store_order_cart_info` VALUES (13, 1013, 1013, 2, '{\"product\":{\"name\":\"测试商品1\",\"totalNum\":2,\"price\":0.5,\"pic\":\"https://image.dayouqiantu.cn/5ca04fa9c08ef.jpg\",\"detail\":{\"颜色\":\"白色\",\"纸张\":\"A3\"}}}', NULL);
INSERT INTO `apm_store_order_cart_info` VALUES (14, 1014, 1014, 3, '{\"product\":{\"name\":\"测试商品1\",\"totalNum\":2,\"price\":0.5,\"pic\":\"https://image.dayouqiantu.cn/5ca04fa9c08ef.jpg\",\"detail\":{\"颜色\":\"白色\",\"纸张\":\"A3\"}}}', NULL);
INSERT INTO `apm_store_order_cart_info` VALUES (15, 1015, 1015, 4, '{\"product\":{\"name\":\"测试商品1\",\"totalNum\":2,\"price\":0.5,\"pic\":\"https://image.dayouqiantu.cn/5ca04fa9c08ef.jpg\",\"detail\":{\"颜色\":\"白色\",\"纸张\":\"A3\"}}}', NULL);
INSERT INTO `apm_store_order_cart_info` VALUES (16, 1016, 1016, 6, '{\"product\":{\"name\":\"测试商品1\",\"totalNum\":2,\"price\":0.5,\"pic\":\"https://image.dayouqiantu.cn/5ca04fa9c08ef.jpg\",\"detail\":{\"颜色\":\"白色\",\"纸张\":\"A3\"}}}', NULL);

-- ----------------------------
-- Table structure for apm_store_order_status
-- ----------------------------
DROP TABLE IF EXISTS `apm_store_order_status`;
CREATE TABLE `apm_store_order_status`  (
  `id` int(10) UNSIGNED NOT NULL AUTO_INCREMENT,
  `oid` int(10) UNSIGNED NULL DEFAULT NULL COMMENT '订单id',
  `change_type` varchar(32) CHARACTER SET utf8 COLLATE utf8_general_ci NULL DEFAULT NULL COMMENT '操作类型',
  `change_message` varchar(256) CHARACTER SET utf8 COLLATE utf8_general_ci NULL DEFAULT NULL COMMENT '操作备注',
  `change_time` datetime(0) NULL DEFAULT NULL COMMENT '操作时间',
  PRIMARY KEY (`id`) USING BTREE,
  INDEX `oid`(`oid`) USING BTREE,
  INDEX `change_type`(`change_type`) USING BTREE
) ENGINE = InnoDB AUTO_INCREMENT = 3 CHARACTER SET = utf8mb4 COLLATE = utf8mb4_general_ci COMMENT = '订单操作记录表' ROW_FORMAT = Dynamic;

-- ----------------------------
-- Records of apm_store_order_status
-- ----------------------------
INSERT INTO `apm_store_order_status` VALUES (1, 1001, '修改', '加钱', '2020-10-07 12:55:41');
INSERT INTO `apm_store_order_status` VALUES (2, 1004, '一级', '修改订单', '2020-10-10 19:55:45');

-- ----------------------------
-- Table structure for apm_store_product
-- ----------------------------
DROP TABLE IF EXISTS `apm_store_product`;
CREATE TABLE `apm_store_product`  (
  `id` int(10) NOT NULL AUTO_INCREMENT COMMENT '商品id',
  `mer_id` bigint(20) UNSIGNED NULL DEFAULT 0 COMMENT '商户Id(0为总后台管理员创建,不为0的时候是商户后台创建)',
  `category` varchar(32) CHARACTER SET utf8 COLLATE utf8_general_ci NOT NULL COMMENT '某种类型的商品(普通商品、二手闲置商品)',
  `image` varchar(256) CHARACTER SET utf8 COLLATE utf8_general_ci NOT NULL COMMENT '商品图片',
  `slider_image` varchar(2000) CHARACTER SET utf8 COLLATE utf8_general_ci NOT NULL COMMENT '轮播图',
  `store_name` varchar(128) CHARACTER SET utf8 COLLATE utf8_general_ci NOT NULL COMMENT '商品名称',
  `store_info` varchar(256) CHARACTER SET utf8 COLLATE utf8_general_ci NOT NULL COMMENT '商品简介',
  `keyword` varchar(256) CHARACTER SET utf8 COLLATE utf8_general_ci NOT NULL COMMENT '关键字',
  `bar_code` varchar(15) CHARACTER SET utf8 COLLATE utf8_general_ci NULL DEFAULT '' COMMENT '产品条码（一维码）',
  `cate_id` varchar(64) CHARACTER SET utf8 COLLATE utf8_general_ci NOT NULL COMMENT '分类id',
  `price` decimal(8, 2) UNSIGNED NOT NULL DEFAULT 0.00 COMMENT '商品价格',
  `vip_price` decimal(8, 2) UNSIGNED NULL DEFAULT 0.00 COMMENT '会员价格',
  `ot_price` decimal(8, 2) UNSIGNED NULL DEFAULT 0.00 COMMENT '市场价',
  `postage` decimal(8, 2) UNSIGNED NULL DEFAULT 0.00 COMMENT '邮费',
  `unit_name` varchar(32) CHARACTER SET utf8 COLLATE utf8_general_ci NULL DEFAULT NULL COMMENT '单位名',
  `sort` smallint(6) NULL DEFAULT 0 COMMENT '排序',
  `sales` mediumint(8) UNSIGNED NULL DEFAULT 0 COMMENT '销量',
  `stock` mediumint(8) UNSIGNED NULL DEFAULT 0 COMMENT '库存',
  `is_show` tinyint(1) NULL DEFAULT 1 COMMENT '状态（0：未上架，1：上架）',
  `is_hot` tinyint(1) NULL DEFAULT 0 COMMENT '是否热卖',
  `is_benefit` tinyint(1) NULL DEFAULT 0 COMMENT '是否优惠',
  `is_best` tinyint(1) NULL DEFAULT 0 COMMENT '是否精品',
  `is_new` tinyint(1) NULL DEFAULT 0 COMMENT '是否新品',
  `description` text CHARACTER SET utf8 COLLATE utf8_general_ci NULL COMMENT '产品描述',
  `add_time` datetime(0) NULL DEFAULT CURRENT_TIMESTAMP(0) COMMENT '添加时间',
  `is_postage` tinyint(3) UNSIGNED NULL DEFAULT 0 COMMENT '是否包邮',
  `is_del` tinyint(3) UNSIGNED NULL DEFAULT 0 COMMENT '是否删除',
  `mer_use` tinyint(3) UNSIGNED NULL DEFAULT 0 COMMENT '商户是否代理 0不可代理1可代理',
  `give_integral` decimal(8, 2) UNSIGNED NULL DEFAULT NULL COMMENT '获得积分',
  `cost` decimal(8, 2) UNSIGNED NULL DEFAULT NULL COMMENT '成本价',
  `is_good` tinyint(1) NULL DEFAULT 0 COMMENT '是否优品推荐',
  `ficti` mediumint(9) NULL DEFAULT 100 COMMENT '虚拟销量',
  `browse` int(11) NULL DEFAULT 0 COMMENT '浏览量',
  `code_path` varchar(255) CHARACTER SET utf8 COLLATE utf8_general_ci NOT NULL DEFAULT '' COMMENT '产品二维码地址(用户小程序海报)',
  `soure_link` varchar(255) CHARACTER SET utf8 COLLATE utf8_general_ci NULL DEFAULT '' COMMENT '淘宝京东1688类型',
  PRIMARY KEY (`id`) USING BTREE,
  INDEX `is_hot`(`is_hot`) USING BTREE,
  INDEX `is_benefit`(`is_benefit`) USING BTREE,
  INDEX `is_best`(`is_best`) USING BTREE,
  INDEX `is_new`(`is_new`) USING BTREE,
  INDEX `toggle_on_sale, is_del`(`is_del`) USING BTREE,
  INDEX `price`(`price`) USING BTREE,
  INDEX `is_show`(`is_show`) USING BTREE,
  INDEX `sort`(`sort`) USING BTREE,
  INDEX `sales`(`sales`) USING BTREE,
  INDEX `add_time`(`add_time`) USING BTREE,
  INDEX `is_postage`(`is_postage`) USING BTREE
) ENGINE = InnoDB AUTO_INCREMENT = 9 CHARACTER SET = utf8mb4 COLLATE = utf8mb4_general_ci COMMENT = '商品表' ROW_FORMAT = Dynamic;

-- ----------------------------
-- Records of apm_store_product
-- ----------------------------
INSERT INTO `apm_store_product` VALUES (2, 0, 'new', 'https://ss0.bdstatic.com/70cFuHSh_Q1YnxGkpoWK1HF6hhy/it/u=2443315202,3550627032&fm=26&gp=0.jpg', 'http://localhost:8081/profile/upload/2020/10/16/75478dab-2c74-4616-bb7f-bab8b563d104.jpg', '测试商品1', '测试简介', '测试', '1234567890', '2', 13.00, 0.00, 998.00, 5.00, NULL, 1, 0, 2994, 1, 0, 0, 0, 0, '<p><br></p>', '2020-10-09 03:46:48', 0, 0, 0, NULL, 0.00, 0, 100, 0, 'http://localhost:8081/profile/upload/2020/10/16/e59664c6-a7d9-4fca-b958-b9d813657f4e.jpg', '');
INSERT INTO `apm_store_product` VALUES (3, 0, 'new', 'https://ss0.bdstatic.com/70cFvHSh_Q1YnxGkpoWK1HF6hhy/it/u=3232208626,363992012&fm=26&gp=0.jpg', 'https://ss0.bdstatic.com/70cFvHSh_Q1YnxGkpoWK1HF6hhy/it/u=3232208626,363992012&fm=26&gp=0.jpg', '测试商品2', '测试简介', '测试', '', '3', 13.00, 0.00, 66.00, 5.00, NULL, 0, NULL, 999, 1, 0, 0, 0, 0, NULL, '2020-10-09 03:47:48', 0, 0, 0, NULL, 132.00, 0, 100, 0, '1', '');
INSERT INTO `apm_store_product` VALUES (4, 0, 'new', 'https://ss3.bdstatic.com/70cFv8Sh_Q1YnxGkpoWK1HF6hhy/it/u=1297692206,2249062387&fm=26&gp=0.jpg', 'https://ss3.bdstatic.com/70cFv8Sh_Q1YnxGkpoWK1HF6hhy/it/u=1297692206,2249062387&fm=26&gp=0.jpg', '测试商品3', '测试简介', '测试', '', '5', 12.00, 0.00, 999999.00, 10.00, NULL, 0, 0, 0, 1, 0, 0, 0, 0, NULL, '2020-10-09 03:49:14', 0, 0, 0, NULL, 0.00, 0, 100, 0, '1', '');
INSERT INTO `apm_store_product` VALUES (5, 0, 'new', 'https://ss3.bdstatic.com/70cFv8Sh_Q1YnxGkpoWK1HF6hhy/it/u=537186750,646058019&fm=26&gp=0.jpg', 'https://ss3.bdstatic.com/70cFv8Sh_Q1YnxGkpoWK1HF6hhy/it/u=537186750,646058019&fm=26&gp=0.jpg', '测试商品4', '测试', '测试', '', '2', 123.00, 0.00, 999.00, 0.00, NULL, 3, 0, 0, 1, 0, 0, 0, 0, NULL, '2020-10-10 03:22:46', 0, 0, 0, NULL, 0.00, 0, 100, 0, '1', '');
INSERT INTO `apm_store_product` VALUES (6, 0, 'new', 'https://timgsa.baidu.com/timg?image&quality=80&size=b9999_10000&sec=1602520790399&di=0dd36cf2fc68628023af325b9c84c079&imgtype=0&src=http%3A%2F%2Fcbu01.alicdn.com%2Fimg%2Fibank%2F2018%2F069%2F948%2F9650849960_1016238155.jpg', 'https://timgsa.baidu.com/timg?image&quality=80&size=b9999_10000&sec=1602520790399&di=0dd36cf2fc68628023af325b9c84c079&imgtype=0&src=http%3A%2F%2Fcbu01.alicdn.com%2Fimg%2Fibank%2F2018%2F069%2F948%2F9650849960_1016238155.jpg', '123', '13', '123', '', '2', 123.00, 0.00, 777.00, 0.00, NULL, 2, 0, 0, 1, 0, 0, 0, 0, NULL, '2020-10-10 09:37:20', 0, 0, 0, NULL, 0.00, 0, 100, 0, 'qwe', '');
INSERT INTO `apm_store_product` VALUES (7, 0, 'new', 'https://ss1.bdstatic.com/70cFvXSh_Q1YnxGkpoWK1HF6hhy/it/u=2711887792,1704327073&fm=26&gp=0.jpg', 'https://ss1.bdstatic.com/70cFvXSh_Q1YnxGkpoWK1HF6hhy/it/u=2711887792,1704327073&fm=26&gp=0.jpg', '11111', '1111', '1111', '', '2', 123.00, 0.00, 888.00, 0.00, NULL, 0, 0, 0, 1, 0, 0, 0, 0, NULL, '2020-10-11 07:09:33', 0, 0, 0, NULL, 0.00, 0, 100, 0, '123', '');
INSERT INTO `apm_store_product` VALUES (8, 0, 'new', 'https://ss1.bdstatic.com/70cFvXSh_Q1YnxGkpoWK1HF6hhy/it/u=2711887792,1704327073&fm=26&gp=0.jpg', 'https://ss1.bdstatic.com/70cFvXSh_Q1YnxGkpoWK1HF6hhy/it/u=2711887792,1704327073&fm=26&gp=0.jpg', '222', '2222', '2222', '', '2', 2222.00, 0.00, 99.00, 0.00, NULL, 0, 0, 0, 1, 0, 0, 0, 0, NULL, '2020-10-11 07:11:21', 0, 0, 0, NULL, 0.00, 0, 100, 0, '123', '');

-- ----------------------------
-- Table structure for apm_store_product_attr
-- ----------------------------
DROP TABLE IF EXISTS `apm_store_product_attr`;
CREATE TABLE `apm_store_product_attr`  (
  `id` int(10) UNSIGNED NOT NULL AUTO_INCREMENT,
  `product_id` int(10) UNSIGNED NOT NULL DEFAULT 0 COMMENT '商品ID',
  `attr_name` varchar(32) CHARACTER SET utf8 COLLATE utf8_general_ci NOT NULL COMMENT '属性名',
  `attr_values` varchar(256) CHARACTER SET utf8 COLLATE utf8_general_ci NOT NULL COMMENT '属性值',
  PRIMARY KEY (`id`) USING BTREE,
  INDEX `store_id`(`product_id`) USING BTREE
) ENGINE = InnoDB AUTO_INCREMENT = 3 CHARACTER SET = utf8mb4 COLLATE = utf8mb4_general_ci COMMENT = '商品属性表' ROW_FORMAT = Dynamic;

-- ----------------------------
-- Records of apm_store_product_attr
-- ----------------------------
INSERT INTO `apm_store_product_attr` VALUES (1, 2, '纸张', 'A3,A4');
INSERT INTO `apm_store_product_attr` VALUES (2, 2, '颜色', '白色,红色');

-- ----------------------------
-- Table structure for apm_store_product_attr_result
-- ----------------------------
DROP TABLE IF EXISTS `apm_store_product_attr_result`;
CREATE TABLE `apm_store_product_attr_result`  (
  `id` int(10) UNSIGNED NOT NULL AUTO_INCREMENT,
  `product_id` int(10) UNSIGNED NOT NULL COMMENT '商品ID',
  `result` text CHARACTER SET utf8 COLLATE utf8_general_ci NOT NULL COMMENT '商品属性参数',
  `change_time` int(10) UNSIGNED NOT NULL COMMENT '上次修改时间',
  PRIMARY KEY (`id`) USING BTREE,
  INDEX `product_id`(`product_id`) USING BTREE
) ENGINE = InnoDB AUTO_INCREMENT = 8 CHARACTER SET = utf8mb4 COLLATE = utf8mb4_general_ci COMMENT = '商品属性详情表' ROW_FORMAT = Dynamic;

-- ----------------------------
-- Records of apm_store_product_attr_result
-- ----------------------------
INSERT INTO `apm_store_product_attr_result` VALUES (1, 2, '{\"attrs\":[{\"attrHidden\":true,\"detailValue\":\"\",\"detail\":[\"A3\",\"A4\"],\"value\":\"纸张\"},{\"attrHidden\":true,\"detailValue\":\"\",\"detail\":[\"白色\",\"红色\"],\"value\":\"颜色\"}],\"values\":[{\"cost\":0.5,\"price\":0.5,\"pic\":\"https://image.dayouqiantu.cn/5ca04fa9c08ef.jpg\",\"detail\":{\"颜色\":\"白色\",\"纸张\":\"A3\"},\"check\":false,\"sales\":\"999\"},{\"cost\":0.5,\"price\":0.5,\"pic\":\"https://image.dayouqiantu.cn/5ca04fa9c08ef.jpg\",\"detail\":{\"颜色\":\"红色\",\"纸张\":\"A3\"},\"check\":false,\"sales\":\"999\"},{\"cost\":0.5,\"price\":\"0.2\",\"pic\":\"https://image.dayouqiantu.cn/5ca04fa9c08ef.jpg\",\"detail\":{\"颜色\":\"白色\",\"纸张\":\"A4\"},\"check\":false,\"sales\":\"999\"},{\"cost\":0.5,\"price\":\"0.2\",\"pic\":\"https://image.dayouqiantu.cn/5ca04fa9c08ef.jpg\",\"detail\":{\"颜色\":\"红色\",\"纸张\":\"A4\"},\"check\":false,\"sales\":\"999\"}]}', 1578320995);
INSERT INTO `apm_store_product_attr_result` VALUES (2, 4, '{\"attrs\":[{\"attrHidden\":true,\"detailValue\":\"\",\"detail\":[\"A3\",\"A4\"],\"value\":\"纸张\"},{\"attrHidden\":true,\"detailValue\":\"\",\"detail\":[\"白色\",\"红色\"],\"value\":\"颜色\"}],\"values\":[{\"cost\":0.5,\"price\":0.5,\"pic\":\"https://image.dayouqiantu.cn/5ca04fa9c08ef.jpg\",\"detail\":{\"颜色\":\"白色\",\"纸张\":\"A3\"},\"check\":false,\"sales\":\"999\"},{\"cost\":0.5,\"price\":0.5,\"pic\":\"https://image.dayouqiantu.cn/5ca04fa9c08ef.jpg\",\"detail\":{\"颜色\":\"红色\",\"纸张\":\"A3\"},\"check\":false,\"sales\":\"999\"},{\"cost\":0.5,\"price\":\"0.2\",\"pic\":\"https://image.dayouqiantu.cn/5ca04fa9c08ef.jpg\",\"detail\":{\"颜色\":\"白色\",\"纸张\":\"A4\"},\"check\":false,\"sales\":\"999\"},{\"cost\":0.5,\"price\":\"0.2\",\"pic\":\"https://image.dayouqiantu.cn/5ca04fa9c08ef.jpg\",\"detail\":{\"颜色\":\"红色\",\"纸张\":\"A4\"},\"check\":false,\"sales\":\"999\"}]}', 1589854701);
INSERT INTO `apm_store_product_attr_result` VALUES (3, 3, '{\"attrs\":[{\"attrHidden\":true,\"detailValue\":\"\",\"detail\":[\"A3\",\"A4\"],\"value\":\"纸张\"},{\"attrHidden\":true,\"detailValue\":\"\",\"detail\":[\"白色\",\"红色\"],\"value\":\"颜色\"}],\"values\":[{\"cost\":0.5,\"price\":0.5,\"pic\":\"https://image.dayouqiantu.cn/5ca04fa9c08ef.jpg\",\"detail\":{\"颜色\":\"白色\",\"纸张\":\"A3\"},\"check\":false,\"sales\":\"999\"},{\"cost\":0.5,\"price\":0.5,\"pic\":\"https://image.dayouqiantu.cn/5ca04fa9c08ef.jpg\",\"detail\":{\"颜色\":\"红色\",\"纸张\":\"A3\"},\"check\":false,\"sales\":\"999\"},{\"cost\":0.5,\"price\":\"0.2\",\"pic\":\"https://image.dayouqiantu.cn/5ca04fa9c08ef.jpg\",\"detail\":{\"颜色\":\"白色\",\"纸张\":\"A4\"},\"check\":false,\"sales\":\"999\"},{\"cost\":0.5,\"price\":\"0.2\",\"pic\":\"https://image.dayouqiantu.cn/5ca04fa9c08ef.jpg\",\"detail\":{\"颜色\":\"红色\",\"纸张\":\"A4\"},\"check\":false,\"sales\":\"999\"}]}', 1589854701);
INSERT INTO `apm_store_product_attr_result` VALUES (4, 5, '{\"attrs\":[{\"attrHidden\":true,\"detailValue\":\"\",\"detail\":[\"A3\",\"A4\"],\"value\":\"纸张\"},{\"attrHidden\":true,\"detailValue\":\"\",\"detail\":[\"白色\",\"红色\"],\"value\":\"颜色\"}],\"values\":[{\"cost\":0.5,\"price\":0.5,\"pic\":\"https://image.dayouqiantu.cn/5ca04fa9c08ef.jpg\",\"detail\":{\"颜色\":\"白色\",\"纸张\":\"A3\"},\"check\":false,\"sales\":\"999\"},{\"cost\":0.5,\"price\":0.5,\"pic\":\"https://image.dayouqiantu.cn/5ca04fa9c08ef.jpg\",\"detail\":{\"颜色\":\"红色\",\"纸张\":\"A3\"},\"check\":false,\"sales\":\"999\"},{\"cost\":0.5,\"price\":\"0.2\",\"pic\":\"https://image.dayouqiantu.cn/5ca04fa9c08ef.jpg\",\"detail\":{\"颜色\":\"白色\",\"纸张\":\"A4\"},\"check\":false,\"sales\":\"999\"},{\"cost\":0.5,\"price\":\"0.2\",\"pic\":\"https://image.dayouqiantu.cn/5ca04fa9c08ef.jpg\",\"detail\":{\"颜色\":\"红色\",\"纸张\":\"A4\"},\"check\":false,\"sales\":\"999\"}]}', 1589854701);
INSERT INTO `apm_store_product_attr_result` VALUES (5, 6, '{\"attrs\":[{\"attrHidden\":true,\"detailValue\":\"\",\"detail\":[\"A3\",\"A4\"],\"value\":\"纸张\"},{\"attrHidden\":true,\"detailValue\":\"\",\"detail\":[\"白色\",\"红色\"],\"value\":\"颜色\"}],\"values\":[{\"cost\":0.5,\"price\":0.5,\"pic\":\"https://image.dayouqiantu.cn/5ca04fa9c08ef.jpg\",\"detail\":{\"颜色\":\"白色\",\"纸张\":\"A3\"},\"check\":false,\"sales\":\"999\"},{\"cost\":0.5,\"price\":0.5,\"pic\":\"https://image.dayouqiantu.cn/5ca04fa9c08ef.jpg\",\"detail\":{\"颜色\":\"红色\",\"纸张\":\"A3\"},\"check\":false,\"sales\":\"999\"},{\"cost\":0.5,\"price\":\"0.2\",\"pic\":\"https://image.dayouqiantu.cn/5ca04fa9c08ef.jpg\",\"detail\":{\"颜色\":\"白色\",\"纸张\":\"A4\"},\"check\":false,\"sales\":\"999\"},{\"cost\":0.5,\"price\":\"0.2\",\"pic\":\"https://image.dayouqiantu.cn/5ca04fa9c08ef.jpg\",\"detail\":{\"颜色\":\"红色\",\"纸张\":\"A4\"},\"check\":false,\"sales\":\"999\"}]}', 1589854701);
INSERT INTO `apm_store_product_attr_result` VALUES (6, 7, '{\"attrs\":[{\"attrHidden\":true,\"detailValue\":\"\",\"detail\":[\"A3\",\"A4\"],\"value\":\"纸张\"},{\"attrHidden\":true,\"detailValue\":\"\",\"detail\":[\"白色\",\"红色\"],\"value\":\"颜色\"}],\"values\":[{\"cost\":0.5,\"price\":0.5,\"pic\":\"https://image.dayouqiantu.cn/5ca04fa9c08ef.jpg\",\"detail\":{\"颜色\":\"白色\",\"纸张\":\"A3\"},\"check\":false,\"sales\":\"999\"},{\"cost\":0.5,\"price\":0.5,\"pic\":\"https://image.dayouqiantu.cn/5ca04fa9c08ef.jpg\",\"detail\":{\"颜色\":\"红色\",\"纸张\":\"A3\"},\"check\":false,\"sales\":\"999\"},{\"cost\":0.5,\"price\":\"0.2\",\"pic\":\"https://image.dayouqiantu.cn/5ca04fa9c08ef.jpg\",\"detail\":{\"颜色\":\"白色\",\"纸张\":\"A4\"},\"check\":false,\"sales\":\"999\"},{\"cost\":0.5,\"price\":\"0.2\",\"pic\":\"https://image.dayouqiantu.cn/5ca04fa9c08ef.jpg\",\"detail\":{\"颜色\":\"红色\",\"纸张\":\"A4\"},\"check\":false,\"sales\":\"999\"}]}', 1589854701);
INSERT INTO `apm_store_product_attr_result` VALUES (7, 8, '{\"attrs\":[{\"attrHidden\":true,\"detailValue\":\"\",\"detail\":[\"A3\",\"A4\"],\"value\":\"纸张\"},{\"attrHidden\":true,\"detailValue\":\"\",\"detail\":[\"白色\",\"红色\"],\"value\":\"颜色\"}],\"values\":[{\"cost\":0.5,\"price\":0.5,\"pic\":\"https://image.dayouqiantu.cn/5ca04fa9c08ef.jpg\",\"detail\":{\"颜色\":\"白色\",\"纸张\":\"A3\"},\"check\":false,\"sales\":\"999\"},{\"cost\":0.5,\"price\":0.5,\"pic\":\"https://image.dayouqiantu.cn/5ca04fa9c08ef.jpg\",\"detail\":{\"颜色\":\"红色\",\"纸张\":\"A3\"},\"check\":false,\"sales\":\"999\"},{\"cost\":0.5,\"price\":\"0.2\",\"pic\":\"https://image.dayouqiantu.cn/5ca04fa9c08ef.jpg\",\"detail\":{\"颜色\":\"白色\",\"纸张\":\"A4\"},\"check\":false,\"sales\":\"999\"},{\"cost\":0.5,\"price\":\"0.2\",\"pic\":\"https://image.dayouqiantu.cn/5ca04fa9c08ef.jpg\",\"detail\":{\"颜色\":\"红色\",\"纸张\":\"A4\"},\"check\":false,\"sales\":\"999\"}]}', 1589854701);

-- ----------------------------
-- Table structure for apm_store_product_attr_value
-- ----------------------------
DROP TABLE IF EXISTS `apm_store_product_attr_value`;
CREATE TABLE `apm_store_product_attr_value`  (
  `id` int(10) UNSIGNED NOT NULL AUTO_INCREMENT,
  `product_id` int(10) UNSIGNED NOT NULL COMMENT '商品ID',
  `suk` varchar(128) CHARACTER SET utf8 COLLATE utf8_general_ci NOT NULL COMMENT '商品属性索引值 (attr_value|attr_value[|....])',
  `stock` int(10) UNSIGNED NOT NULL COMMENT '属性对应的库存',
  `sales` int(10) UNSIGNED NULL DEFAULT 0 COMMENT '销量',
  `price` decimal(8, 2) UNSIGNED NOT NULL COMMENT '属性金额',
  `image` varchar(128) CHARACTER SET utf8 COLLATE utf8_general_ci NULL DEFAULT NULL COMMENT '图片',
  `unique` varchar(100) CHARACTER SET utf8 COLLATE utf8_general_ci NOT NULL DEFAULT '' COMMENT '唯一值',
  `cost` decimal(8, 2) UNSIGNED NOT NULL COMMENT '成本价',
  PRIMARY KEY (`id`) USING BTREE,
  UNIQUE INDEX `unique`(`unique`, `suk`) USING BTREE,
  INDEX `store_id`(`product_id`, `suk`) USING BTREE
) ENGINE = InnoDB AUTO_INCREMENT = 32 CHARACTER SET = utf8mb4 COLLATE = utf8mb4_general_ci COMMENT = '商品属性值表' ROW_FORMAT = Dynamic;

-- ----------------------------
-- Records of apm_store_product_attr_value
-- ----------------------------
INSERT INTO `apm_store_product_attr_value` VALUES (26, 2, 'A3,白色', 996, 0, 0.50, 'https://image.dayouqiantu.cn/5ca04fa9c08ef.jpg', '2e51e5d2d86a44748f81cdd5bf7a51c0', 0.50);
INSERT INTO `apm_store_product_attr_value` VALUES (27, 2, 'A3,红色', 999, 0, 0.50, 'https://ss1.bdstatic.com/70cFuXSh_Q1YnxGkpoWK1HF6hhy/it/u=1089426111,59406884&fm=26&gp=0.jpg', 'fd545718bbdb4634aa54228ecca6febe', 0.50);
INSERT INTO `apm_store_product_attr_value` VALUES (28, 2, 'A4,白色', 999, 0, 0.20, 'https://ss0.bdstatic.com/70cFuHSh_Q1YnxGkpoWK1HF6hhy/it/u=3545561584,783374626&fm=26&gp=0.jpg', '5e0ae3241d8c4ea793368666f862dd3b', 0.50);
INSERT INTO `apm_store_product_attr_value` VALUES (29, 3, 'A4,红色', 999, 0, 0.20, 'https://ss1.bdstatic.com/70cFvXSh_Q1YnxGkpoWK1HF6hhy/it/u=1442998595,1306184984&fm=26&gp=0.jpg', '4b4b306134434832885a52f3a85955ce', 0.50);
INSERT INTO `apm_store_product_attr_value` VALUES (30, 4, '11,黑色', 356, 0, 0.00, 'http://localhost:8000/file/pic/资讯-20200311043727918.png', 'b8f3e4936b294a8a9fb433f1324eabe4', 0.00);
INSERT INTO `apm_store_product_attr_value` VALUES (31, 4, '11,白色', 487, 0, 0.00, 'http://localhost:8000/file/pic/资讯-20200311043727918.png', '42b4b10585f14d6c96f07372e46fb63b', 0.00);

-- ----------------------------
-- Table structure for apm_store_product_relation
-- ----------------------------
DROP TABLE IF EXISTS `apm_store_product_relation`;
CREATE TABLE `apm_store_product_relation`  (
  `id` int(10) UNSIGNED NOT NULL AUTO_INCREMENT,
  `uid` int(10) UNSIGNED NOT NULL COMMENT '用户ID',
  `product_id` int(10) UNSIGNED NOT NULL COMMENT '商品ID',
  `type` varchar(32) CHARACTER SET utf8 COLLATE utf8_general_ci NOT NULL COMMENT '类型(收藏(collect）、点赞(like))',
  `category` varchar(32) CHARACTER SET utf8 COLLATE utf8_general_ci NOT NULL COMMENT '某种类型的商品(普通商品、二手闲置商品)',
  `create_time` datetime(0) NOT NULL DEFAULT CURRENT_TIMESTAMP(0) COMMENT '创建时间',
  PRIMARY KEY (`id`) USING BTREE,
  UNIQUE INDEX `uid`(`uid`, `product_id`, `type`, `category`) USING BTREE,
  INDEX `type`(`type`) USING BTREE,
  INDEX `category`(`category`) USING BTREE
) ENGINE = InnoDB AUTO_INCREMENT = 1 CHARACTER SET = utf8mb4 COLLATE = utf8mb4_general_ci COMMENT = '商品点赞和收藏表' ROW_FORMAT = Dynamic;

-- ----------------------------
-- Table structure for apm_store_product_reply
-- ----------------------------
DROP TABLE IF EXISTS `apm_store_product_reply`;
CREATE TABLE `apm_store_product_reply`  (
  `id` int(11) NOT NULL AUTO_INCREMENT COMMENT '评论ID',
  `uid` int(11) NOT NULL COMMENT '用户ID',
  `oid` int(11) NOT NULL COMMENT '订单ID',
  `unique` char(32) CHARACTER SET utf8 COLLATE utf8_general_ci NOT NULL COMMENT '唯一id',
  `product_id` int(11) NOT NULL COMMENT '产品id',
  `reply_type` varchar(32) CHARACTER SET utf8 COLLATE utf8_general_ci NOT NULL DEFAULT 'product' COMMENT '某种商品类型(普通商品、秒杀商品）',
  `product_score` tinyint(1) NOT NULL COMMENT '商品分数',
  `service_score` tinyint(1) NOT NULL COMMENT '服务分数',
  `comment` varchar(512) CHARACTER SET utf8 COLLATE utf8_general_ci NOT NULL COMMENT '评论内容',
  `pics` text CHARACTER SET utf8 COLLATE utf8_general_ci NOT NULL COMMENT '评论图片',
  `create_time` datetime(0) NOT NULL COMMENT '评论时间',
  `merchant_reply_content` varchar(300) CHARACTER SET utf8 COLLATE utf8_general_ci NULL DEFAULT NULL COMMENT '管理员回复内容',
  `merchant_reply_time` datetime(0) NULL DEFAULT NULL COMMENT '管理员回复时间',
  `is_del` tinyint(3) UNSIGNED NOT NULL DEFAULT 0 COMMENT '0未删除1已删除',
  `is_reply` tinyint(1) NOT NULL DEFAULT 0 COMMENT '0未回复1已回复',
  PRIMARY KEY (`id`) USING BTREE,
  UNIQUE INDEX `order_id_2`(`oid`, `unique`) USING BTREE,
  INDEX `add_time`(`create_time`) USING BTREE,
  INDEX `parent_id`(`reply_type`) USING BTREE,
  INDEX `is_del`(`is_del`) USING BTREE,
  INDEX `product_score`(`product_score`) USING BTREE,
  INDEX `service_score`(`service_score`) USING BTREE
) ENGINE = InnoDB AUTO_INCREMENT = 1 CHARACTER SET = utf8mb4 COLLATE = utf8mb4_general_ci COMMENT = '评论表' ROW_FORMAT = Dynamic;

-- ----------------------------
-- Table structure for apm_store_visit
-- ----------------------------
DROP TABLE IF EXISTS `apm_store_visit`;
CREATE TABLE `apm_store_visit`  (
  `id` int(11) NOT NULL AUTO_INCREMENT,
  `product_id` int(11) NULL DEFAULT NULL COMMENT '产品ID',
  `product_type` varchar(32) CHARACTER SET utf8 COLLATE utf8_general_ci NULL DEFAULT NULL COMMENT '产品类型',
  `cate_id` int(11) NULL DEFAULT NULL COMMENT '产品分类ID',
  `type` char(50) CHARACTER SET utf8 COLLATE utf8_general_ci NULL DEFAULT NULL COMMENT '产品类型',
  `uid` int(11) NULL DEFAULT NULL COMMENT '用户ID',
  `count` int(11) NULL DEFAULT NULL COMMENT '访问次数',
  `content` varchar(255) CHARACTER SET utf8 COLLATE utf8_general_ci NULL DEFAULT NULL COMMENT '备注描述',
  `create_time` datetime(0) NOT NULL DEFAULT CURRENT_TIMESTAMP(0) COMMENT '创建时间',
  PRIMARY KEY (`id`) USING BTREE
) ENGINE = InnoDB AUTO_INCREMENT = 1 CHARACTER SET = utf8mb4 COLLATE = utf8mb4_general_ci COMMENT = '产品浏览分析表' ROW_FORMAT = Dynamic;

-- ----------------------------
-- Table structure for apm_system_attachment
-- ----------------------------
DROP TABLE IF EXISTS `apm_system_attachment`;
CREATE TABLE `apm_system_attachment`  (
  `att_id` int(11) NOT NULL AUTO_INCREMENT,
  `name` varchar(100) CHARACTER SET utf8 COLLATE utf8_general_ci NOT NULL DEFAULT '' COMMENT '附件名称',
  `att_dir` varchar(200) CHARACTER SET utf8 COLLATE utf8_general_ci NOT NULL DEFAULT '' COMMENT '附件路径',
  `satt_dir` varchar(200) CHARACTER SET utf8 COLLATE utf8_general_ci NULL DEFAULT NULL COMMENT '压缩图片路径',
  `att_size` char(30) CHARACTER SET utf8 COLLATE utf8_general_ci NOT NULL DEFAULT '' COMMENT '附件大小',
  `att_type` char(30) CHARACTER SET utf8 COLLATE utf8_general_ci NOT NULL DEFAULT '' COMMENT '附件类型',
  `pid` int(11) NOT NULL DEFAULT 0 COMMENT '分类ID0编辑器,1产品图片,2拼团图片,3砍价图片,4秒杀图片,5文章图片,6组合数据图',
  `time` datetime(0) NOT NULL DEFAULT CURRENT_TIMESTAMP(0) COMMENT '上传时间',
  `image_type` tinyint(3) UNSIGNED NOT NULL DEFAULT 1 COMMENT '图片上传类型 1本地 2七牛云 3OSS 4COS ',
  `module_type` tinyint(3) UNSIGNED NOT NULL DEFAULT 1 COMMENT '图片上传模块类型 1 后台上传 2 用户生成',
  `uid` int(10) UNSIGNED NULL DEFAULT 0 COMMENT '用户id',
  `invite_code` varchar(50) CHARACTER SET utf8 COLLATE utf8_general_ci NULL DEFAULT '' COMMENT '邀请码',
  PRIMARY KEY (`att_id`) USING BTREE
) ENGINE = InnoDB AUTO_INCREMENT = 1 CHARACTER SET = utf8mb4 COLLATE = utf8mb4_general_ci COMMENT = '附件管理表' ROW_FORMAT = Dynamic;

-- ----------------------------
-- Table structure for apm_system_store
-- ----------------------------
DROP TABLE IF EXISTS `apm_system_store`;
CREATE TABLE `apm_system_store`  (
  `id` int(10) UNSIGNED NOT NULL AUTO_INCREMENT,
  `name` varchar(100) CHARACTER SET utf8 COLLATE utf8_general_ci NOT NULL DEFAULT '' COMMENT '门店名称',
  `introduction` varchar(1000) CHARACTER SET utf8 COLLATE utf8_general_ci NOT NULL DEFAULT '' COMMENT '简介',
  `phone` char(25) CHARACTER SET utf8 COLLATE utf8_general_ci NOT NULL DEFAULT '' COMMENT '手机号码',
  `address` varchar(255) CHARACTER SET utf8 COLLATE utf8_general_ci NOT NULL DEFAULT '' COMMENT '省市区',
  `detailed_address` varchar(255) CHARACTER SET utf8 COLLATE utf8_general_ci NOT NULL DEFAULT '' COMMENT '详细地址',
  `image` varchar(255) CHARACTER SET utf8 COLLATE utf8_general_ci NOT NULL DEFAULT '' COMMENT '门店logo',
  `latitude` char(25) CHARACTER SET utf8 COLLATE utf8_general_ci NOT NULL DEFAULT '' COMMENT '纬度',
  `longitude` char(25) CHARACTER SET utf8 COLLATE utf8_general_ci NOT NULL DEFAULT '' COMMENT '经度',
  `valid_time` varchar(100) CHARACTER SET utf8 COLLATE utf8_general_ci NOT NULL DEFAULT '' COMMENT '核销有效日期',
  `day_time` varchar(100) CHARACTER SET utf8 COLLATE utf8_general_ci NOT NULL DEFAULT '' COMMENT '每日营业开关时间',
  `create_time` datetime(0) NOT NULL DEFAULT CURRENT_TIMESTAMP(0) COMMENT '创建时间',
  `is_show` tinyint(1) NOT NULL DEFAULT 0 COMMENT '是否显示',
  `is_del` tinyint(1) NOT NULL DEFAULT 0 COMMENT '是否删除',
  `day_time_end` datetime(0) NULL DEFAULT NULL,
  `day_time_start` datetime(0) NULL DEFAULT NULL,
  `valid_time_end` datetime(0) NULL DEFAULT NULL,
  `valid_time_start` datetime(0) NULL DEFAULT NULL,
  PRIMARY KEY (`id`) USING BTREE,
  INDEX `phone`(`phone`) USING BTREE
) ENGINE = InnoDB AUTO_INCREMENT = 1 CHARACTER SET = utf8mb4 COLLATE = utf8mb4_general_ci COMMENT = '门店自提' ROW_FORMAT = Dynamic;

-- ----------------------------
-- Table structure for apm_system_store_staff
-- ----------------------------
DROP TABLE IF EXISTS `apm_system_store_staff`;
CREATE TABLE `apm_system_store_staff`  (
  `id` int(10) UNSIGNED NOT NULL AUTO_INCREMENT,
  `uid` int(10) UNSIGNED NOT NULL COMMENT '微信用户id',
  `nickname` varchar(200) CHARACTER SET utf8 COLLATE utf8_general_ci NOT NULL,
  `avatar` varchar(255) CHARACTER SET utf8 COLLATE utf8_general_ci NOT NULL DEFAULT '' COMMENT '店员头像',
  `store_id` int(11) NOT NULL COMMENT '门店id',
  `store_name` varchar(50) CHARACTER SET utf8 COLLATE utf8_general_ci NULL DEFAULT NULL,
  `staff_name` varchar(64) CHARACTER SET utf8 COLLATE utf8_general_ci NULL DEFAULT '' COMMENT '店员名称',
  `phone` char(15) CHARACTER SET utf8 COLLATE utf8_general_ci NULL DEFAULT NULL COMMENT '手机号码',
  `verify_status` tinyint(4) NOT NULL DEFAULT 0 COMMENT '核销开关',
  `status` tinyint(4) NULL DEFAULT 1 COMMENT '状态',
  `create_time` datetime(0) NOT NULL DEFAULT CURRENT_TIMESTAMP(0) COMMENT '创建时间',
  PRIMARY KEY (`id`) USING BTREE
) ENGINE = InnoDB AUTO_INCREMENT = 6 CHARACTER SET = utf8mb4 COLLATE = utf8mb4_general_ci COMMENT = '门店店员表' ROW_FORMAT = Dynamic;

-- ----------------------------
-- Records of apm_system_store_staff
-- ----------------------------
INSERT INTO `apm_system_store_staff` VALUES (2, 12, '会敲代码的喵2', 'https://image.dayouqiantu.cn/5dc2c7f3a104c.png', 4, '信阳门店', 'tttt', '15136175423', 1, 1, '2020-10-07 07:14:48');
INSERT INTO `apm_system_store_staff` VALUES (3, 11, '会敲代码的喵88', 'https://image.dayouqiantu.cn/5dc2c7f3a104c.png', 5, '郑州门店', 'tttt', '16136175234', 1, 1, '2020-10-07 07:14:48');
INSERT INTO `apm_system_store_staff` VALUES (4, 19, '15136175528', 'https://image.dayouqiantu.cn/5dc2c7f3a104c.png', 5, '郑州门店', '111', '15136175246', 1, 1, '2020-10-07 07:14:48');
INSERT INTO `apm_system_store_staff` VALUES (5, 20, '15136171112', 'https://image.dayouqiantu.cn/5e79f6cfd33b6.png', 4, '信阳门店', '444', '15168547269', 1, 1, '2020-10-07 07:14:48');

-- ----------------------------
-- Table structure for apm_system_user_level
-- ----------------------------
DROP TABLE IF EXISTS `apm_system_user_level`;
CREATE TABLE `apm_system_user_level`  (
  `id` int(11) NOT NULL AUTO_INCREMENT,
  `name` varchar(255) CHARACTER SET utf8 COLLATE utf8_general_ci NOT NULL DEFAULT '' COMMENT '会员名称',
  `money` decimal(8, 2) NOT NULL DEFAULT 0.00 COMMENT '购买金额',
  `valid_date` datetime(0) NOT NULL DEFAULT CURRENT_TIMESTAMP(0) COMMENT '过期时间',
  `is_forever` tinyint(1) NOT NULL DEFAULT 0 COMMENT '是否为永久会员',
  `is_pay` tinyint(1) NOT NULL DEFAULT 0 COMMENT '是否购买,1=购买,0=不购买',
  `is_show` tinyint(1) NOT NULL DEFAULT 0 COMMENT '是否显示 1=显示,0=隐藏',
  `grade` int(11) NOT NULL DEFAULT 0 COMMENT '会员等级',
  `discount` decimal(8, 2) NOT NULL DEFAULT 0.00 COMMENT '享受折扣',
  `image` varchar(255) CHARACTER SET utf8 COLLATE utf8_general_ci NOT NULL DEFAULT '' COMMENT '会员卡背景',
  `icon` varchar(255) CHARACTER SET utf8 COLLATE utf8_general_ci NOT NULL DEFAULT '' COMMENT '会员图标',
  `explain` text CHARACTER SET utf8 COLLATE utf8_general_ci NOT NULL COMMENT '说明',
  `create_time` datetime(0) NOT NULL DEFAULT CURRENT_TIMESTAMP(0) COMMENT '创建时间',
  `is_del` tinyint(1) NOT NULL DEFAULT 0 COMMENT '是否删除.1=删除,0=未删除',
  PRIMARY KEY (`id`) USING BTREE
) ENGINE = InnoDB AUTO_INCREMENT = 1 CHARACTER SET = utf8mb4 COLLATE = utf8mb4_general_ci COMMENT = '设置用户等级表' ROW_FORMAT = Dynamic;

-- ----------------------------
-- Table structure for apm_user
-- ----------------------------
DROP TABLE IF EXISTS `apm_user`;
CREATE TABLE `apm_user`  (
  `user_id` bigint(20) NOT NULL AUTO_INCREMENT COMMENT '用户ID',
  `user_name` varchar(30) CHARACTER SET utf8mb4 COLLATE utf8mb4_general_ci NULL DEFAULT NULL COMMENT '用户账号',
  `nick_name` varchar(30) CHARACTER SET utf8mb4 COLLATE utf8mb4_general_ci NULL DEFAULT NULL COMMENT '用户昵称',
  `user_type` varchar(2) CHARACTER SET utf8mb4 COLLATE utf8mb4_general_ci NULL DEFAULT '00' COMMENT '用户类型（00普通用户）',
  `email` varchar(50) CHARACTER SET utf8mb4 COLLATE utf8mb4_general_ci NULL DEFAULT '' COMMENT '用户邮箱',
  `phonenumber` varchar(11) CHARACTER SET utf8mb4 COLLATE utf8mb4_general_ci NULL DEFAULT '' COMMENT '手机号码',
  `sex` char(1) CHARACTER SET utf8mb4 COLLATE utf8mb4_general_ci NULL DEFAULT '0' COMMENT '用户性别（0男 1女 2未知）',
  `avatar` varchar(100) CHARACTER SET utf8mb4 COLLATE utf8mb4_general_ci NULL DEFAULT '' COMMENT '头像地址',
  `password` varchar(100) CHARACTER SET utf8mb4 COLLATE utf8mb4_general_ci NULL DEFAULT '' COMMENT '密码',
  `status` char(1) CHARACTER SET utf8mb4 COLLATE utf8mb4_general_ci NULL DEFAULT '0' COMMENT '帐号状态（0正常 1停用）',
  `del_flag` char(1) CHARACTER SET utf8mb4 COLLATE utf8mb4_general_ci NULL DEFAULT '0' COMMENT '删除标志（0存在 1删除）',
  `login_ip` varchar(50) CHARACTER SET utf8mb4 COLLATE utf8mb4_general_ci NULL DEFAULT '' COMMENT '最后登录IP',
  `login_date` datetime(0) NULL DEFAULT NULL COMMENT '最后登录时间',
  `create_time` datetime(0) NULL DEFAULT CURRENT_TIMESTAMP(0) COMMENT '创建时间',
  `update_by` varchar(64) CHARACTER SET utf8mb4 COLLATE utf8mb4_general_ci NULL DEFAULT '' COMMENT '更新者',
  `update_time` datetime(0) NULL DEFAULT NULL COMMENT '更新时间',
  `real_name` varchar(25) CHARACTER SET utf8 COLLATE utf8_general_ci NULL DEFAULT '' COMMENT '真实姓名',
  `birthday` date NULL DEFAULT NULL COMMENT '生日',
  `card_id` varchar(20) CHARACTER SET utf8 COLLATE utf8_general_ci NULL DEFAULT '' COMMENT '身份证号',
  `integral` decimal(8, 2) UNSIGNED NULL DEFAULT 0.00 COMMENT '用户剩余积分',
  `sign_num` int(11) NULL DEFAULT 0 COMMENT '连续签到天数',
  `level` tinyint(3) UNSIGNED NULL DEFAULT 0 COMMENT '等级',
  `pay_count` int(10) UNSIGNED NULL DEFAULT 0 COMMENT '购买次数',
  `address` varchar(255) CHARACTER SET utf8 COLLATE utf8_general_ci NULL DEFAULT '' COMMENT '详细地址',
  `login_type` varchar(36) CHARACTER SET utf8mb4 COLLATE utf8mb4_general_ci NULL DEFAULT 'web' COMMENT '登陆类型（web网站 app移动端）',
  `remark` varchar(500) CHARACTER SET utf8mb4 COLLATE utf8mb4_general_ci NULL DEFAULT NULL COMMENT '备注',
  PRIMARY KEY (`user_id`) USING BTREE
) ENGINE = InnoDB AUTO_INCREMENT = 4 CHARACTER SET = utf8mb4 COLLATE = utf8mb4_general_ci COMMENT = '用户信息表' ROW_FORMAT = Dynamic;

-- ----------------------------
-- Records of apm_user
-- ----------------------------
INSERT INTO `apm_user` VALUES (1, 'apm_18266336565', '峰大大', '00', '1162170757@qq.com', '18266336565', '0', '', '6d5acd860daa7765dd6fdbdcf99980f6', '0', '0', '', NULL, '2020-10-11 21:44:06', '', '2020-10-11 10:28:42', '峰大大', '2020-10-07', '370687199810052416', 0.00, 0, 0, 0, '130000,130300', 'web', '张加峰');
INSERT INTO `apm_user` VALUES (2, 'apm_17662452159', 'apm_17662452159', '00', '', '17662452159', '0', '', '6d5acd860daa7765dd6fdbdcf99980f6', '0', '0', '', NULL, '2020-10-14 14:44:52', '', NULL, '', NULL, '', 0.00, 0, 0, 0, '', 'web', NULL);
INSERT INTO `apm_user` VALUES (3, 'zhangkaixi', '张开喜', '00', '', '13568974561', '0', '', '$2a$10$6MYvszV6EH7ATdLPUjk0ReRfXHdJPR9iYKCzfWMWEp7wQOE3U2XA.', '0', '0', '', NULL, '2020-10-01 14:31:24', 'admin', '2020-10-11 10:37:17', '', NULL, '', 0.00, 0, 0, 2, '', 'web', NULL);

-- ----------------------------
-- Table structure for apm_user_address
-- ----------------------------
DROP TABLE IF EXISTS `apm_user_address`;
CREATE TABLE `apm_user_address`  (
  `id` mediumint(8) UNSIGNED NOT NULL AUTO_INCREMENT COMMENT '用户地址id',
  `user_id` int(10) UNSIGNED NOT NULL COMMENT '用户id',
  `real_name` varchar(32) CHARACTER SET utf8 COLLATE utf8_general_ci NOT NULL DEFAULT '' COMMENT '收货人姓名',
  `phone` varchar(16) CHARACTER SET utf8 COLLATE utf8_general_ci NOT NULL DEFAULT '' COMMENT '收货人电话',
  `province` varchar(64) CHARACTER SET utf8 COLLATE utf8_general_ci NOT NULL DEFAULT '' COMMENT '收货人所在省',
  `city` varchar(64) CHARACTER SET utf8 COLLATE utf8_general_ci NOT NULL DEFAULT '' COMMENT '收货人所在市',
  `district` varchar(64) CHARACTER SET utf8 COLLATE utf8_general_ci NOT NULL DEFAULT '' COMMENT '收货人所在区',
  `detail` varchar(256) CHARACTER SET utf8 COLLATE utf8_general_ci NOT NULL DEFAULT '' COMMENT '收货人详细地址',
  `post_code` varchar(20) CHARACTER SET utf8 COLLATE utf8_general_ci NOT NULL DEFAULT '' COMMENT '邮编',
  `longitude` varchar(16) CHARACTER SET utf8 COLLATE utf8_general_ci NOT NULL DEFAULT '0' COMMENT '经度',
  `latitude` varchar(16) CHARACTER SET utf8 COLLATE utf8_general_ci NOT NULL DEFAULT '0' COMMENT '纬度',
  `is_default` tinyint(3) UNSIGNED NOT NULL DEFAULT 0 COMMENT '是否默认',
  `is_del` tinyint(3) UNSIGNED NOT NULL DEFAULT 0 COMMENT '是否删除',
  `create_time` datetime(0) NOT NULL DEFAULT CURRENT_TIMESTAMP(0) COMMENT '创建时间',
  PRIMARY KEY (`id`) USING BTREE,
  INDEX `uid`(`user_id`) USING BTREE,
  INDEX `is_default`(`is_default`) USING BTREE,
  INDEX `is_del`(`is_del`) USING BTREE
) ENGINE = InnoDB AUTO_INCREMENT = 15 CHARACTER SET = utf8mb4 COLLATE = utf8mb4_general_ci COMMENT = '用户地址表' ROW_FORMAT = Dynamic;

-- ----------------------------
-- Records of apm_user_address
-- ----------------------------
INSERT INTO `apm_user_address` VALUES (8, 1, '张加峰', '18266336565', '370000', '370200', '370214', '上马街道广博路325号QST青软实训', '262300', '0', '0', 0, 0, '2020-10-12 09:33:49');
INSERT INTO `apm_user_address` VALUES (9, 1, '张加峰', '18266336565', '370000', '371100', '371121', '洪凝街道', '262300', '0', '0', 0, 0, '2020-10-12 09:36:08');
INSERT INTO `apm_user_address` VALUES (14, 1, '123123', '18266336565', '110000', '110100', '110106', '123123', '123123', '0', '0', 0, 0, '2020-10-14 16:51:49');

-- ----------------------------
-- Table structure for apm_user_bill
-- ----------------------------
DROP TABLE IF EXISTS `apm_user_bill`;
CREATE TABLE `apm_user_bill`  (
  `id` int(10) UNSIGNED NOT NULL AUTO_INCREMENT COMMENT '用户账单id',
  `user_id` int(10) UNSIGNED NOT NULL DEFAULT 0 COMMENT '用户uid',
  `link_id` varchar(32) CHARACTER SET utf8 COLLATE utf8_general_ci NOT NULL DEFAULT '0' COMMENT '关联id',
  `pm` tinyint(3) UNSIGNED NOT NULL DEFAULT 0 COMMENT '0 = 支出 1 = 获得',
  `title` varchar(64) CHARACTER SET utf8 COLLATE utf8_general_ci NOT NULL DEFAULT '' COMMENT '账单标题',
  `category` varchar(64) CHARACTER SET utf8 COLLATE utf8_general_ci NOT NULL DEFAULT '' COMMENT '明细种类',
  `type` varchar(64) CHARACTER SET utf8 COLLATE utf8_general_ci NOT NULL DEFAULT '' COMMENT '明细类型',
  `number` decimal(8, 2) UNSIGNED NOT NULL DEFAULT 0.00 COMMENT '明细数字',
  `balance` decimal(8, 2) UNSIGNED NOT NULL DEFAULT 0.00 COMMENT '剩余',
  `mark` varchar(512) CHARACTER SET utf8 COLLATE utf8_general_ci NOT NULL DEFAULT '' COMMENT '备注',
  `create_time` datetime(0) NOT NULL DEFAULT CURRENT_TIMESTAMP(0) COMMENT '创建时间',
  `status` tinyint(1) NOT NULL DEFAULT 1 COMMENT '0 = 带确定 1 = 有效 -1 = 无效',
  PRIMARY KEY (`id`) USING BTREE,
  INDEX `openid`(`user_id`) USING BTREE,
  INDEX `status`(`status`) USING BTREE,
  INDEX `add_time`(`create_time`) USING BTREE,
  INDEX `pm`(`pm`) USING BTREE,
  INDEX `type`(`category`, `type`, `link_id`) USING BTREE
) ENGINE = InnoDB AUTO_INCREMENT = 1 CHARACTER SET = utf8mb4 COLLATE = utf8mb4_general_ci COMMENT = '用户账单表' ROW_FORMAT = Dynamic;

-- ----------------------------
-- Table structure for apm_user_level
-- ----------------------------
DROP TABLE IF EXISTS `apm_user_level`;
CREATE TABLE `apm_user_level`  (
  `id` int(11) NOT NULL AUTO_INCREMENT,
  `user_id` int(11) NOT NULL DEFAULT 0 COMMENT '用户uid',
  `level_id` int(11) NOT NULL DEFAULT 0 COMMENT '等级vip',
  `grade` int(11) NOT NULL DEFAULT 0 COMMENT '会员等级',
  `valid_time` datetime(0) NOT NULL COMMENT '过期时间',
  `is_forever` tinyint(1) NOT NULL DEFAULT 0 COMMENT '是否永久',
  `status` tinyint(1) NOT NULL DEFAULT 0 COMMENT '0:禁止,1:正常',
  `remind` tinyint(1) NOT NULL DEFAULT 0 COMMENT '是否已通知',
  `is_del` tinyint(1) NOT NULL DEFAULT 0 COMMENT '是否删除,0=未删除,1=删除',
  `create_time` datetime(0) NOT NULL DEFAULT CURRENT_TIMESTAMP(0) COMMENT '创建时间',
  `discount` int(11) NOT NULL DEFAULT 0 COMMENT '享受折扣',
  `mark` varchar(255) CHARACTER SET utf8 COLLATE utf8_general_ci NOT NULL DEFAULT '' COMMENT '备注',
  PRIMARY KEY (`id`) USING BTREE,
  UNIQUE INDEX `id`(`id`) USING BTREE
) ENGINE = InnoDB AUTO_INCREMENT = 2 CHARACTER SET = utf8mb4 COLLATE = utf8mb4_general_ci COMMENT = '用户等级记录表' ROW_FORMAT = Dynamic;

-- ----------------------------
-- Records of apm_user_level
-- ----------------------------
INSERT INTO `apm_user_level` VALUES (1, 11, 1, 1, '2020-10-07 14:56:28', 1, 1, 0, 0, '2020-10-01 14:56:03', 99, '恭喜你成为了普通会员');

-- ----------------------------
-- Table structure for apm_user_recharge
-- ----------------------------
DROP TABLE IF EXISTS `apm_user_recharge`;
CREATE TABLE `apm_user_recharge`  (
  `id` int(10) UNSIGNED NOT NULL AUTO_INCREMENT,
  `user_id` int(11) NULL DEFAULT NULL COMMENT '充值用户UID',
  `nickname` varchar(200) CHARACTER SET utf8 COLLATE utf8_general_ci NULL DEFAULT '',
  `order_id` varchar(32) CHARACTER SET utf8 COLLATE utf8_general_ci NULL DEFAULT NULL COMMENT '订单号',
  `price` decimal(8, 2) NULL DEFAULT NULL COMMENT '充值金额',
  `give_price` decimal(8, 2) NULL DEFAULT 0.00 COMMENT '购买赠送金额',
  `recharge_type` varchar(32) CHARACTER SET utf8 COLLATE utf8_general_ci NULL DEFAULT NULL COMMENT '充值类型',
  `paid` tinyint(1) NULL DEFAULT NULL COMMENT '是否充值',
  `pay_time` datetime(0) NOT NULL DEFAULT CURRENT_TIMESTAMP(0) COMMENT '充值支付时间',
  `create_time` datetime(0) NOT NULL DEFAULT CURRENT_TIMESTAMP(0) COMMENT '充值时间',
  `refund_price` decimal(10, 2) NULL DEFAULT 0.00 COMMENT '退款金额',
  PRIMARY KEY (`id`) USING BTREE,
  UNIQUE INDEX `order_id`(`order_id`) USING BTREE,
  INDEX `uid`(`user_id`) USING BTREE,
  INDEX `recharge_type`(`recharge_type`) USING BTREE,
  INDEX `paid`(`paid`) USING BTREE
) ENGINE = InnoDB AUTO_INCREMENT = 1 CHARACTER SET = utf8mb4 COLLATE = utf8mb4_general_ci COMMENT = '用户充值表' ROW_FORMAT = Dynamic;

-- ----------------------------
-- Table structure for apm_user_sign
-- ----------------------------
DROP TABLE IF EXISTS `apm_user_sign`;
CREATE TABLE `apm_user_sign`  (
  `id` int(11) NOT NULL AUTO_INCREMENT,
  `user_id` int(11) NOT NULL DEFAULT 0 COMMENT '用户uid',
  `title` varchar(255) CHARACTER SET utf8 COLLATE utf8_general_ci NOT NULL DEFAULT '' COMMENT '签到说明',
  `number` int(11) NOT NULL DEFAULT 0 COMMENT '获得积分',
  `balance` int(11) NOT NULL DEFAULT 0 COMMENT '剩余积分',
  `create_time` datetime(0) NOT NULL DEFAULT CURRENT_TIMESTAMP(0) COMMENT '创建时间',
  PRIMARY KEY (`id`) USING BTREE,
  INDEX `uid`(`user_id`) USING BTREE
) ENGINE = InnoDB AUTO_INCREMENT = 1 CHARACTER SET = utf8mb4 COLLATE = utf8mb4_general_ci COMMENT = '签到记录表' ROW_FORMAT = Dynamic;

-- ----------------------------
-- Table structure for apm_wechat_media
-- ----------------------------
DROP TABLE IF EXISTS `apm_wechat_media`;
CREATE TABLE `apm_wechat_media`  (
  `id` int(10) UNSIGNED NOT NULL AUTO_INCREMENT COMMENT '微信视频音频id',
  `type` varchar(16) CHARACTER SET utf8 COLLATE utf8_general_ci NOT NULL DEFAULT '' COMMENT '回复类型',
  `path` varchar(128) CHARACTER SET utf8 COLLATE utf8_general_ci NOT NULL DEFAULT '' COMMENT '文件路径',
  `media_id` varchar(64) CHARACTER SET utf8 COLLATE utf8_general_ci NOT NULL DEFAULT '' COMMENT '微信服务器返回的id',
  `url` varchar(256) CHARACTER SET utf8 COLLATE utf8_general_ci NOT NULL DEFAULT '' COMMENT '地址',
  `temporary` tinyint(3) UNSIGNED NOT NULL DEFAULT 0 COMMENT '是否永久或者临时 0永久1临时',
  `add_time` int(10) UNSIGNED NOT NULL COMMENT '添加时间',
  PRIMARY KEY (`id`) USING BTREE,
  UNIQUE INDEX `type`(`type`, `media_id`) USING BTREE,
  INDEX `type_2`(`type`) USING BTREE
) ENGINE = InnoDB AUTO_INCREMENT = 1 CHARACTER SET = utf8mb4 COLLATE = utf8mb4_general_ci COMMENT = '微信回复表' ROW_FORMAT = Dynamic;

-- ----------------------------
-- Table structure for apm_wechat_menu
-- ----------------------------
DROP TABLE IF EXISTS `apm_wechat_menu`;
CREATE TABLE `apm_wechat_menu`  (
  `key` varchar(32) CHARACTER SET utf8 COLLATE utf8_general_ci NOT NULL,
  `result` text CHARACTER SET utf8 COLLATE utf8_general_ci NULL COMMENT '缓存数据',
  `add_time` int(11) NULL DEFAULT NULL COMMENT '缓存时间',
  PRIMARY KEY (`key`) USING BTREE
) ENGINE = InnoDB CHARACTER SET = utf8mb4 COLLATE = utf8mb4_general_ci COMMENT = '微信缓存表' ROW_FORMAT = Dynamic;

-- ----------------------------
-- Records of apm_wechat_menu
-- ----------------------------
INSERT INTO `apm_wechat_menu` VALUES ('wechat_menus', '[{\"subButtons\":[{\"name\":\"公众号演示\",\"type\":\"view\",\"url\":\"https://h5.dayouqiantu.cn\"}],\"name\":\"Yshop商城3\",\"type\":\"click\",\"key\":\"yshop\"},{\"subButtons\":[{\"appId\":\"wxa82b5b7fcb0ec161\",\"name\":\"小程序演示\",\"pagePath\":\"pages/index\",\"type\":\"miniprogram\",\"url\":\"pages/index\"}],\"name\":\"供货商城\",\"type\":\"click\",\"key\":\"supply\"},{\"subButtons\":[],\"name\":\"3333\",\"type\":\"click\",\"key\":\"2222\"}]', 1570435277);

-- ----------------------------
-- Table structure for apm_wechat_reply
-- ----------------------------
DROP TABLE IF EXISTS `apm_wechat_reply`;
CREATE TABLE `apm_wechat_reply`  (
  `id` mediumint(8) UNSIGNED NOT NULL AUTO_INCREMENT COMMENT '微信关键字回复id',
  `key` varchar(64) CHARACTER SET utf8 COLLATE utf8_general_ci NOT NULL DEFAULT '' COMMENT '关键字',
  `type` varchar(32) CHARACTER SET utf8 COLLATE utf8_general_ci NOT NULL DEFAULT '' COMMENT '回复类型',
  `data` text CHARACTER SET utf8 COLLATE utf8_general_ci NOT NULL COMMENT '回复数据',
  `status` tinyint(3) UNSIGNED NOT NULL DEFAULT 1 COMMENT '0=不可用  1 =可用',
  `hide` tinyint(3) UNSIGNED NULL DEFAULT 0 COMMENT '是否隐藏',
  PRIMARY KEY (`id`) USING BTREE,
  UNIQUE INDEX `key`(`key`) USING BTREE,
  INDEX `type`(`type`) USING BTREE,
  INDEX `status`(`status`) USING BTREE,
  INDEX `hide`(`hide`) USING BTREE
) ENGINE = InnoDB AUTO_INCREMENT = 2 CHARACTER SET = utf8mb4 COLLATE = utf8mb4_general_ci COMMENT = '微信关键字回复表' ROW_FORMAT = Dynamic;

-- ----------------------------
-- Records of apm_wechat_reply
-- ----------------------------
INSERT INTO `apm_wechat_reply` VALUES (1, 'subscribe', 'text', '{\"content\":\"22222222222444499990000\"}', 1, NULL);

-- ----------------------------
-- Table structure for apm_wechat_template
-- ----------------------------
DROP TABLE IF EXISTS `apm_wechat_template`;
CREATE TABLE `apm_wechat_template`  (
  `id` int(10) UNSIGNED NOT NULL AUTO_INCREMENT COMMENT '模板id',
  `tempkey` char(50) CHARACTER SET utf8 COLLATE utf8_general_ci NOT NULL DEFAULT '' COMMENT '模板编号',
  `name` char(100) CHARACTER SET utf8 COLLATE utf8_general_ci NOT NULL DEFAULT '' COMMENT '模板名',
  `content` varchar(1000) CHARACTER SET utf8 COLLATE utf8_general_ci NOT NULL DEFAULT '' COMMENT '回复内容',
  `tempid` char(100) CHARACTER SET utf8 COLLATE utf8_general_ci NULL DEFAULT NULL COMMENT '模板ID',
  `add_time` varchar(15) CHARACTER SET utf8 COLLATE utf8_general_ci NOT NULL DEFAULT '0' COMMENT '添加时间',
  `status` tinyint(4) NOT NULL DEFAULT 0 COMMENT '状态',
  PRIMARY KEY (`id`) USING BTREE,
  INDEX `tempkey`(`tempkey`) USING BTREE
) ENGINE = InnoDB AUTO_INCREMENT = 15 CHARACTER SET = utf8mb4 COLLATE = utf8mb4_general_ci COMMENT = '微信模板' ROW_FORMAT = Dynamic;

-- ----------------------------
-- Records of apm_wechat_template
-- ----------------------------
INSERT INTO `apm_wechat_template` VALUES (3, 'OPENTM200565259', '订单发货提醒', '{{first.DATA}}\n订单编号：{{keyword1.DATA}}\n物流公司：{{keyword2.DATA}}\n物流单号：{{keyword3.DATA}}\n{{remark.DATA}}', 'KusKZOFc_4CrRU_gzuXMdMMTfFeR-OLVVuDiMyR5PiM', '1515052638', 1);
INSERT INTO `apm_wechat_template` VALUES (13, 'OPENTM207791277', '订单支付成功通知', '{{first.DATA}}\n订单编号：{{keyword1.DATA}}\n支付金额：{{keyword2.DATA}}\n{{remark.DATA}}', 'hJV1d1OwWB_lbPrSaRHi9RGr5CFAF4PJcZdYeg73Mtg', '1528966759', 1);
INSERT INTO `apm_wechat_template` VALUES (14, 'OPENTM405847076', '帐户资金变动提醒', '{{first.DATA}}\n变动类型：{{keyword1.DATA}}\n变动时间：{{keyword2.DATA}}\n变动金额：{{keyword3.DATA}}\n{{remark.DATA}}', 'ePF4RS3ONCEuS9AuPyqZ2Th_B-HZ6E1CIpnJRt7ACwI', '1528966759', 1);

-- ----------------------------
-- Table structure for apm_wechat_user
-- ----------------------------
DROP TABLE IF EXISTS `apm_wechat_user`;
CREATE TABLE `apm_wechat_user`  (
  `uid` int(10) UNSIGNED NOT NULL AUTO_INCREMENT COMMENT '微信用户id',
  `unionid` varchar(30) CHARACTER SET utf8 COLLATE utf8_general_ci NULL DEFAULT NULL COMMENT '只有在用户将公众号绑定到微信开放平台帐号后，才会出现该字段',
  `openid` varchar(30) CHARACTER SET utf8 COLLATE utf8_general_ci NULL DEFAULT NULL COMMENT '用户的标识，对当前公众号唯一',
  `routine_openid` varchar(32) CHARACTER SET utf8 COLLATE utf8_general_ci NULL DEFAULT NULL COMMENT '小程序唯一身份ID',
  `nickname` varchar(200) CHARACTER SET utf8 COLLATE utf8_general_ci NOT NULL COMMENT '用户的昵称',
  `headimgurl` varchar(256) CHARACTER SET utf8 COLLATE utf8_general_ci NOT NULL COMMENT '用户头像',
  `sex` tinyint(3) UNSIGNED NOT NULL DEFAULT 0 COMMENT '用户的性别，值为1时是男性，值为2时是女性，值为0时是未知',
  `city` varchar(64) CHARACTER SET utf8 COLLATE utf8_general_ci NOT NULL COMMENT '用户所在城市',
  `language` varchar(64) CHARACTER SET utf8 COLLATE utf8_general_ci NOT NULL COMMENT '用户的语言，简体中文为zh_CN',
  `province` varchar(64) CHARACTER SET utf8 COLLATE utf8_general_ci NOT NULL COMMENT '用户所在省份',
  `country` varchar(64) CHARACTER SET utf8 COLLATE utf8_general_ci NOT NULL COMMENT '用户所在国家',
  `remark` varchar(256) CHARACTER SET utf8 COLLATE utf8_general_ci NULL DEFAULT NULL COMMENT '公众号运营者对粉丝的备注，公众号运营者可在微信公众平台用户管理界面对粉丝添加备注',
  `groupid` smallint(5) UNSIGNED NULL DEFAULT 0 COMMENT '用户所在的分组ID（兼容旧的用户分组接口）',
  `tagid_list` varchar(256) CHARACTER SET utf8 COLLATE utf8_general_ci NULL DEFAULT NULL COMMENT '用户被打上的标签ID列表',
  `subscribe` tinyint(3) UNSIGNED NULL DEFAULT 1 COMMENT '用户是否订阅该公众号标识',
  `subscribe_time` int(10) UNSIGNED NULL DEFAULT NULL COMMENT '关注公众号时间',
  `add_time` int(10) UNSIGNED NULL DEFAULT NULL COMMENT '添加时间',
  `stair` int(10) UNSIGNED NULL DEFAULT NULL COMMENT '一级推荐人',
  `second` int(10) UNSIGNED NULL DEFAULT NULL COMMENT '二级推荐人',
  `order_stair` int(11) NULL DEFAULT NULL COMMENT '一级推荐人订单',
  `order_second` int(10) UNSIGNED NULL DEFAULT NULL COMMENT '二级推荐人订单',
  `now_money` decimal(8, 2) UNSIGNED NULL DEFAULT NULL COMMENT '佣金',
  `session_key` varchar(32) CHARACTER SET utf8 COLLATE utf8_general_ci NULL DEFAULT NULL COMMENT '小程序用户会话密匙',
  `user_type` varchar(32) CHARACTER SET utf8 COLLATE utf8_general_ci NULL DEFAULT 'wechat' COMMENT '用户类型',
  PRIMARY KEY (`uid`) USING BTREE,
  UNIQUE INDEX `openid`(`openid`) USING BTREE,
  INDEX `groupid`(`groupid`) USING BTREE,
  INDEX `subscribe_time`(`subscribe_time`) USING BTREE,
  INDEX `add_time`(`add_time`) USING BTREE,
  INDEX `subscribe`(`subscribe`) USING BTREE,
  INDEX `unionid`(`unionid`) USING BTREE
) ENGINE = InnoDB AUTO_INCREMENT = 2 CHARACTER SET = utf8mb4 COLLATE = utf8mb4_general_ci COMMENT = '微信用户表' ROW_FORMAT = Dynamic;

-- ----------------------------
-- Records of apm_wechat_user
-- ----------------------------
INSERT INTO `apm_wechat_user` VALUES (1, NULL, NULL, NULL, 'hupeng', '', 0, '', '', '', '', NULL, 0, NULL, 1, NULL, NULL, NULL, NULL, NULL, NULL, NULL, NULL, 'wechat');

-- ----------------------------
-- Table structure for email_config
-- ----------------------------
DROP TABLE IF EXISTS `email_config`;
CREATE TABLE `email_config`  (
  `id` bigint(20) NOT NULL AUTO_INCREMENT COMMENT 'ID',
  `from_user` varchar(255) CHARACTER SET utf8 COLLATE utf8_general_ci NULL DEFAULT NULL COMMENT '收件人',
  `host` varchar(255) CHARACTER SET utf8 COLLATE utf8_general_ci NULL DEFAULT NULL COMMENT '邮件服务器SMTP地址',
  `pass` varchar(255) CHARACTER SET utf8 COLLATE utf8_general_ci NULL DEFAULT NULL COMMENT '密码',
  `port` varchar(255) CHARACTER SET utf8 COLLATE utf8_general_ci NULL DEFAULT NULL COMMENT '端口',
  `user` varchar(255) CHARACTER SET utf8 COLLATE utf8_general_ci NULL DEFAULT NULL COMMENT '发件者用户名',
  PRIMARY KEY (`id`) USING BTREE
) ENGINE = InnoDB AUTO_INCREMENT = 2 CHARACTER SET = utf8mb4 COLLATE = utf8mb4_general_ci COMMENT = '邮箱配置' ROW_FORMAT = Compact;

-- ----------------------------
-- Records of email_config
-- ----------------------------
INSERT INTO `email_config` VALUES (1, '111@qq.com', '111', '111', '111', '1');

-- ----------------------------
-- Table structure for gen_table
-- ----------------------------
DROP TABLE IF EXISTS `gen_table`;
CREATE TABLE `gen_table`  (
  `table_id` bigint(20) NOT NULL AUTO_INCREMENT COMMENT '编号',
  `table_name` varchar(200) CHARACTER SET utf8mb4 COLLATE utf8mb4_general_ci NULL DEFAULT '' COMMENT '表名称',
  `table_comment` varchar(500) CHARACTER SET utf8mb4 COLLATE utf8mb4_general_ci NULL DEFAULT '' COMMENT '表描述',
  `class_name` varchar(100) CHARACTER SET utf8mb4 COLLATE utf8mb4_general_ci NULL DEFAULT '' COMMENT '实体类名称',
  `tpl_category` varchar(200) CHARACTER SET utf8mb4 COLLATE utf8mb4_general_ci NULL DEFAULT 'crud' COMMENT '使用的模板（crud单表操作 tree树表操作）',
  `package_name` varchar(100) CHARACTER SET utf8mb4 COLLATE utf8mb4_general_ci NULL DEFAULT NULL COMMENT '生成包路径',
  `module_name` varchar(30) CHARACTER SET utf8mb4 COLLATE utf8mb4_general_ci NULL DEFAULT NULL COMMENT '生成模块名',
  `business_name` varchar(30) CHARACTER SET utf8mb4 COLLATE utf8mb4_general_ci NULL DEFAULT NULL COMMENT '生成业务名',
  `function_name` varchar(50) CHARACTER SET utf8mb4 COLLATE utf8mb4_general_ci NULL DEFAULT NULL COMMENT '生成功能名',
  `function_author` varchar(50) CHARACTER SET utf8mb4 COLLATE utf8mb4_general_ci NULL DEFAULT NULL COMMENT '生成功能作者',
  `gen_type` char(1) CHARACTER SET utf8mb4 COLLATE utf8mb4_general_ci NULL DEFAULT '0' COMMENT '生成代码方式（0zip压缩包 1自定义路径）',
  `gen_path` varchar(200) CHARACTER SET utf8mb4 COLLATE utf8mb4_general_ci NULL DEFAULT '/' COMMENT '生成路径（不填默认项目路径）',
  `options` varchar(1000) CHARACTER SET utf8mb4 COLLATE utf8mb4_general_ci NULL DEFAULT NULL COMMENT '其它生成选项',
  `create_by` varchar(64) CHARACTER SET utf8mb4 COLLATE utf8mb4_general_ci NULL DEFAULT '' COMMENT '创建者',
  `create_time` datetime(0) NULL DEFAULT NULL COMMENT '创建时间',
  `update_by` varchar(64) CHARACTER SET utf8mb4 COLLATE utf8mb4_general_ci NULL DEFAULT '' COMMENT '更新者',
  `update_time` datetime(0) NULL DEFAULT NULL COMMENT '更新时间',
  `remark` varchar(500) CHARACTER SET utf8mb4 COLLATE utf8mb4_general_ci NULL DEFAULT NULL COMMENT '备注',
  PRIMARY KEY (`table_id`) USING BTREE
) ENGINE = InnoDB AUTO_INCREMENT = 55 CHARACTER SET = utf8mb4 COLLATE = utf8mb4_general_ci COMMENT = '代码生成业务表' ROW_FORMAT = Dynamic;

-- ----------------------------
-- Records of gen_table
-- ----------------------------
INSERT INTO `gen_table` VALUES (30, 'apm_store_order', '订单表', 'ApmStoreOrder', 'crud', 'cn.saberking.jvav.apm.mall', 'mall', 'order', '订单', 'apm', '0', '/', '{}', 'admin', '2020-10-06 09:58:01', '', '2020-10-07 02:13:27', NULL);
INSERT INTO `gen_table` VALUES (31, 'apm_store_order_cart_info', '订单购物详情表', 'ApmStoreOrderCartInfo', 'crud', 'cn.saberking.jvav.apm.mall', 'mall', 'info', '订单购物详情', 'apm', '0', '/', '{}', 'admin', '2020-10-06 09:58:01', '', '2020-10-07 03:46:18', NULL);
INSERT INTO `gen_table` VALUES (32, 'apm_store_order_status', '订单操作记录表', 'ApmStoreOrderStatus', 'crud', 'cn.saberking.jvav.apm.mall', 'mall', 'status', '订单操作记录', 'apm', '0', '/', '{}', 'admin', '2020-10-06 09:58:01', '', '2020-10-07 04:06:37', NULL);
INSERT INTO `gen_table` VALUES (37, 'apm_store_product_relation', '商品点赞和收藏表', 'ApmStoreProductRelation', 'crud', 'cn.saberking.jvav.apm.mall', 'mall', 'relation', '商品点赞和收藏', 'apm', '0', '/', NULL, 'admin', '2020-10-06 09:58:01', '', NULL, NULL);
INSERT INTO `gen_table` VALUES (41, 'apm_user', '用户信息表', 'ApmUser', 'crud', 'cn.saberking.jvav.apm.mall', 'mall', 'user', '用户管理', 'apm', '0', '/', '{\"parentMenuId\":1061}', 'admin', '2020-10-07 07:50:39', '', '2020-10-07 08:05:30', '用户基本信息管理');
INSERT INTO `gen_table` VALUES (43, 'apm_user_bill', '用户账单表', 'ApmUserBill', 'crud', 'cn.saberking.jvav.apm.mall', 'mall', 'bill', '用户账单', 'apm', '0', '/', NULL, 'admin', '2020-10-07 07:50:39', '', NULL, NULL);
INSERT INTO `gen_table` VALUES (44, 'apm_store_category', '商品分类表', 'ApmStoreCategory', 'tree', 'cn.saberking.jvav.apm.mall', 'mall', 'category', '商品分类', 'apm', '0', '/', '{\"treeCode\":\"id\",\"treeName\":\"cate_name\",\"treeParentCode\":\"pid\",\"parentMenuId\":\"1061\"}', 'admin', '2020-10-11 11:21:15', '', '2020-10-11 12:24:26', NULL);
INSERT INTO `gen_table` VALUES (45, 'apm_store_product', '商品表', 'ApmStoreProduct', 'crud', 'cn.saberking.jvav.apm.mall', 'mall', 'product', '商品', 'apm', '0', '/', '{}', 'admin', '2020-10-11 12:35:17', '', '2020-10-14 13:28:02', NULL);
INSERT INTO `gen_table` VALUES (46, 'apm_store_product_attr', '商品属性表', 'ApmStoreProductAttr', 'crud', 'cn.saberking.jvav.apm.mall', 'mall', 'attr', '商品属性', 'apm', '0', '/', '{\"parentMenuId\":1085}', 'admin', '2020-10-11 12:38:22', '', '2020-10-17 11:53:10', NULL);
INSERT INTO `gen_table` VALUES (47, 'apm_store_product_attr_value', '商品属性值表', 'ApmStoreProductAttrValue', 'crud', 'cn.saberking.jvav.apm.mall', 'mall', 'value', '属性组合', 'apm', '0', '/', '{\"parentMenuId\":1085}', 'admin', '2020-10-11 12:40:48', '', '2020-10-17 14:46:47', NULL);
INSERT INTO `gen_table` VALUES (48, 'apm_user_address', '用户地址表', 'ApmUserAddress', 'crud', 'cn.saberking.jvav.apm.mall', 'mall', 'address', '用户地址', 'apm', '0', '/', '{}', 'admin', '2020-10-12 06:26:14', '', '2020-10-12 06:33:31', NULL);
INSERT INTO `gen_table` VALUES (49, 'apm_store_product_attr_result', '商品属性详情表', 'ApmStoreProductAttrResult', 'crud', 'cn.saberking.jvav.apm.mall', 'mall', 'result', '商品属性详情', 'apm', '0', '/', '{\"parentMenuId\":1061}', 'admin', '2020-10-13 07:30:41', '', '2020-10-13 07:32:52', '商品属性详情表');
INSERT INTO `gen_table` VALUES (50, 'apm_store_cart', '购物车表', 'ApmStoreCart', 'crud', 'cn.saberking.jvav.apm.mall', 'mall', 'cart', '购物车', 'apm', '0', '/', NULL, 'admin', '2020-10-14 07:54:44', '', NULL, NULL);
INSERT INTO `gen_table` VALUES (54, 'sys_upload_file', '文件管理表', 'SysUploadFile', 'crud', 'cn.saberking.jvav.apm.system', 'system', 'file', '文件管理', 'apm', '0', '/', '{\"parentMenuId\":\"1\"}', 'admin', '2020-10-16 03:35:46', '', '2020-10-16 03:42:04', '文件管理');

-- ----------------------------
-- Table structure for gen_table_column
-- ----------------------------
DROP TABLE IF EXISTS `gen_table_column`;
CREATE TABLE `gen_table_column`  (
  `column_id` bigint(20) NOT NULL AUTO_INCREMENT COMMENT '编号',
  `table_id` varchar(64) CHARACTER SET utf8mb4 COLLATE utf8mb4_general_ci NULL DEFAULT NULL COMMENT '归属表编号',
  `column_name` varchar(200) CHARACTER SET utf8mb4 COLLATE utf8mb4_general_ci NULL DEFAULT NULL COMMENT '列名称',
  `column_comment` varchar(500) CHARACTER SET utf8mb4 COLLATE utf8mb4_general_ci NULL DEFAULT NULL COMMENT '列描述',
  `column_type` varchar(100) CHARACTER SET utf8mb4 COLLATE utf8mb4_general_ci NULL DEFAULT NULL COMMENT '列类型',
  `java_type` varchar(500) CHARACTER SET utf8mb4 COLLATE utf8mb4_general_ci NULL DEFAULT NULL COMMENT 'JAVA类型',
  `java_field` varchar(200) CHARACTER SET utf8mb4 COLLATE utf8mb4_general_ci NULL DEFAULT NULL COMMENT 'JAVA字段名',
  `is_pk` char(1) CHARACTER SET utf8mb4 COLLATE utf8mb4_general_ci NULL DEFAULT NULL COMMENT '是否主键（1是）',
  `is_increment` char(1) CHARACTER SET utf8mb4 COLLATE utf8mb4_general_ci NULL DEFAULT NULL COMMENT '是否自增（1是）',
  `is_required` char(1) CHARACTER SET utf8mb4 COLLATE utf8mb4_general_ci NULL DEFAULT NULL COMMENT '是否必填（1是）',
  `is_insert` char(1) CHARACTER SET utf8mb4 COLLATE utf8mb4_general_ci NULL DEFAULT NULL COMMENT '是否为插入字段（1是）',
  `is_edit` char(1) CHARACTER SET utf8mb4 COLLATE utf8mb4_general_ci NULL DEFAULT NULL COMMENT '是否编辑字段（1是）',
  `is_list` char(1) CHARACTER SET utf8mb4 COLLATE utf8mb4_general_ci NULL DEFAULT NULL COMMENT '是否列表字段（1是）',
  `is_query` char(1) CHARACTER SET utf8mb4 COLLATE utf8mb4_general_ci NULL DEFAULT NULL COMMENT '是否查询字段（1是）',
  `query_type` varchar(200) CHARACTER SET utf8mb4 COLLATE utf8mb4_general_ci NULL DEFAULT 'EQ' COMMENT '查询方式（等于、不等于、大于、小于、范围）',
  `html_type` varchar(200) CHARACTER SET utf8mb4 COLLATE utf8mb4_general_ci NULL DEFAULT NULL COMMENT '显示类型（文本框、文本域、下拉框、复选框、单选框、日期控件）',
  `dict_type` varchar(200) CHARACTER SET utf8mb4 COLLATE utf8mb4_general_ci NULL DEFAULT '' COMMENT '字典类型',
  `sort` int(11) NULL DEFAULT NULL COMMENT '排序',
  `create_by` varchar(64) CHARACTER SET utf8mb4 COLLATE utf8mb4_general_ci NULL DEFAULT '' COMMENT '创建者',
  `create_time` datetime(0) NULL DEFAULT NULL COMMENT '创建时间',
  `update_by` varchar(64) CHARACTER SET utf8mb4 COLLATE utf8mb4_general_ci NULL DEFAULT '' COMMENT '更新者',
  `update_time` datetime(0) NULL DEFAULT NULL COMMENT '更新时间',
  PRIMARY KEY (`column_id`) USING BTREE
) ENGINE = InnoDB AUTO_INCREMENT = 791 CHARACTER SET = utf8mb4 COLLATE = utf8mb4_general_ci COMMENT = '代码生成业务表字段' ROW_FORMAT = Dynamic;

-- ----------------------------
-- Records of gen_table_column
-- ----------------------------
INSERT INTO `gen_table_column` VALUES (431, '30', 'id', '订单ID', 'int(10) unsigned', 'Integer', 'id', '1', '1', NULL, '1', NULL, NULL, NULL, 'EQ', 'input', '', 1, 'admin', '2020-10-06 09:58:01', '', '2020-10-07 02:13:27');
INSERT INTO `gen_table_column` VALUES (432, '30', 'order_id', '订单号', 'varchar(32)', 'String', 'orderId', '0', '0', '1', '1', '1', '1', '1', 'EQ', 'input', '', 2, 'admin', '2020-10-06 09:58:01', '', '2020-10-07 02:13:27');
INSERT INTO `gen_table_column` VALUES (433, '30', 'extend_order_id', '额外订单号', 'varchar(32)', 'String', 'extendOrderId', '0', '0', NULL, '1', NULL, NULL, NULL, 'EQ', 'input', '', 3, 'admin', '2020-10-06 09:58:01', '', '2020-10-07 02:13:27');
INSERT INTO `gen_table_column` VALUES (434, '30', 'user_id', '用户id', 'int(10) unsigned', 'Integer', 'userId', '0', '0', NULL, '1', NULL, NULL, NULL, 'EQ', 'input', '', 4, 'admin', '2020-10-06 09:58:01', '', '2020-10-07 02:13:27');
INSERT INTO `gen_table_column` VALUES (435, '30', 'real_name', '用户姓名', 'varchar(32)', 'String', 'realName', '0', '0', NULL, '1', '1', NULL, NULL, 'LIKE', 'input', '', 5, 'admin', '2020-10-06 09:58:01', '', '2020-10-07 02:13:27');
INSERT INTO `gen_table_column` VALUES (436, '30', 'user_phone', '用户电话', 'varchar(18)', 'String', 'userPhone', '0', '0', NULL, '1', '1', NULL, NULL, 'EQ', 'input', '', 6, 'admin', '2020-10-06 09:58:01', '', '2020-10-07 02:13:27');
INSERT INTO `gen_table_column` VALUES (437, '30', 'user_address', '详细地址', 'varchar(100)', 'String', 'userAddress', '0', '0', NULL, '1', '1', NULL, NULL, 'EQ', 'input', '', 7, 'admin', '2020-10-06 09:58:01', '', '2020-10-07 02:13:27');
INSERT INTO `gen_table_column` VALUES (438, '30', 'cart_id', '购物车id', 'varchar(256)', 'String', 'cartId', '0', '0', NULL, '1', NULL, NULL, NULL, 'EQ', 'input', '', 8, 'admin', '2020-10-06 09:58:01', '', '2020-10-07 02:13:27');
INSERT INTO `gen_table_column` VALUES (439, '30', 'freight_price', '运费金额', 'decimal(8,2)', 'BigDecimal', 'freightPrice', '0', '0', NULL, '1', NULL, NULL, NULL, 'EQ', 'input', '', 9, 'admin', '2020-10-06 09:58:01', '', '2020-10-07 02:13:27');
INSERT INTO `gen_table_column` VALUES (440, '30', 'total_num', '订单商品总数', 'int(10) unsigned', 'Integer', 'totalNum', '0', '0', NULL, '1', '1', '1', NULL, 'EQ', 'input', '', 10, 'admin', '2020-10-06 09:58:01', '', '2020-10-07 02:13:27');
INSERT INTO `gen_table_column` VALUES (441, '30', 'total_price', '订单总价', 'decimal(8,2) unsigned', 'BigDecimal', 'totalPrice', '0', '0', NULL, '1', '1', '1', NULL, 'EQ', 'input', '', 11, 'admin', '2020-10-06 09:58:01', '', '2020-10-07 02:13:27');
INSERT INTO `gen_table_column` VALUES (442, '30', 'total_postage', '邮费', 'decimal(8,2) unsigned', 'BigDecimal', 'totalPostage', '0', '0', NULL, '1', '1', NULL, NULL, 'EQ', 'input', '', 12, 'admin', '2020-10-06 09:58:01', '', '2020-10-07 02:13:27');
INSERT INTO `gen_table_column` VALUES (443, '30', 'pay_price', '实际支付金额', 'decimal(8,2) unsigned', 'BigDecimal', 'payPrice', '0', '0', NULL, '1', '1', NULL, NULL, 'EQ', 'input', '', 13, 'admin', '2020-10-06 09:58:01', '', '2020-10-07 02:13:27');
INSERT INTO `gen_table_column` VALUES (444, '30', 'pay_postage', '支付邮费', 'decimal(8,2) unsigned', 'BigDecimal', 'payPostage', '0', '0', NULL, '1', '1', NULL, NULL, 'EQ', 'input', '', 14, 'admin', '2020-10-06 09:58:01', '', '2020-10-07 02:13:27');
INSERT INTO `gen_table_column` VALUES (445, '30', 'deduction_price', '抵扣金额', 'decimal(8,2) unsigned', 'BigDecimal', 'deductionPrice', '0', '0', NULL, '1', NULL, NULL, NULL, 'EQ', 'input', '', 15, 'admin', '2020-10-06 09:58:01', '', '2020-10-07 02:13:27');
INSERT INTO `gen_table_column` VALUES (446, '30', 'coupon_id', '优惠券id', 'int(10) unsigned', 'Integer', 'couponId', '0', '0', NULL, '1', NULL, NULL, NULL, 'EQ', 'input', '', 16, 'admin', '2020-10-06 09:58:01', '', '2020-10-07 02:13:27');
INSERT INTO `gen_table_column` VALUES (447, '30', 'coupon_price', '优惠券金额', 'decimal(8,2) unsigned', 'BigDecimal', 'couponPrice', '0', '0', NULL, '1', NULL, NULL, NULL, 'EQ', 'input', '', 17, 'admin', '2020-10-06 09:58:01', '', '2020-10-07 02:13:27');
INSERT INTO `gen_table_column` VALUES (448, '30', 'paid', '支付状态', 'tinyint(3) unsigned', 'Integer', 'paid', '0', '0', NULL, '1', '1', '1', NULL, 'EQ', 'input', '', 18, 'admin', '2020-10-06 09:58:01', '', '2020-10-07 02:13:27');
INSERT INTO `gen_table_column` VALUES (449, '30', 'pay_time', '支付时间', 'int(10) unsigned', 'Integer', 'payTime', '0', '0', NULL, '1', '1', '1', NULL, 'EQ', 'input', '', 19, 'admin', '2020-10-06 09:58:01', '', '2020-10-07 02:13:27');
INSERT INTO `gen_table_column` VALUES (450, '30', 'pay_type', '支付方式', 'varchar(32)', 'String', 'payType', '0', '0', NULL, '1', '1', NULL, NULL, 'EQ', 'select', '', 20, 'admin', '2020-10-06 09:58:01', '', '2020-10-07 02:13:27');
INSERT INTO `gen_table_column` VALUES (451, '30', 'add_time', '创建时间', 'int(10) unsigned', 'Date', 'addTime', '0', '0', NULL, '1', '1', NULL, NULL, 'EQ', 'input', '', 21, 'admin', '2020-10-06 09:58:01', '', '2020-10-07 02:13:27');
INSERT INTO `gen_table_column` VALUES (452, '30', 'status', '订单状态（-1 : 申请退款 -2 : 退货成功 0：待发货；1：待收货；2：已收货；3：待评价；-1：已退款）', 'tinyint(1)', 'Integer', 'status', '0', '0', NULL, '1', '1', NULL, NULL, 'EQ', 'radio', 'order_status', 22, 'admin', '2020-10-06 09:58:01', '', '2020-10-07 02:13:27');
INSERT INTO `gen_table_column` VALUES (453, '30', 'refund_status', '0 未退款 1 申请中 2 已退款', 'tinyint(3) unsigned', 'Integer', 'refundStatus', '0', '0', NULL, '1', NULL, NULL, NULL, 'EQ', 'radio', 'money_status', 23, 'admin', '2020-10-06 09:58:01', '', '2020-10-07 02:13:27');
INSERT INTO `gen_table_column` VALUES (454, '30', 'refund_reason_wap_img', '退款图片', 'varchar(255)', 'String', 'refundReasonWapImg', '0', '0', NULL, '1', NULL, NULL, NULL, 'EQ', 'input', '', 24, 'admin', '2020-10-06 09:58:01', '', '2020-10-07 02:13:27');
INSERT INTO `gen_table_column` VALUES (455, '30', 'refund_reason_wap_explain', '退款用户说明', 'varchar(255)', 'String', 'refundReasonWapExplain', '0', '0', NULL, '1', NULL, NULL, NULL, 'EQ', 'input', '', 25, 'admin', '2020-10-06 09:58:01', '', '2020-10-07 02:13:27');
INSERT INTO `gen_table_column` VALUES (456, '30', 'refund_reason_time', '退款时间', 'int(10) unsigned', 'Integer', 'refundReasonTime', '0', '0', NULL, '1', NULL, NULL, NULL, 'EQ', 'input', '', 26, 'admin', '2020-10-06 09:58:01', '', '2020-10-07 02:13:27');
INSERT INTO `gen_table_column` VALUES (457, '30', 'refund_reason_wap', '前台退款原因', 'varchar(255)', 'String', 'refundReasonWap', '0', '0', NULL, '1', NULL, NULL, NULL, 'EQ', 'input', '', 27, 'admin', '2020-10-06 09:58:01', '', '2020-10-07 02:13:27');
INSERT INTO `gen_table_column` VALUES (458, '30', 'refund_reason', '不退款的理由', 'varchar(255)', 'String', 'refundReason', '0', '0', NULL, '1', NULL, NULL, NULL, 'EQ', 'input', '', 28, 'admin', '2020-10-06 09:58:01', '', '2020-10-07 02:13:27');
INSERT INTO `gen_table_column` VALUES (459, '30', 'refund_price', '退款金额', 'decimal(8,2) unsigned', 'BigDecimal', 'refundPrice', '0', '0', NULL, '1', '1', NULL, NULL, 'EQ', 'input', '', 29, 'admin', '2020-10-06 09:58:01', '', '2020-10-07 02:13:27');
INSERT INTO `gen_table_column` VALUES (460, '30', 'delivery_sn', '快递公司编号', 'varchar(100)', 'String', 'deliverySn', '0', '0', NULL, '1', '1', NULL, NULL, 'EQ', 'input', '', 30, 'admin', '2020-10-06 09:58:01', '', '2020-10-07 02:13:27');
INSERT INTO `gen_table_column` VALUES (461, '30', 'delivery_name', '快递名称/送货人姓名', 'varchar(64)', 'String', 'deliveryName', '0', '0', NULL, '1', '1', NULL, NULL, 'LIKE', 'input', '', 31, 'admin', '2020-10-06 09:58:01', '', '2020-10-07 02:13:27');
INSERT INTO `gen_table_column` VALUES (462, '30', 'delivery_type', '发货类型', 'varchar(32)', 'String', 'deliveryType', '0', '0', NULL, '1', '1', NULL, NULL, 'EQ', 'select', '', 32, 'admin', '2020-10-06 09:58:01', '', '2020-10-07 02:13:27');
INSERT INTO `gen_table_column` VALUES (463, '30', 'delivery_id', '快递单号/手机号', 'varchar(64)', 'String', 'deliveryId', '0', '0', NULL, '1', '1', NULL, NULL, 'EQ', 'input', '', 33, 'admin', '2020-10-06 09:58:01', '', '2020-10-07 02:13:27');
INSERT INTO `gen_table_column` VALUES (464, '30', 'gain_integral', '消费赚取积分', 'decimal(8,2) unsigned', 'BigDecimal', 'gainIntegral', '0', '0', NULL, '1', NULL, NULL, NULL, 'EQ', 'input', '', 34, 'admin', '2020-10-06 09:58:01', '', '2020-10-07 02:13:27');
INSERT INTO `gen_table_column` VALUES (465, '30', 'use_integral', '使用积分', 'decimal(8,2) unsigned', 'BigDecimal', 'useIntegral', '0', '0', NULL, '1', NULL, NULL, NULL, 'EQ', 'input', '', 35, 'admin', '2020-10-06 09:58:01', '', '2020-10-07 02:13:27');
INSERT INTO `gen_table_column` VALUES (466, '30', 'back_integral', '给用户退了多少积分', 'decimal(8,2) unsigned', 'BigDecimal', 'backIntegral', '0', '0', NULL, '1', NULL, NULL, NULL, 'EQ', 'input', '', 36, 'admin', '2020-10-06 09:58:01', '', '2020-10-07 02:13:27');
INSERT INTO `gen_table_column` VALUES (467, '30', 'mark', '备注', 'varchar(512)', 'String', 'mark', '0', '0', NULL, '1', NULL, NULL, NULL, 'EQ', 'textarea', '', 37, 'admin', '2020-10-06 09:58:01', '', '2020-10-07 02:13:27');
INSERT INTO `gen_table_column` VALUES (468, '30', 'is_del', '是否删除', 'tinyint(3) unsigned', 'Integer', 'isDel', '0', '0', NULL, '1', NULL, NULL, NULL, 'EQ', 'input', '', 38, 'admin', '2020-10-06 09:58:01', '', '2020-10-07 02:13:27');
INSERT INTO `gen_table_column` VALUES (469, '30', 'unique', '唯一id(md5加密)类似id', 'char(32)', 'String', 'unique', '0', '0', NULL, '1', NULL, NULL, NULL, 'EQ', 'input', '', 39, 'admin', '2020-10-06 09:58:01', '', '2020-10-07 02:13:28');
INSERT INTO `gen_table_column` VALUES (470, '30', 'remark', '管理员备注', 'varchar(512)', 'String', 'remark', '0', '0', NULL, '1', NULL, NULL, NULL, 'EQ', 'textarea', '', 40, 'admin', '2020-10-06 09:58:01', '', '2020-10-07 02:13:28');
INSERT INTO `gen_table_column` VALUES (471, '30', 'is_mer_check', NULL, 'tinyint(3) unsigned', 'Integer', 'isMerCheck', '0', '0', NULL, '1', NULL, NULL, NULL, 'EQ', 'input', '', 41, 'admin', '2020-10-06 09:58:01', '', '2020-10-07 02:13:28');
INSERT INTO `gen_table_column` VALUES (472, '30', 'cost', '成本价', 'decimal(8,2) unsigned', 'BigDecimal', 'cost', '0', '0', NULL, '1', NULL, NULL, NULL, 'EQ', 'input', '', 42, 'admin', '2020-10-06 09:58:01', '', '2020-10-07 02:13:28');
INSERT INTO `gen_table_column` VALUES (473, '30', 'verify_code', '核销码', 'varchar(50)', 'String', 'verifyCode', '0', '0', NULL, '1', NULL, NULL, NULL, 'EQ', 'input', '', 43, 'admin', '2020-10-06 09:58:01', '', '2020-10-07 02:13:28');
INSERT INTO `gen_table_column` VALUES (474, '30', 'store_id', '门店id', 'int(11)', 'Long', 'storeId', '0', '0', NULL, '1', NULL, NULL, NULL, 'EQ', 'input', '', 44, 'admin', '2020-10-06 09:58:01', '', '2020-10-07 02:13:28');
INSERT INTO `gen_table_column` VALUES (475, '30', 'shipping_type', '配送方式 1=快递 ，2=门店自提', 'tinyint(1)', 'Integer', 'shippingType', '0', '0', NULL, '1', NULL, NULL, NULL, 'EQ', 'select', ' dstribution_mode', 45, 'admin', '2020-10-06 09:58:01', '', '2020-10-07 02:13:28');
INSERT INTO `gen_table_column` VALUES (476, '30', 'is_channel', '支付渠道(0微信公众号1微信小程序)', 'tinyint(3) unsigned', 'Integer', 'isChannel', '0', '0', NULL, '1', NULL, NULL, NULL, 'EQ', 'input', 'payment_channels', 46, 'admin', '2020-10-06 09:58:01', '', '2020-10-07 02:13:28');
INSERT INTO `gen_table_column` VALUES (477, '30', 'is_remind', NULL, 'tinyint(3) unsigned', 'Integer', 'isRemind', '0', '0', NULL, '1', NULL, NULL, NULL, 'EQ', 'input', '', 47, 'admin', '2020-10-06 09:58:01', '', '2020-10-07 02:13:28');
INSERT INTO `gen_table_column` VALUES (478, '30', 'is_system_del', NULL, 'tinyint(1)', 'Integer', 'isSystemDel', '0', '0', NULL, '1', NULL, NULL, NULL, 'EQ', 'input', '', 48, 'admin', '2020-10-06 09:58:01', '', '2020-10-07 02:13:28');
INSERT INTO `gen_table_column` VALUES (479, '31', 'id', NULL, 'int(10) unsigned', 'Integer', 'id', '1', '1', NULL, '1', NULL, NULL, NULL, 'EQ', 'input', '', 1, 'admin', '2020-10-06 09:58:01', '', '2020-10-07 03:46:18');
INSERT INTO `gen_table_column` VALUES (480, '31', 'order_id', '订单id', 'int(10) unsigned', 'Integer', 'orderId', '0', '0', '1', '1', '1', '1', '1', 'EQ', 'input', '', 2, 'admin', '2020-10-06 09:58:01', '', '2020-10-07 03:46:18');
INSERT INTO `gen_table_column` VALUES (481, '31', 'cart_id', '购物车id', 'int(10) unsigned', 'Integer', 'cartId', '0', '0', '1', '1', '1', '1', NULL, 'EQ', 'input', '', 3, 'admin', '2020-10-06 09:58:01', '', '2020-10-07 03:46:18');
INSERT INTO `gen_table_column` VALUES (482, '31', 'product_id', '商品ID', 'int(10) unsigned', 'Integer', 'productId', '0', '0', '1', '1', '1', '1', NULL, 'EQ', 'input', '', 4, 'admin', '2020-10-06 09:58:01', '', '2020-10-07 03:46:18');
INSERT INTO `gen_table_column` VALUES (483, '31', 'cart_info', '购买东西的详细信息', 'text', 'String', 'cartInfo', '0', '0', '1', '1', '1', '1', NULL, 'EQ', 'input', '', 5, 'admin', '2020-10-06 09:58:01', '', '2020-10-07 03:46:18');
INSERT INTO `gen_table_column` VALUES (484, '31', 'unique', '唯一id', 'varchar(50)', 'String', 'unique', '0', '0', NULL, NULL, NULL, NULL, NULL, 'EQ', 'input', '', 6, 'admin', '2020-10-06 09:58:01', '', '2020-10-07 03:46:18');
INSERT INTO `gen_table_column` VALUES (485, '32', 'id', NULL, 'int(10) unsigned', 'Integer', 'id', '1', '1', NULL, '1', NULL, NULL, NULL, 'EQ', 'input', '', 1, 'admin', '2020-10-06 09:58:01', '', '2020-10-07 04:06:37');
INSERT INTO `gen_table_column` VALUES (486, '32', 'oid', '订单id', 'int(10) unsigned', 'Integer', 'oid', '0', '0', '1', '1', '1', '1', '1', 'EQ', 'input', '', 2, 'admin', '2020-10-06 09:58:01', '', '2020-10-07 04:06:37');
INSERT INTO `gen_table_column` VALUES (487, '32', 'change_type', '操作类型', 'varchar(32)', 'String', 'changeType', '0', '0', '1', '1', '1', '1', NULL, 'EQ', 'select', '', 3, 'admin', '2020-10-06 09:58:01', '', '2020-10-07 04:06:37');
INSERT INTO `gen_table_column` VALUES (488, '32', 'change_message', '操作备注', 'varchar(256)', 'String', 'changeMessage', '0', '0', '1', '1', '1', '1', NULL, 'EQ', 'input', '', 4, 'admin', '2020-10-06 09:58:01', '', '2020-10-07 04:06:37');
INSERT INTO `gen_table_column` VALUES (489, '32', 'change_time', '操作时间', 'int(10) unsigned', 'Integer', 'changeTime', '0', '0', '1', '1', '1', '1', NULL, 'EQ', 'input', '', 5, 'admin', '2020-10-06 09:58:01', '', '2020-10-07 04:06:37');
INSERT INTO `gen_table_column` VALUES (542, '37', 'id', NULL, 'int(10) unsigned', 'Integer', 'id', '1', '1', NULL, '1', NULL, NULL, NULL, 'EQ', 'input', '', 1, 'admin', '2020-10-06 09:58:01', '', NULL);
INSERT INTO `gen_table_column` VALUES (543, '37', 'uid', '用户ID', 'int(10) unsigned', 'Integer', 'uid', '0', '0', '1', '1', '1', '1', '1', 'EQ', 'input', '', 2, 'admin', '2020-10-06 09:58:01', '', NULL);
INSERT INTO `gen_table_column` VALUES (544, '37', 'product_id', '商品ID', 'int(10) unsigned', 'Integer', 'productId', '0', '0', '1', '1', '1', '1', '1', 'EQ', 'input', '', 3, 'admin', '2020-10-06 09:58:01', '', NULL);
INSERT INTO `gen_table_column` VALUES (545, '37', 'type', '类型(收藏(collect）、点赞(like))', 'varchar(32)', 'String', 'type', '0', '0', '1', '1', '1', '1', '1', 'EQ', 'select', '', 4, 'admin', '2020-10-06 09:58:01', '', NULL);
INSERT INTO `gen_table_column` VALUES (546, '37', 'category', '某种类型的商品(普通商品、二手闲置商品)', 'varchar(32)', 'String', 'category', '0', '0', '1', '1', '1', '1', '1', 'EQ', 'input', '', 5, 'admin', '2020-10-06 09:58:01', '', NULL);
INSERT INTO `gen_table_column` VALUES (547, '37', 'add_time', '添加时间', 'int(10) unsigned', 'Integer', 'addTime', '0', '0', '1', '1', '1', '1', '1', 'EQ', 'input', '', 6, 'admin', '2020-10-06 09:58:01', '', NULL);
INSERT INTO `gen_table_column` VALUES (600, '41', 'user_id', '用户ID', 'bigint(20)', 'Long', 'userId', '1', '1', NULL, NULL, NULL, NULL, NULL, 'EQ', 'input', '', 1, 'admin', '2020-10-07 07:50:39', '', '2020-10-07 08:05:30');
INSERT INTO `gen_table_column` VALUES (601, '41', 'user_name', '用户账号', 'varchar(30)', 'String', 'userName', '0', '0', '1', NULL, NULL, '1', NULL, 'EQ', 'input', '', 2, 'admin', '2020-10-07 07:50:39', '', '2020-10-07 08:05:30');
INSERT INTO `gen_table_column` VALUES (602, '41', 'nick_name', '用户昵称', 'varchar(30)', 'String', 'nickName', '0', '0', '1', NULL, NULL, '1', '1', 'LIKE', 'input', '', 3, 'admin', '2020-10-07 07:50:39', '', '2020-10-07 08:05:30');
INSERT INTO `gen_table_column` VALUES (603, '41', 'user_type', '用户类型（00普通用户）', 'varchar(2)', 'String', 'userType', '0', '0', '1', '1', NULL, NULL, NULL, 'EQ', 'select', 'sys_user_type', 4, 'admin', '2020-10-07 07:50:39', '', '2020-10-07 08:05:30');
INSERT INTO `gen_table_column` VALUES (604, '41', 'email', '用户邮箱', 'varchar(50)', 'String', 'email', '0', '0', NULL, NULL, '1', '1', NULL, 'EQ', 'input', '', 5, 'admin', '2020-10-07 07:50:39', '', '2020-10-07 08:05:30');
INSERT INTO `gen_table_column` VALUES (605, '41', 'phonenumber', '手机号码', 'varchar(11)', 'String', 'phoneNumber', '0', '0', '1', '1', '1', '1', '1', 'EQ', 'input', '', 6, 'admin', '2020-10-07 07:50:39', '', '2020-10-07 08:05:30');
INSERT INTO `gen_table_column` VALUES (606, '41', 'sex', '用户性别（0男 1女 2未知）', 'char(1)', 'String', 'sex', '0', '0', NULL, NULL, NULL, '1', NULL, 'EQ', 'select', 'sys_user_sex', 7, 'admin', '2020-10-07 07:50:39', '', '2020-10-07 08:05:30');
INSERT INTO `gen_table_column` VALUES (607, '41', 'avatar', '头像地址', 'varchar(100)', 'String', 'avatar', '0', '0', NULL, NULL, NULL, '1', NULL, 'EQ', 'input', '', 8, 'admin', '2020-10-07 07:50:39', '', '2020-10-07 08:05:30');
INSERT INTO `gen_table_column` VALUES (608, '41', 'password', '密码', 'varchar(100)', 'String', 'password', '0', '0', '1', '1', '1', NULL, NULL, 'EQ', 'input', '', 9, 'admin', '2020-10-07 07:50:39', '', '2020-10-07 08:05:30');
INSERT INTO `gen_table_column` VALUES (609, '41', 'status', '帐号状态（0正常 1停用）', 'char(1)', 'String', 'status', '0', '0', '1', '1', '1', '1', '1', 'EQ', 'radio', 'sys_user_status', 10, 'admin', '2020-10-07 07:50:39', '', '2020-10-07 08:05:30');
INSERT INTO `gen_table_column` VALUES (610, '41', 'del_flag', '删除标志', 'char(1)', 'String', 'delFlag', '0', '0', NULL, NULL, NULL, NULL, NULL, 'EQ', 'radio', 'sys_user_del_flag', 11, 'admin', '2020-10-07 07:50:39', '', '2020-10-07 08:05:30');
INSERT INTO `gen_table_column` VALUES (611, '41', 'login_ip', '最后登录IP', 'varchar(50)', 'String', 'loginIp', '0', '0', NULL, NULL, NULL, '1', NULL, 'EQ', 'input', '', 12, 'admin', '2020-10-07 07:50:39', '', '2020-10-07 08:05:30');
INSERT INTO `gen_table_column` VALUES (612, '41', 'login_date', '最后登录时间', 'datetime', 'Date', 'loginDate', '0', '0', NULL, NULL, NULL, '1', NULL, 'BETWEEN', 'datetime', '', 13, 'admin', '2020-10-07 07:50:39', '', '2020-10-07 08:05:30');
INSERT INTO `gen_table_column` VALUES (613, '41', 'create_time', '创建时间', 'datetime', 'Date', 'createTime', '0', '0', NULL, NULL, NULL, '1', '1', 'BETWEEN', 'datetime', '', 14, 'admin', '2020-10-07 07:50:39', '', '2020-10-07 08:05:30');
INSERT INTO `gen_table_column` VALUES (614, '41', 'update_by', '更新者', 'varchar(64)', 'String', 'updateBy', '0', '0', NULL, NULL, NULL, '1', NULL, 'EQ', 'input', '', 15, 'admin', '2020-10-07 07:50:39', '', '2020-10-07 08:05:30');
INSERT INTO `gen_table_column` VALUES (615, '41', 'update_time', '更新时间', 'datetime', 'Date', 'updateTime', '0', '0', NULL, NULL, NULL, '1', NULL, 'BETWEEN', 'datetime', '', 16, 'admin', '2020-10-07 07:50:39', '', '2020-10-07 08:05:30');
INSERT INTO `gen_table_column` VALUES (616, '41', 'real_name', '真实姓名', 'varchar(25)', 'String', 'realName', '0', '0', NULL, NULL, NULL, '1', '1', 'EQ', 'input', '', 17, 'admin', '2020-10-07 07:50:39', '', '2020-10-07 08:05:30');
INSERT INTO `gen_table_column` VALUES (617, '41', 'birthday', '生日', 'datetime', 'Date', 'birthday', '0', '0', NULL, NULL, NULL, '1', NULL, 'BETWEEN', 'datetime', '', 18, 'admin', '2020-10-07 07:50:39', '', '2020-10-07 08:05:30');
INSERT INTO `gen_table_column` VALUES (618, '41', 'card_id', '身份证号', 'varchar(20)', 'String', 'cardId', '0', '0', NULL, NULL, NULL, NULL, NULL, 'EQ', 'input', '', 19, 'admin', '2020-10-07 07:50:39', '', '2020-10-07 08:05:30');
INSERT INTO `gen_table_column` VALUES (619, '41', 'integral', '剩余积分', 'decimal(8,2) unsigned', 'BigDecimal', 'integral', '0', '0', NULL, NULL, NULL, NULL, NULL, 'BETWEEN', 'input', '', 20, 'admin', '2020-10-07 07:50:39', '', '2020-10-07 08:05:30');
INSERT INTO `gen_table_column` VALUES (620, '41', 'sign_num', '连续签到天数', 'int(11)', 'Long', 'signNum', '0', '0', NULL, NULL, NULL, NULL, NULL, 'BETWEEN', 'input', '', 21, 'admin', '2020-10-07 07:50:39', '', '2020-10-07 08:05:30');
INSERT INTO `gen_table_column` VALUES (621, '41', 'level', '等级', 'tinyint(3) unsigned', 'Integer', 'level', '0', '0', NULL, NULL, NULL, NULL, NULL, 'BETWEEN', 'input', '', 22, 'admin', '2020-10-07 07:50:39', '', '2020-10-07 08:05:30');
INSERT INTO `gen_table_column` VALUES (622, '41', 'pay_count', '购买次数', 'int(10) unsigned', 'Integer', 'payCount', '0', '0', NULL, NULL, NULL, '1', '1', 'BETWEEN', 'input', '', 23, 'admin', '2020-10-07 07:50:39', '', '2020-10-07 08:05:30');
INSERT INTO `gen_table_column` VALUES (623, '41', 'address', '详细地址', 'varchar(255)', 'String', 'address', '0', '0', NULL, NULL, '1', NULL, NULL, 'LIKE', 'input', '', 24, 'admin', '2020-10-07 07:50:39', '', '2020-10-07 08:05:30');
INSERT INTO `gen_table_column` VALUES (624, '41', 'login_type', '登陆类型', 'varchar(36)', 'String', 'loginType', '0', '0', NULL, NULL, NULL, '1', NULL, 'EQ', 'select', 'sys_user_login_type', 25, 'admin', '2020-10-07 07:50:39', '', '2020-10-07 08:05:30');
INSERT INTO `gen_table_column` VALUES (625, '41', 'remark', '备注', 'varchar(500)', 'String', 'remark', '0', '0', NULL, NULL, '1', '1', NULL, 'EQ', 'textarea', '', 26, 'admin', '2020-10-07 07:50:39', '', '2020-10-07 08:05:30');
INSERT INTO `gen_table_column` VALUES (640, '43', 'id', '用户账单id', 'int(10) unsigned', 'Integer', 'id', '1', '1', NULL, '1', NULL, NULL, NULL, 'EQ', 'input', '', 1, 'admin', '2020-10-07 07:50:39', '', NULL);
INSERT INTO `gen_table_column` VALUES (641, '43', 'uid', '用户uid', 'int(10) unsigned', 'Integer', 'uid', '0', '0', '1', '1', '1', '1', '1', 'EQ', 'input', '', 2, 'admin', '2020-10-07 07:50:39', '', NULL);
INSERT INTO `gen_table_column` VALUES (642, '43', 'link_id', '关联id', 'varchar(32)', 'String', 'linkId', '0', '0', '1', '1', '1', '1', '1', 'EQ', 'input', '', 3, 'admin', '2020-10-07 07:50:39', '', NULL);
INSERT INTO `gen_table_column` VALUES (643, '43', 'pm', '0 = 支出 1 = 获得', 'tinyint(3) unsigned', 'Integer', 'pm', '0', '0', '1', '1', '1', '1', '1', 'EQ', 'input', '', 4, 'admin', '2020-10-07 07:50:39', '', NULL);
INSERT INTO `gen_table_column` VALUES (644, '43', 'title', '账单标题', 'varchar(64)', 'String', 'title', '0', '0', '1', '1', '1', '1', '1', 'EQ', 'input', '', 5, 'admin', '2020-10-07 07:50:39', '', NULL);
INSERT INTO `gen_table_column` VALUES (645, '43', 'category', '明细种类', 'varchar(64)', 'String', 'category', '0', '0', '1', '1', '1', '1', '1', 'EQ', 'input', '', 6, 'admin', '2020-10-07 07:50:39', '', NULL);
INSERT INTO `gen_table_column` VALUES (646, '43', 'type', '明细类型', 'varchar(64)', 'String', 'type', '0', '0', '1', '1', '1', '1', '1', 'EQ', 'select', '', 7, 'admin', '2020-10-07 07:50:39', '', NULL);
INSERT INTO `gen_table_column` VALUES (647, '43', 'number', '明细数字', 'decimal(8,2) unsigned', 'BigDecimal', 'number', '0', '0', '1', '1', '1', '1', '1', 'EQ', 'input', '', 8, 'admin', '2020-10-07 07:50:39', '', NULL);
INSERT INTO `gen_table_column` VALUES (648, '43', 'balance', '剩余', 'decimal(8,2) unsigned', 'BigDecimal', 'balance', '0', '0', '1', '1', '1', '1', '1', 'EQ', 'input', '', 9, 'admin', '2020-10-07 07:50:39', '', NULL);
INSERT INTO `gen_table_column` VALUES (649, '43', 'mark', '备注', 'varchar(512)', 'String', 'mark', '0', '0', '1', '1', '1', '1', '1', 'EQ', 'textarea', '', 10, 'admin', '2020-10-07 07:50:39', '', NULL);
INSERT INTO `gen_table_column` VALUES (650, '43', 'create_time', '创建时间', 'datetime', 'Date', 'createTime', '0', '0', '1', '1', NULL, NULL, NULL, 'EQ', 'datetime', '', 11, 'admin', '2020-10-07 07:50:39', '', NULL);
INSERT INTO `gen_table_column` VALUES (651, '43', 'status', '0 = 带确定 1 = 有效 -1 = 无效', 'tinyint(1)', 'Integer', 'status', '0', '0', '1', '1', '1', '1', '1', 'EQ', 'radio', '', 12, 'admin', '2020-10-07 07:50:39', '', NULL);
INSERT INTO `gen_table_column` VALUES (659, '44', 'id', '商品分类表ID', 'mediumint(9)', 'Integer', 'id', '1', '1', NULL, NULL, NULL, '1', NULL, 'EQ', 'input', '', 1, 'admin', '2020-10-11 11:21:15', '', '2020-10-11 12:24:26');
INSERT INTO `gen_table_column` VALUES (660, '44', 'pid', '父id', 'mediumint(9)', 'Integer', 'pid', '0', '0', '1', '1', '1', '1', NULL, 'EQ', 'select', '', 2, 'admin', '2020-10-11 11:21:15', '', '2020-10-11 12:24:26');
INSERT INTO `gen_table_column` VALUES (661, '44', 'cate_name', '分类名称', 'varchar(100)', 'String', 'cateName', '0', '0', '1', '1', '1', '1', '1', 'LIKE', 'input', '', 3, 'admin', '2020-10-11 11:21:15', '', '2020-10-11 12:24:26');
INSERT INTO `gen_table_column` VALUES (662, '44', 'sort', '排序', 'mediumint(9)', 'Integer', 'sort', '0', '0', NULL, '1', '1', NULL, NULL, 'EQ', 'input', '', 4, 'admin', '2020-10-11 11:21:15', '', '2020-10-11 12:24:26');
INSERT INTO `gen_table_column` VALUES (663, '44', 'pic', '图标', 'varchar(128)', 'String', 'pic', '0', '0', NULL, NULL, NULL, NULL, NULL, 'EQ', 'input', '', 5, 'admin', '2020-10-11 11:21:15', '', '2020-10-11 12:24:26');
INSERT INTO `gen_table_column` VALUES (664, '44', 'is_show', '是否推荐', 'tinyint(1)', 'Integer', 'isShow', '0', '0', NULL, '1', '1', '1', NULL, 'EQ', 'select', '是否', 6, 'admin', '2020-10-11 11:21:15', '', '2020-10-11 12:24:26');
INSERT INTO `gen_table_column` VALUES (665, '44', 'add_time', '创建时间', 'timestamp', 'Date', 'addTime', '0', '0', NULL, NULL, NULL, '1', NULL, 'EQ', 'datetime', '', 7, 'admin', '2020-10-11 11:21:15', '', '2020-10-11 12:24:26');
INSERT INTO `gen_table_column` VALUES (666, '44', 'is_del', '删除状态', 'tinyint(3) unsigned', 'Integer', 'isDel', '0', '0', NULL, NULL, '1', '1', NULL, 'EQ', 'select', '是否', 8, 'admin', '2020-10-11 11:21:15', '', '2020-10-11 12:24:26');
INSERT INTO `gen_table_column` VALUES (667, '45', 'id', '商品id', 'mediumint(9)', 'Integer', 'id', '1', '1', NULL, '1', NULL, NULL, NULL, 'EQ', 'input', '', 1, 'admin', '2020-10-11 12:35:17', '', '2020-10-14 13:28:02');
INSERT INTO `gen_table_column` VALUES (668, '45', 'mer_id', '商户Id', 'bigint(20) unsigned', 'Long', 'merId', '0', '0', '1', '1', NULL, NULL, NULL, 'EQ', 'select', 'apm_store_product_mer_id', 2, 'admin', '2020-10-11 12:35:17', '', '2020-10-14 13:28:02');
INSERT INTO `gen_table_column` VALUES (669, '45', 'category', '商品类型', 'varchar(32)', 'String', 'category', '0', '0', '1', '1', '1', '1', '1', 'EQ', 'select', 'apm_store_product_category', 3, 'admin', '2020-10-11 12:35:17', '', '2020-10-14 13:28:02');
INSERT INTO `gen_table_column` VALUES (670, '45', 'image', '商品图片', 'varchar(256)', 'String', 'image', '0', '0', '1', '1', '1', '1', NULL, 'EQ', 'input', '', 4, 'admin', '2020-10-11 12:35:17', '', '2020-10-14 13:28:02');
INSERT INTO `gen_table_column` VALUES (671, '45', 'slider_image', '轮播图', 'varchar(2000)', 'String', 'sliderImage', '0', '0', NULL, '1', '1', '1', NULL, 'EQ', 'textarea', '', 5, 'admin', '2020-10-11 12:35:17', '', '2020-10-14 13:28:02');
INSERT INTO `gen_table_column` VALUES (672, '45', 'store_name', '商品名称', 'varchar(128)', 'String', 'storeName', '0', '0', '1', '1', '1', '1', '1', 'LIKE', 'input', '', 6, 'admin', '2020-10-11 12:35:17', '', '2020-10-14 13:28:02');
INSERT INTO `gen_table_column` VALUES (673, '45', 'store_info', '商品简介', 'varchar(256)', 'String', 'storeInfo', '0', '0', NULL, '1', '1', '1', NULL, 'EQ', 'input', '', 7, 'admin', '2020-10-11 12:35:17', '', '2020-10-14 13:28:02');
INSERT INTO `gen_table_column` VALUES (674, '45', 'keyword', '关键字', 'varchar(256)', 'String', 'keyword', '0', '0', NULL, '1', '1', '1', NULL, 'EQ', 'input', '', 8, 'admin', '2020-10-11 12:35:17', '', '2020-10-14 13:28:02');
INSERT INTO `gen_table_column` VALUES (675, '45', 'bar_code', '产品条码（一维码）', 'varchar(15)', 'String', 'barCode', '0', '0', NULL, '1', '1', '1', NULL, 'EQ', 'input', '', 9, 'admin', '2020-10-11 12:35:17', '', '2020-10-14 13:28:02');
INSERT INTO `gen_table_column` VALUES (676, '45', 'cate_id', '分类id', 'varchar(64)', 'String', 'cateId', '0', '0', '1', '1', '1', '1', '1', 'EQ', 'input', '', 10, 'admin', '2020-10-11 12:35:17', '', '2020-10-14 13:28:02');
INSERT INTO `gen_table_column` VALUES (677, '45', 'price', '商品价格', 'decimal(8,2) unsigned', 'BigDecimal', 'price', '0', '0', '1', '1', '1', '1', '1', 'BETWEEN', 'input', '', 11, 'admin', '2020-10-11 12:35:17', '', '2020-10-14 13:28:02');
INSERT INTO `gen_table_column` VALUES (678, '45', 'vip_price', '会员价格', 'decimal(8,2) unsigned', 'BigDecimal', 'vipPrice', '0', '0', NULL, NULL, NULL, NULL, NULL, 'EQ', 'input', '', 12, 'admin', '2020-10-11 12:35:17', '', '2020-10-14 13:28:02');
INSERT INTO `gen_table_column` VALUES (679, '45', 'ot_price', '市场价', 'decimal(8,2) unsigned', 'BigDecimal', 'otPrice', '0', '0', NULL, '1', '1', '1', NULL, 'EQ', 'input', '', 13, 'admin', '2020-10-11 12:35:17', '', '2020-10-14 13:28:02');
INSERT INTO `gen_table_column` VALUES (680, '45', 'postage', '邮费', 'decimal(8,2) unsigned', 'BigDecimal', 'postage', '0', '0', '1', '1', '1', '1', NULL, 'EQ', 'input', '', 14, 'admin', '2020-10-11 12:35:17', '', '2020-10-14 13:28:02');
INSERT INTO `gen_table_column` VALUES (681, '45', 'unit_name', '单位名', 'varchar(32)', 'String', 'unitName', '0', '0', NULL, NULL, NULL, NULL, NULL, 'LIKE', 'input', '', 15, 'admin', '2020-10-11 12:35:17', '', '2020-10-14 13:28:02');
INSERT INTO `gen_table_column` VALUES (682, '45', 'sort', '排序', 'smallint(6)', 'Integer', 'sort', '0', '0', '1', '1', '1', '1', NULL, 'EQ', 'input', '', 16, 'admin', '2020-10-11 12:35:17', '', '2020-10-14 13:28:02');
INSERT INTO `gen_table_column` VALUES (683, '45', 'sales', '销量', 'mediumint(8) unsigned', 'Integer', 'sales', '0', '0', NULL, NULL, NULL, '1', '1', 'BETWEEN', 'input', '', 17, 'admin', '2020-10-11 12:35:17', '', '2020-10-14 13:28:02');
INSERT INTO `gen_table_column` VALUES (684, '45', 'stock', '库存', 'mediumint(8) unsigned', 'Integer', 'stock', '0', '0', '1', '1', '1', '1', '1', 'BETWEEN', 'input', '', 18, 'admin', '2020-10-11 12:35:17', '', '2020-10-14 13:28:02');
INSERT INTO `gen_table_column` VALUES (685, '45', 'is_show', '状态（0:未上架 1:上架）', 'tinyint(1)', 'Integer', 'isShow', '0', '0', NULL, '1', '1', '1', NULL, 'EQ', 'radio', 'apm_store_is_show', 19, 'admin', '2020-10-11 12:35:17', '', '2020-10-14 13:28:02');
INSERT INTO `gen_table_column` VALUES (686, '45', 'is_hot', '是否热卖', 'tinyint(1)', 'Integer', 'isHot', '0', '0', NULL, NULL, NULL, NULL, NULL, 'EQ', 'input', '', 20, 'admin', '2020-10-11 12:35:17', '', '2020-10-14 13:28:02');
INSERT INTO `gen_table_column` VALUES (687, '45', 'is_benefit', '是否优惠', 'tinyint(1)', 'Integer', 'isBenefit', '0', '0', NULL, NULL, NULL, NULL, NULL, 'EQ', 'input', '', 21, 'admin', '2020-10-11 12:35:17', '', '2020-10-14 13:28:02');
INSERT INTO `gen_table_column` VALUES (688, '45', 'is_best', '是否精品', 'tinyint(1)', 'Integer', 'isBest', '0', '0', NULL, NULL, NULL, NULL, NULL, 'EQ', 'input', '', 22, 'admin', '2020-10-11 12:35:17', '', '2020-10-14 13:28:02');
INSERT INTO `gen_table_column` VALUES (689, '45', 'is_new', '是否新品', 'tinyint(1)', 'Integer', 'isNew', '0', '0', NULL, '1', '1', '1', NULL, 'EQ', 'radio', 'apm_store_product_is _new', 23, 'admin', '2020-10-11 12:35:17', '', '2020-10-14 13:28:02');
INSERT INTO `gen_table_column` VALUES (690, '45', 'description', '产品描述', 'text', 'String', 'description', '0', '0', NULL, '1', '1', '1', NULL, 'EQ', 'editor', '', 24, 'admin', '2020-10-11 12:35:17', '', '2020-10-14 13:28:02');
INSERT INTO `gen_table_column` VALUES (691, '45', 'add_time', '添加时间', 'timestamp', 'Date', 'addTime', '0', '0', NULL, NULL, NULL, '1', '1', 'BETWEEN', 'datetime', '', 25, 'admin', '2020-10-11 12:35:17', '', '2020-10-14 13:28:02');
INSERT INTO `gen_table_column` VALUES (692, '45', 'is_postage', '是否包邮', 'tinyint(3) unsigned', 'Integer', 'isPostage', '0', '0', NULL, '1', '1', '1', NULL, 'EQ', 'radio', 'apm_store_product_is', 26, 'admin', '2020-10-11 12:35:17', '', '2020-10-14 13:28:02');
INSERT INTO `gen_table_column` VALUES (693, '45', 'is_del', '是否删除', 'tinyint(3) unsigned', 'Integer', 'isDel', '0', '0', NULL, NULL, NULL, NULL, NULL, 'EQ', 'radio', 'sys_user_del_flag', 27, 'admin', '2020-10-11 12:35:17', '', '2020-10-14 13:28:02');
INSERT INTO `gen_table_column` VALUES (694, '45', 'mer_use', '是否代理(0不可代理 1可代理)', 'tinyint(3) unsigned', 'Integer', 'merUse', '0', '0', '1', '1', '1', '1', NULL, 'EQ', 'radio', 'apm_store_product_mer_use', 28, 'admin', '2020-10-11 12:35:17', '', '2020-10-14 13:28:02');
INSERT INTO `gen_table_column` VALUES (695, '45', 'give_integral', '获得积分', 'decimal(8,2) unsigned', 'BigDecimal', 'giveIntegral', '0', '0', NULL, NULL, NULL, NULL, NULL, 'EQ', 'input', '', 29, 'admin', '2020-10-11 12:35:17', '', '2020-10-14 13:28:02');
INSERT INTO `gen_table_column` VALUES (696, '45', 'cost', '成本价', 'decimal(8,2) unsigned', 'BigDecimal', 'cost', '0', '0', '1', '1', '1', '1', NULL, 'EQ', 'input', '', 30, 'admin', '2020-10-11 12:35:17', '', '2020-10-14 13:28:02');
INSERT INTO `gen_table_column` VALUES (697, '45', 'is_good', '是否优品推荐', 'tinyint(1)', 'Integer', 'isGood', '0', '0', NULL, NULL, NULL, NULL, NULL, 'EQ', 'input', '', 31, 'admin', '2020-10-11 12:35:17', '', '2020-10-14 13:28:02');
INSERT INTO `gen_table_column` VALUES (698, '45', 'ficti', '虚拟销量', 'mediumint(9)', 'Integer', 'ficti', '0', '0', NULL, '1', '1', '1', NULL, 'EQ', 'input', '', 32, 'admin', '2020-10-11 12:35:17', '', '2020-10-14 13:28:02');
INSERT INTO `gen_table_column` VALUES (699, '45', 'browse', '浏览量', 'int(11)', 'Long', 'browse', '0', '0', NULL, NULL, NULL, '1', '1', 'BETWEEN', 'input', '', 33, 'admin', '2020-10-11 12:35:17', '', '2020-10-14 13:28:02');
INSERT INTO `gen_table_column` VALUES (700, '45', 'code_path', '产品二维码地址(用户小程序海报)', 'varchar(64)', 'String', 'codePath', '0', '0', NULL, '1', '1', '1', NULL, 'EQ', 'input', '', 34, 'admin', '2020-10-11 12:35:17', '', '2020-10-14 13:28:02');
INSERT INTO `gen_table_column` VALUES (701, '45', 'soure_link', '淘宝京东1688类型', 'varchar(255)', 'String', 'soureLink', '0', '0', NULL, NULL, NULL, NULL, NULL, 'EQ', 'input', '', 35, 'admin', '2020-10-11 12:35:17', '', '2020-10-14 13:28:02');
INSERT INTO `gen_table_column` VALUES (702, '46', 'id', NULL, 'int(10) unsigned', 'Integer', 'id', '1', '1', NULL, NULL, NULL, '1', NULL, 'EQ', 'input', '', 1, 'admin', '2020-10-11 12:38:22', '', '2020-10-17 11:53:10');
INSERT INTO `gen_table_column` VALUES (703, '46', 'product_id', '商品ID', 'int(10) unsigned', 'Integer', 'productId', '0', '0', '1', '1', '1', '1', '1', 'EQ', 'input', '', 2, 'admin', '2020-10-11 12:38:22', '', '2020-10-17 11:53:10');
INSERT INTO `gen_table_column` VALUES (704, '46', 'attr_name', '属性名', 'varchar(32)', 'String', 'attrName', '0', '0', '1', '1', '1', '1', '1', 'LIKE', 'input', '', 3, 'admin', '2020-10-11 12:38:22', '', '2020-10-17 11:53:10');
INSERT INTO `gen_table_column` VALUES (705, '46', 'attr_values', '属性值', 'varchar(256)', 'String', 'attrValues', '0', '0', '1', '1', '1', '1', NULL, 'EQ', 'textarea', '', 4, 'admin', '2020-10-11 12:38:22', '', '2020-10-17 11:53:10');
INSERT INTO `gen_table_column` VALUES (706, '47', 'id', NULL, 'int(10) unsigned', 'Integer', 'id', '1', '1', NULL, NULL, NULL, NULL, NULL, 'EQ', 'input', '', 1, 'admin', '2020-10-11 12:40:48', '', '2020-10-17 14:46:47');
INSERT INTO `gen_table_column` VALUES (707, '47', 'product_id', '商品ID', 'int(10) unsigned', 'Integer', 'productId', '0', '0', '1', '1', '1', '1', '1', 'EQ', 'input', '', 2, 'admin', '2020-10-11 12:40:48', '', '2020-10-17 14:46:47');
INSERT INTO `gen_table_column` VALUES (708, '47', 'suk', '属性值组合', 'varchar(128)', 'String', 'suk', '0', '0', '1', '1', '1', '1', NULL, 'EQ', 'input', '', 3, 'admin', '2020-10-11 12:40:48', '', '2020-10-17 14:46:47');
INSERT INTO `gen_table_column` VALUES (709, '47', 'stock', '库存', 'int(10) unsigned', 'Integer', 'stock', '0', '0', '1', '1', '1', '1', '1', 'BETWEEN', 'input', '', 4, 'admin', '2020-10-11 12:40:48', '', '2020-10-17 14:46:47');
INSERT INTO `gen_table_column` VALUES (710, '47', 'sales', '销量', 'int(10) unsigned', 'Integer', 'sales', '0', '0', NULL, NULL, NULL, '1', NULL, 'EQ', 'input', '', 5, 'admin', '2020-10-11 12:40:48', '', '2020-10-17 14:46:47');
INSERT INTO `gen_table_column` VALUES (711, '47', 'price', '属性金额', 'decimal(8,2) unsigned', 'BigDecimal', 'price', '0', '0', '1', '1', '1', '1', NULL, 'EQ', 'input', '', 6, 'admin', '2020-10-11 12:40:48', '', '2020-10-17 14:46:47');
INSERT INTO `gen_table_column` VALUES (712, '47', 'image', '图片', 'varchar(128)', 'String', 'image', '0', '0', '1', '1', '1', '1', NULL, 'EQ', 'input', '', 7, 'admin', '2020-10-11 12:40:48', '', '2020-10-17 14:46:47');
INSERT INTO `gen_table_column` VALUES (713, '47', 'unique', '唯一值', 'varchar(100)', 'String', 'unique', '0', '0', NULL, NULL, NULL, '1', NULL, 'EQ', 'input', '', 8, 'admin', '2020-10-11 12:40:48', '', '2020-10-17 14:46:47');
INSERT INTO `gen_table_column` VALUES (714, '47', 'cost', '成本价', 'decimal(8,2) unsigned', 'BigDecimal', 'cost', '0', '0', '1', '1', '1', '1', NULL, 'EQ', 'input', '', 9, 'admin', '2020-10-11 12:40:48', '', '2020-10-17 14:46:47');
INSERT INTO `gen_table_column` VALUES (715, '48', 'id', '用户地址id', 'mediumint(8) unsigned', 'Integer', 'id', '1', '1', NULL, '1', NULL, NULL, NULL, 'EQ', 'input', '', 1, 'admin', '2020-10-12 06:26:14', '', '2020-10-12 06:33:31');
INSERT INTO `gen_table_column` VALUES (716, '48', 'user_id', '用户id', 'int(10) unsigned', 'Integer', 'userId', '0', '0', '1', '1', '1', '1', '1', 'EQ', 'input', '', 2, 'admin', '2020-10-12 06:26:14', '', '2020-10-12 06:33:31');
INSERT INTO `gen_table_column` VALUES (717, '48', 'real_name', '收货人姓名', 'varchar(32)', 'String', 'realName', '0', '0', '1', '1', '1', '1', '1', 'LIKE', 'input', '', 3, 'admin', '2020-10-12 06:26:14', '', '2020-10-12 06:33:31');
INSERT INTO `gen_table_column` VALUES (718, '48', 'phone', '收货人电话', 'varchar(16)', 'String', 'phone', '0', '0', '1', '1', '1', '1', '1', 'EQ', 'input', '', 4, 'admin', '2020-10-12 06:26:14', '', '2020-10-12 06:33:31');
INSERT INTO `gen_table_column` VALUES (719, '48', 'province', '收货人所在省', 'varchar(64)', 'String', 'province', '0', '0', '1', '1', '1', '1', '1', 'EQ', 'input', '', 5, 'admin', '2020-10-12 06:26:14', '', '2020-10-12 06:33:31');
INSERT INTO `gen_table_column` VALUES (720, '48', 'city', '收货人所在市', 'varchar(64)', 'String', 'city', '0', '0', '1', '1', '1', '1', '1', 'EQ', 'input', '', 6, 'admin', '2020-10-12 06:26:14', '', '2020-10-12 06:33:31');
INSERT INTO `gen_table_column` VALUES (721, '48', 'district', '收货人所在区', 'varchar(64)', 'String', 'district', '0', '0', '1', '1', '1', '1', '1', 'EQ', 'input', '', 7, 'admin', '2020-10-12 06:26:14', '', '2020-10-12 06:33:31');
INSERT INTO `gen_table_column` VALUES (722, '48', 'detail', '收货人详细地址', 'varchar(256)', 'String', 'detail', '0', '0', '1', '1', '1', '1', '1', 'EQ', 'input', '', 8, 'admin', '2020-10-12 06:26:14', '', '2020-10-12 06:33:31');
INSERT INTO `gen_table_column` VALUES (723, '48', 'post_code', '邮编', 'varchar(20)', 'String', 'postCode', '0', '0', '1', '1', '1', '1', '1', 'EQ', 'input', '', 9, 'admin', '2020-10-12 06:26:14', '', '2020-10-12 06:33:31');
INSERT INTO `gen_table_column` VALUES (724, '48', 'longitude', '经度', 'varchar(16)', 'String', 'longitude', '0', '0', '1', '1', '1', '1', '1', 'EQ', 'input', '', 10, 'admin', '2020-10-12 06:26:14', '', '2020-10-12 06:33:31');
INSERT INTO `gen_table_column` VALUES (725, '48', 'latitude', '纬度', 'varchar(16)', 'String', 'latitude', '0', '0', '1', '1', '1', '1', '1', 'EQ', 'input', '', 11, 'admin', '2020-10-12 06:26:14', '', '2020-10-12 06:33:31');
INSERT INTO `gen_table_column` VALUES (726, '48', 'is_default', '是否默认', 'tinyint(3) unsigned', 'Integer', 'isDefault', '0', '0', '1', '1', '1', '1', '1', 'EQ', 'radio', 'apm_common_is_default_int', 12, 'admin', '2020-10-12 06:26:14', '', '2020-10-12 06:33:31');
INSERT INTO `gen_table_column` VALUES (727, '48', 'is_del', '是否删除', 'tinyint(3) unsigned', 'Integer', 'isDel', '0', '0', '1', '1', '1', '1', '1', 'EQ', 'radio', 'apm_common_del_flag_int', 13, 'admin', '2020-10-12 06:26:14', '', '2020-10-12 06:33:31');
INSERT INTO `gen_table_column` VALUES (728, '48', 'create_time', '创建时间', 'datetime', 'Date', 'createTime', '0', '0', '1', '1', NULL, NULL, NULL, 'EQ', 'datetime', '', 14, 'admin', '2020-10-12 06:26:14', '', '2020-10-12 06:33:31');
INSERT INTO `gen_table_column` VALUES (729, '49', 'id', NULL, 'int(10) unsigned', 'Integer', 'id', '1', '1', NULL, NULL, NULL, NULL, NULL, 'EQ', 'input', '', 1, 'admin', '2020-10-13 07:30:41', '', '2020-10-13 07:32:52');
INSERT INTO `gen_table_column` VALUES (730, '49', 'product_id', '商品ID', 'int(10) unsigned', 'Integer', 'productId', '0', '0', NULL, NULL, NULL, '1', '1', 'EQ', 'input', '', 2, 'admin', '2020-10-13 07:30:41', '', '2020-10-13 07:32:52');
INSERT INTO `gen_table_column` VALUES (731, '49', 'result', '商品属性参数', 'text', 'String', 'result', '0', '0', NULL, NULL, NULL, '1', NULL, 'EQ', 'editor', '', 3, 'admin', '2020-10-13 07:30:41', '', '2020-10-13 07:32:52');
INSERT INTO `gen_table_column` VALUES (732, '49', 'change_time', '上次修改时间', 'int(10) unsigned', 'Integer', 'changeTime', '0', '0', NULL, NULL, NULL, '1', '1', 'BETWEEN', 'input', '', 4, 'admin', '2020-10-13 07:30:41', '', '2020-10-13 07:32:52');
INSERT INTO `gen_table_column` VALUES (733, '50', 'id', '购物车表ID', 'bigint(20) unsigned', 'Long', 'id', '1', '1', NULL, '1', NULL, NULL, NULL, 'EQ', 'input', '', 1, 'admin', '2020-10-14 07:54:44', '', NULL);
INSERT INTO `gen_table_column` VALUES (734, '50', 'user_id', '用户ID', 'int(10) unsigned', 'Integer', 'userId', '0', '0', '1', '1', '1', '1', '1', 'EQ', 'input', '', 2, 'admin', '2020-10-14 07:54:44', '', NULL);
INSERT INTO `gen_table_column` VALUES (735, '50', 'type', '类型', 'varchar(32)', 'String', 'type', '0', '0', NULL, '1', '1', '1', '1', 'EQ', 'select', '', 3, 'admin', '2020-10-14 07:54:44', '', NULL);
INSERT INTO `gen_table_column` VALUES (736, '50', 'product_id', '商品ID', 'int(10) unsigned', 'Integer', 'productId', '0', '0', '1', '1', '1', '1', '1', 'EQ', 'input', '', 4, 'admin', '2020-10-14 07:54:44', '', NULL);
INSERT INTO `gen_table_column` VALUES (737, '50', 'product_attr_unique', '商品属性', 'varchar(50)', 'String', 'productAttrUnique', '0', '0', '1', '1', '1', '1', '1', 'EQ', 'input', '', 5, 'admin', '2020-10-14 07:54:44', '', NULL);
INSERT INTO `gen_table_column` VALUES (738, '50', 'cart_num', '商品数量', 'int(10) unsigned', 'Integer', 'cartNum', '0', '0', '1', '1', '1', '1', '1', 'EQ', 'input', '', 6, 'admin', '2020-10-14 07:54:44', '', NULL);
INSERT INTO `gen_table_column` VALUES (739, '50', 'create_time', '创建时间', 'datetime', 'Date', 'createTime', '0', '0', '1', '1', NULL, NULL, NULL, 'EQ', 'datetime', '', 7, 'admin', '2020-10-14 07:54:44', '', NULL);
INSERT INTO `gen_table_column` VALUES (740, '50', 'is_pay', '购物车(0=未购买 1=已购买)', 'tinyint(1)', 'Integer', 'isPay', '0', '0', '1', '1', '1', '1', '1', 'EQ', 'input', '', 8, 'admin', '2020-10-14 07:54:44', '', NULL);
INSERT INTO `gen_table_column` VALUES (741, '50', 'is_del', '是否删除(0=存在 1=已删除)', 'tinyint(1)', 'Integer', 'isDel', '0', '0', '1', '1', '1', '1', '1', 'EQ', 'input', '', 9, 'admin', '2020-10-14 07:54:44', '', NULL);
INSERT INTO `gen_table_column` VALUES (742, '50', 'is_new', '是否为立即购买(0=不是 1=立即)', 'tinyint(1)', 'Integer', 'isNew', '0', '0', '1', '1', '1', '1', '1', 'EQ', 'input', '', 10, 'admin', '2020-10-14 07:54:44', '', NULL);
INSERT INTO `gen_table_column` VALUES (778, '54', 'id', NULL, 'bigint(20)', 'Long', 'id', '1', '1', NULL, NULL, NULL, NULL, NULL, 'EQ', 'input', '', 1, 'admin', '2020-10-16 03:35:46', '', '2020-10-16 03:42:04');
INSERT INTO `gen_table_column` VALUES (779, '54', 'title', '标题', 'varchar(255)', 'String', 'title', '0', '0', NULL, '1', '1', '1', '1', 'LIKE', 'input', '', 2, 'admin', '2020-10-16 03:35:46', '', '2020-10-16 03:42:04');
INSERT INTO `gen_table_column` VALUES (780, '54', 'name', '文件名', 'varchar(255)', 'String', 'name', '0', '0', NULL, NULL, '1', '1', '1', 'LIKE', 'input', '', 3, 'admin', '2020-10-16 03:35:46', '', '2020-10-16 03:42:04');
INSERT INTO `gen_table_column` VALUES (781, '54', 'real_name', '文件真实的名称', 'varchar(255)', 'String', 'realName', '0', '0', NULL, NULL, NULL, '1', NULL, 'EQ', 'input', '', 4, 'admin', '2020-10-16 03:35:46', '', '2020-10-16 03:42:04');
INSERT INTO `gen_table_column` VALUES (782, '54', 'url', '文件虚拟路径', 'text', 'String', 'url', '0', '0', NULL, NULL, NULL, '1', NULL, 'EQ', 'input', '', 5, 'admin', '2020-10-16 03:35:46', '', '2020-10-16 03:42:04');
INSERT INTO `gen_table_column` VALUES (783, '54', 'real_url', '文件磁盘路径', 'text', 'String', 'realUrl', '0', '0', NULL, NULL, NULL, '1', NULL, 'EQ', 'input', '', 6, 'admin', '2020-10-16 03:35:46', '', '2020-10-16 03:42:04');
INSERT INTO `gen_table_column` VALUES (784, '54', 'suffix', '后缀', 'varchar(255)', 'String', 'suffix', '0', '0', NULL, NULL, NULL, '1', NULL, 'EQ', 'input', '', 7, 'admin', '2020-10-16 03:35:46', '', '2020-10-16 03:42:04');
INSERT INTO `gen_table_column` VALUES (785, '54', 'path', '路径', 'text', 'String', 'path', '0', '0', NULL, NULL, NULL, '1', NULL, 'EQ', 'input', '', 8, 'admin', '2020-10-16 03:35:46', '', '2020-10-16 03:42:04');
INSERT INTO `gen_table_column` VALUES (786, '54', 'type', '类型(0图片 1音频 2视频 3文档 4其他)', 'tinyint(1)', 'Integer', 'type', '0', '0', '1', '1', '1', '1', '1', 'EQ', 'select', 'sys_upload_file_type', 9, 'admin', '2020-10-16 03:35:46', '', '2020-10-16 03:42:04');
INSERT INTO `gen_table_column` VALUES (787, '54', 'size', '大小', 'varchar(100)', 'String', 'size', '0', '0', NULL, NULL, NULL, '1', '1', 'BETWEEN', 'input', '', 10, 'admin', '2020-10-16 03:35:46', '', '2020-10-16 03:42:05');
INSERT INTO `gen_table_column` VALUES (788, '54', 'operate', '操作人', 'varchar(255)', 'String', 'operate', '0', '0', NULL, NULL, NULL, '1', '1', 'LIKE', 'input', '', 11, 'admin', '2020-10-16 03:35:46', '', '2020-10-16 03:42:05');
INSERT INTO `gen_table_column` VALUES (789, '54', 'create_time', '创建日期', 'datetime', 'Date', 'createTime', '0', '0', NULL, NULL, NULL, '1', '1', 'BETWEEN', 'datetime', '', 12, 'admin', '2020-10-16 03:35:46', '', '2020-10-16 03:42:05');
INSERT INTO `gen_table_column` VALUES (790, '54', 'remark', '备注/描述', 'text', 'String', 'remark', '0', '0', NULL, '1', '1', '1', NULL, 'LIKE', 'textarea', '', 13, 'admin', '2020-10-16 03:35:46', '', '2020-10-16 03:42:05');

-- ----------------------------
-- Table structure for sys_config
-- ----------------------------
DROP TABLE IF EXISTS `sys_config`;
CREATE TABLE `sys_config`  (
  `config_id` int(5) NOT NULL AUTO_INCREMENT COMMENT '参数主键',
  `config_name` varchar(100) CHARACTER SET utf8mb4 COLLATE utf8mb4_general_ci NULL DEFAULT '' COMMENT '参数名称',
  `config_key` varchar(100) CHARACTER SET utf8mb4 COLLATE utf8mb4_general_ci NULL DEFAULT '' COMMENT '参数键名',
  `config_value` varchar(500) CHARACTER SET utf8mb4 COLLATE utf8mb4_general_ci NULL DEFAULT '' COMMENT '参数键值',
  `config_type` char(1) CHARACTER SET utf8mb4 COLLATE utf8mb4_general_ci NULL DEFAULT 'N' COMMENT '系统内置（Y是 N否）',
  `create_by` varchar(64) CHARACTER SET utf8mb4 COLLATE utf8mb4_general_ci NULL DEFAULT '' COMMENT '创建者',
  `create_time` datetime(0) NULL DEFAULT NULL COMMENT '创建时间',
  `update_by` varchar(64) CHARACTER SET utf8mb4 COLLATE utf8mb4_general_ci NULL DEFAULT '' COMMENT '更新者',
  `update_time` datetime(0) NULL DEFAULT NULL COMMENT '更新时间',
  `remark` varchar(500) CHARACTER SET utf8mb4 COLLATE utf8mb4_general_ci NULL DEFAULT NULL COMMENT '备注',
  PRIMARY KEY (`config_id`) USING BTREE
) ENGINE = InnoDB AUTO_INCREMENT = 4 CHARACTER SET = utf8mb4 COLLATE = utf8mb4_general_ci COMMENT = '参数配置表' ROW_FORMAT = Dynamic;

-- ----------------------------
-- Records of sys_config
-- ----------------------------
INSERT INTO `sys_config` VALUES (1, '主框架页-默认皮肤样式名称', 'sys.index.skinName', 'skin-blue', 'Y', 'admin', '2018-03-16 11:33:00', 'ry', '2018-03-16 11:33:00', '蓝色 skin-blue、绿色 skin-green、紫色 skin-purple、红色 skin-red、黄色 skin-yellow');
INSERT INTO `sys_config` VALUES (2, '用户管理-账号初始密码', 'sys.user.initPassword', '123456', 'Y', 'admin', '2018-03-16 11:33:00', 'ry', '2018-03-16 11:33:00', '初始化密码 123456');
INSERT INTO `sys_config` VALUES (3, '主框架页-侧边栏主题', 'sys.index.sideTheme', 'theme-dark', 'Y', 'admin', '2018-03-16 11:33:00', 'ry', '2018-03-16 11:33:00', '深色主题theme-dark，浅色主题theme-light');

-- ----------------------------
-- Table structure for sys_dept
-- ----------------------------
DROP TABLE IF EXISTS `sys_dept`;
CREATE TABLE `sys_dept`  (
  `dept_id` bigint(20) NOT NULL AUTO_INCREMENT COMMENT '部门id',
  `parent_id` bigint(20) NULL DEFAULT 0 COMMENT '父部门id',
  `ancestors` varchar(50) CHARACTER SET utf8mb4 COLLATE utf8mb4_general_ci NULL DEFAULT '' COMMENT '祖级列表',
  `dept_name` varchar(30) CHARACTER SET utf8mb4 COLLATE utf8mb4_general_ci NULL DEFAULT '' COMMENT '部门名称',
  `order_num` int(4) NULL DEFAULT 0 COMMENT '显示顺序',
  `leader` varchar(20) CHARACTER SET utf8mb4 COLLATE utf8mb4_general_ci NULL DEFAULT NULL COMMENT '负责人',
  `phone` varchar(11) CHARACTER SET utf8mb4 COLLATE utf8mb4_general_ci NULL DEFAULT NULL COMMENT '联系电话',
  `email` varchar(50) CHARACTER SET utf8mb4 COLLATE utf8mb4_general_ci NULL DEFAULT NULL COMMENT '邮箱',
  `status` char(1) CHARACTER SET utf8mb4 COLLATE utf8mb4_general_ci NULL DEFAULT '0' COMMENT '部门状态（0正常 1停用）',
  `del_flag` char(1) CHARACTER SET utf8mb4 COLLATE utf8mb4_general_ci NULL DEFAULT '0' COMMENT '删除标志（0代表存在 2代表删除）',
  `create_by` varchar(64) CHARACTER SET utf8mb4 COLLATE utf8mb4_general_ci NULL DEFAULT '' COMMENT '创建者',
  `create_time` datetime(0) NULL DEFAULT NULL COMMENT '创建时间',
  `update_by` varchar(64) CHARACTER SET utf8mb4 COLLATE utf8mb4_general_ci NULL DEFAULT '' COMMENT '更新者',
  `update_time` datetime(0) NULL DEFAULT NULL COMMENT '更新时间',
  PRIMARY KEY (`dept_id`) USING BTREE
) ENGINE = InnoDB AUTO_INCREMENT = 110 CHARACTER SET = utf8mb4 COLLATE = utf8mb4_general_ci COMMENT = '部门表' ROW_FORMAT = Dynamic;

-- ----------------------------
-- Records of sys_dept
-- ----------------------------
INSERT INTO `sys_dept` VALUES (100, 0, '0', '动漫周边商城科技', 0, '动漫周边商城', '15888888888', 'ry@qq.com', '0', '0', 'admin', '2018-03-16 11:33:00', 'ry', '2018-03-16 11:33:00');
INSERT INTO `sys_dept` VALUES (101, 100, '0,100', '深圳总公司', 1, '动漫周边商城', '15888888888', 'ry@qq.com', '0', '0', 'admin', '2018-03-16 11:33:00', 'ry', '2018-03-16 11:33:00');
INSERT INTO `sys_dept` VALUES (102, 100, '0,100', '长沙分公司', 2, '动漫周边商城', '15888888888', 'ry@qq.com', '0', '0', 'admin', '2018-03-16 11:33:00', 'ry', '2018-03-16 11:33:00');
INSERT INTO `sys_dept` VALUES (103, 101, '0,100,101', '研发部门', 1, '动漫周边商城', '15888888888', 'ry@qq.com', '0', '0', 'admin', '2018-03-16 11:33:00', 'ry', '2018-03-16 11:33:00');
INSERT INTO `sys_dept` VALUES (104, 101, '0,100,101', '市场部门', 2, '动漫周边商城', '15888888888', 'ry@qq.com', '0', '0', 'admin', '2018-03-16 11:33:00', 'ry', '2018-03-16 11:33:00');
INSERT INTO `sys_dept` VALUES (105, 101, '0,100,101', '测试部门', 3, '动漫周边商城', '15888888888', 'ry@qq.com', '0', '0', 'admin', '2018-03-16 11:33:00', 'ry', '2018-03-16 11:33:00');
INSERT INTO `sys_dept` VALUES (106, 101, '0,100,101', '财务部门', 4, '动漫周边商城', '15888888888', 'ry@qq.com', '0', '0', 'admin', '2018-03-16 11:33:00', 'ry', '2018-03-16 11:33:00');
INSERT INTO `sys_dept` VALUES (107, 101, '0,100,101', '运维部门', 5, '动漫周边商城', '15888888888', 'ry@qq.com', '0', '0', 'admin', '2018-03-16 11:33:00', 'ry', '2018-03-16 11:33:00');
INSERT INTO `sys_dept` VALUES (108, 102, '0,100,102', '市场部门', 1, '动漫周边商城', '15888888888', 'ry@qq.com', '0', '0', 'admin', '2018-03-16 11:33:00', 'ry', '2018-03-16 11:33:00');
INSERT INTO `sys_dept` VALUES (109, 102, '0,100,102', '财务部门', 2, '动漫周边商城', '15888888888', 'ry@qq.com', '0', '0', 'admin', '2018-03-16 11:33:00', 'ry', '2018-03-16 11:33:00');

-- ----------------------------
-- Table structure for sys_dict_data
-- ----------------------------
DROP TABLE IF EXISTS `sys_dict_data`;
CREATE TABLE `sys_dict_data`  (
  `dict_code` bigint(20) NOT NULL AUTO_INCREMENT COMMENT '字典编码',
  `dict_sort` int(4) NULL DEFAULT 0 COMMENT '字典排序',
  `dict_label` varchar(100) CHARACTER SET utf8mb4 COLLATE utf8mb4_general_ci NULL DEFAULT '' COMMENT '字典标签',
  `dict_value` varchar(100) CHARACTER SET utf8mb4 COLLATE utf8mb4_general_ci NULL DEFAULT '' COMMENT '字典键值',
  `dict_type` varchar(100) CHARACTER SET utf8mb4 COLLATE utf8mb4_general_ci NULL DEFAULT '' COMMENT '字典类型',
  `css_class` varchar(100) CHARACTER SET utf8mb4 COLLATE utf8mb4_general_ci NULL DEFAULT NULL COMMENT '样式属性（其他样式扩展）',
  `list_class` varchar(100) CHARACTER SET utf8mb4 COLLATE utf8mb4_general_ci NULL DEFAULT NULL COMMENT '表格回显样式',
  `is_default` char(1) CHARACTER SET utf8mb4 COLLATE utf8mb4_general_ci NULL DEFAULT 'N' COMMENT '是否默认（Y是 N否）',
  `status` char(1) CHARACTER SET utf8mb4 COLLATE utf8mb4_general_ci NULL DEFAULT '0' COMMENT '状态（0正常 1停用）',
  `create_by` varchar(64) CHARACTER SET utf8mb4 COLLATE utf8mb4_general_ci NULL DEFAULT '' COMMENT '创建者',
  `create_time` datetime(0) NULL DEFAULT NULL COMMENT '创建时间',
  `update_by` varchar(64) CHARACTER SET utf8mb4 COLLATE utf8mb4_general_ci NULL DEFAULT '' COMMENT '更新者',
  `update_time` datetime(0) NULL DEFAULT NULL COMMENT '更新时间',
  `remark` varchar(500) CHARACTER SET utf8mb4 COLLATE utf8mb4_general_ci NULL DEFAULT NULL COMMENT '备注',
  PRIMARY KEY (`dict_code`) USING BTREE
) ENGINE = InnoDB AUTO_INCREMENT = 82 CHARACTER SET = utf8mb4 COLLATE = utf8mb4_general_ci COMMENT = '字典数据表' ROW_FORMAT = Dynamic;

-- ----------------------------
-- Records of sys_dict_data
-- ----------------------------
INSERT INTO `sys_dict_data` VALUES (1, 1, '男', '0', 'sys_user_sex', '', 'primary', 'Y', '0', 'admin', '2018-03-16 11:33:00', 'admin', '2020-10-11 06:42:26', '性别男');
INSERT INTO `sys_dict_data` VALUES (2, 2, '女', '1', 'sys_user_sex', '', 'danger', 'N', '0', 'admin', '2018-03-16 11:33:00', 'admin', '2020-10-11 06:42:39', '性别女');
INSERT INTO `sys_dict_data` VALUES (3, 3, '未知', '2', 'sys_user_sex', '', 'info', 'N', '0', 'admin', '2018-03-16 11:33:00', 'admin', '2020-10-11 06:43:23', '性别未知');
INSERT INTO `sys_dict_data` VALUES (4, 1, '显示', '0', 'sys_show_hide', '', 'primary', 'Y', '0', 'admin', '2018-03-16 11:33:00', 'ry', '2018-03-16 11:33:00', '显示菜单');
INSERT INTO `sys_dict_data` VALUES (5, 2, '隐藏', '1', 'sys_show_hide', '', 'danger', 'N', '0', 'admin', '2018-03-16 11:33:00', 'ry', '2018-03-16 11:33:00', '隐藏菜单');
INSERT INTO `sys_dict_data` VALUES (6, 1, '正常', '0', 'sys_normal_disable', '', 'primary', 'Y', '0', 'admin', '2018-03-16 11:33:00', 'ry', '2018-03-16 11:33:00', '正常状态');
INSERT INTO `sys_dict_data` VALUES (7, 2, '停用', '1', 'sys_normal_disable', '', 'danger', 'N', '0', 'admin', '2018-03-16 11:33:00', 'ry', '2018-03-16 11:33:00', '停用状态');
INSERT INTO `sys_dict_data` VALUES (8, 1, '正常', '0', 'sys_job_status', '', 'primary', 'Y', '0', 'admin', '2018-03-16 11:33:00', 'ry', '2018-03-16 11:33:00', '正常状态');
INSERT INTO `sys_dict_data` VALUES (9, 2, '暂停', '1', 'sys_job_status', '', 'danger', 'N', '0', 'admin', '2018-03-16 11:33:00', 'ry', '2018-03-16 11:33:00', '停用状态');
INSERT INTO `sys_dict_data` VALUES (10, 1, '默认', 'DEFAULT', 'sys_job_group', '', '', 'Y', '0', 'admin', '2018-03-16 11:33:00', 'ry', '2018-03-16 11:33:00', '默认分组');
INSERT INTO `sys_dict_data` VALUES (11, 2, '系统', 'SYSTEM', 'sys_job_group', '', '', 'N', '0', 'admin', '2018-03-16 11:33:00', 'ry', '2018-03-16 11:33:00', '系统分组');
INSERT INTO `sys_dict_data` VALUES (12, 1, '是', 'Y', 'sys_yes_no', '', 'primary', 'Y', '0', 'admin', '2018-03-16 11:33:00', 'ry', '2018-03-16 11:33:00', '系统默认是');
INSERT INTO `sys_dict_data` VALUES (13, 2, '否', 'N', 'sys_yes_no', '', 'danger', 'N', '0', 'admin', '2018-03-16 11:33:00', 'ry', '2018-03-16 11:33:00', '系统默认否');
INSERT INTO `sys_dict_data` VALUES (14, 1, '通知', '1', 'sys_notice_type', '', 'warning', 'Y', '0', 'admin', '2018-03-16 11:33:00', 'ry', '2018-03-16 11:33:00', '通知');
INSERT INTO `sys_dict_data` VALUES (15, 2, '公告', '2', 'sys_notice_type', '', 'success', 'N', '0', 'admin', '2018-03-16 11:33:00', 'ry', '2018-03-16 11:33:00', '公告');
INSERT INTO `sys_dict_data` VALUES (16, 1, '正常', '0', 'sys_notice_status', '', 'primary', 'Y', '0', 'admin', '2018-03-16 11:33:00', 'ry', '2018-03-16 11:33:00', '正常状态');
INSERT INTO `sys_dict_data` VALUES (17, 2, '关闭', '1', 'sys_notice_status', '', 'danger', 'N', '0', 'admin', '2018-03-16 11:33:00', 'ry', '2018-03-16 11:33:00', '关闭状态');
INSERT INTO `sys_dict_data` VALUES (18, 1, '新增', '1', 'sys_oper_type', '', 'info', 'N', '0', 'admin', '2018-03-16 11:33:00', 'ry', '2018-03-16 11:33:00', '新增操作');
INSERT INTO `sys_dict_data` VALUES (19, 2, '修改', '2', 'sys_oper_type', '', 'info', 'N', '0', 'admin', '2018-03-16 11:33:00', 'ry', '2018-03-16 11:33:00', '修改操作');
INSERT INTO `sys_dict_data` VALUES (20, 3, '删除', '3', 'sys_oper_type', '', 'danger', 'N', '0', 'admin', '2018-03-16 11:33:00', 'ry', '2018-03-16 11:33:00', '删除操作');
INSERT INTO `sys_dict_data` VALUES (21, 4, '授权', '4', 'sys_oper_type', '', 'primary', 'N', '0', 'admin', '2018-03-16 11:33:00', 'ry', '2018-03-16 11:33:00', '授权操作');
INSERT INTO `sys_dict_data` VALUES (22, 5, '导出', '5', 'sys_oper_type', '', 'warning', 'N', '0', 'admin', '2018-03-16 11:33:00', 'ry', '2018-03-16 11:33:00', '导出操作');
INSERT INTO `sys_dict_data` VALUES (23, 6, '导入', '6', 'sys_oper_type', '', 'warning', 'N', '0', 'admin', '2018-03-16 11:33:00', 'ry', '2018-03-16 11:33:00', '导入操作');
INSERT INTO `sys_dict_data` VALUES (24, 7, '强退', '7', 'sys_oper_type', '', 'danger', 'N', '0', 'admin', '2018-03-16 11:33:00', 'ry', '2018-03-16 11:33:00', '强退操作');
INSERT INTO `sys_dict_data` VALUES (25, 8, '生成代码', '8', 'sys_oper_type', '', 'warning', 'N', '0', 'admin', '2018-03-16 11:33:00', 'ry', '2018-03-16 11:33:00', '生成操作');
INSERT INTO `sys_dict_data` VALUES (26, 9, '清空数据', '9', 'sys_oper_type', '', 'danger', 'N', '0', 'admin', '2018-03-16 11:33:00', 'ry', '2018-03-16 11:33:00', '清空操作');
INSERT INTO `sys_dict_data` VALUES (27, 1, '成功', '0', 'sys_common_status', '', 'primary', 'N', '0', 'admin', '2018-03-16 11:33:00', 'ry', '2018-03-16 11:33:00', '正常状态');
INSERT INTO `sys_dict_data` VALUES (28, 2, '失败', '1', 'sys_common_status', '', 'danger', 'N', '0', 'admin', '2018-03-16 11:33:00', 'ry', '2018-03-16 11:33:00', '停用状态');
INSERT INTO `sys_dict_data` VALUES (29, 0, '正常', '0', 'sys_user_status', NULL, NULL, 'N', '0', 'admin', '2020-10-06 04:04:17', 'admin', '2020-10-06 04:04:32', '正常状态');
INSERT INTO `sys_dict_data` VALUES (30, 1, '禁用', '1', 'sys_user_status', NULL, NULL, 'N', '0', 'admin', '2020-10-06 04:06:07', 'admin', '2020-10-06 14:44:05', '禁用状态');
INSERT INTO `sys_dict_data` VALUES (31, 0, '网站', 'web', 'sys_user_login_type', NULL, 'primary', 'N', '0', 'admin', '2020-10-06 04:11:12', 'admin', '2020-10-11 06:44:10', '通过网站登录');
INSERT INTO `sys_dict_data` VALUES (32, 1, '移动端', 'app', 'sys_user_login_type', NULL, 'success', 'N', '0', 'admin', '2020-10-06 04:11:56', 'admin', '2020-10-11 06:44:19', '通过移动端应用登录，如：手机APP');
INSERT INTO `sys_dict_data` VALUES (33, 0, '系统用户', '00', 'sys_user_type', NULL, NULL, 'N', '0', 'admin', '2020-10-06 09:17:22', '', NULL, '该用户为后台系统用户');
INSERT INTO `sys_dict_data` VALUES (34, 1, '商城用户', '01', 'sys_user_type', NULL, NULL, 'N', '0', 'admin', '2020-10-06 09:17:56', '', NULL, '该用户为前台商城用户');
INSERT INTO `sys_dict_data` VALUES (35, 0, '申请退款', '-1', 'order_status', '', 'warning', 'N', '0', 'admin', '2020-10-06 11:10:33', 'admin', '2020-10-11 03:53:45', '申请退款');
INSERT INTO `sys_dict_data` VALUES (36, 1, '退货成功', '-2', 'order_status', NULL, 'danger', 'N', '0', 'admin', '2020-10-06 11:10:53', 'admin', '2020-10-11 03:54:13', '退货成功');
INSERT INTO `sys_dict_data` VALUES (37, 2, '待发货', '0', 'order_status', NULL, 'primary', 'N', '0', 'admin', '2020-10-06 11:11:18', 'admin', '2020-10-11 03:54:55', '待发货');
INSERT INTO `sys_dict_data` VALUES (38, 3, '待收货', '1', 'order_status', NULL, 'success', 'N', '0', 'admin', '2020-10-06 11:11:39', 'admin', '2020-10-11 03:54:34', '待收货');
INSERT INTO `sys_dict_data` VALUES (39, 4, '已收货', '2', 'order_status', NULL, 'info', 'N', '0', 'admin', '2020-10-06 11:12:10', 'admin', '2020-10-11 03:54:43', '已收货');
INSERT INTO `sys_dict_data` VALUES (40, 5, '待评价', '3', 'order_status', NULL, 'info', 'N', '0', 'admin', '2020-10-06 11:12:28', 'admin', '2020-10-11 03:54:46', '待评价');
INSERT INTO `sys_dict_data` VALUES (42, 0, '推荐', '1', 'mall_product_category_is_show', NULL, NULL, 'N', '0', 'admin', '2020-10-06 13:50:24', '', NULL, NULL);
INSERT INTO `sys_dict_data` VALUES (43, 0, '不推荐', '0', 'mall_product_category_is_show', NULL, NULL, 'N', '0', 'admin', '2020-10-06 13:50:46', '', NULL, NULL);
INSERT INTO `sys_dict_data` VALUES (44, 0, '已删除', '1', 'mall_product_category_is_del', NULL, NULL, 'N', '0', 'admin', '2020-10-06 13:54:14', '', NULL, NULL);
INSERT INTO `sys_dict_data` VALUES (45, 0, '未删除', '0', 'mall_product_category_is_del', NULL, NULL, 'N', '0', 'admin', '2020-10-06 13:54:24', '', NULL, NULL);
INSERT INTO `sys_dict_data` VALUES (46, 0, '存在', '0', 'sys_common_del_flag', NULL, NULL, 'N', '0', 'admin', '2020-10-06 14:42:35', 'admin', '2020-10-11 13:31:19', '存在');
INSERT INTO `sys_dict_data` VALUES (47, 1, '删除', '1', 'sys_common_del_flag', NULL, NULL, 'N', '0', 'admin', '2020-10-06 14:43:21', 'admin', '2020-10-11 13:31:23', '已删除');
INSERT INTO `sys_dict_data` VALUES (48, 0, '已支付', '0', 'pay_status', NULL, 'success', 'N', '0', 'admin', '2020-10-07 01:55:46', 'admin', '2020-10-11 06:11:57', '已支付');
INSERT INTO `sys_dict_data` VALUES (49, 1, '未支付', '1', 'pay_status', NULL, 'warning', 'N', '0', 'admin', '2020-10-07 01:56:02', 'admin', '2020-10-11 06:08:50', '未支付');
INSERT INTO `sys_dict_data` VALUES (50, 0, '未退款', '0', 'order_refund_status', NULL, 'danger', 'N', '0', 'admin', '2020-10-07 02:01:17', 'admin', '2020-10-11 06:11:25', '未退款');
INSERT INTO `sys_dict_data` VALUES (51, 1, '申请中', '1', 'order_refund_status', NULL, 'warning', 'N', '0', 'admin', '2020-10-07 02:01:32', 'admin', '2020-10-11 06:11:35', '申请中');
INSERT INTO `sys_dict_data` VALUES (52, 2, '已退款', '2', 'order_refund_status', NULL, 'success', 'N', '0', 'admin', '2020-10-07 02:01:53', 'admin', '2020-10-11 06:11:43', '已退款');
INSERT INTO `sys_dict_data` VALUES (53, 0, '微信公众号', '0', 'payment_channels', NULL, NULL, 'N', '0', 'admin', '2020-10-07 02:04:57', 'admin', '2020-10-10 13:19:02', '微信公众号');
INSERT INTO `sys_dict_data` VALUES (54, 0, '微信小程序', '1', 'payment_channels', NULL, NULL, 'N', '0', 'admin', '2020-10-07 02:05:16', 'admin', '2020-10-10 13:19:24', '微信小程序');
INSERT INTO `sys_dict_data` VALUES (55, 0, '正常', '0', ' dstribution_mode', NULL, NULL, 'N', '0', 'admin', '2020-10-07 02:11:16', '', NULL, '配送');
INSERT INTO `sys_dict_data` VALUES (56, 0, '正常', '0', ' dstribution_mode', NULL, NULL, 'N', '0', 'admin', '2020-10-07 02:11:41', '', NULL, '配送');
INSERT INTO `sys_dict_data` VALUES (57, 0, '普通用户', '00', 'apm_user_type', NULL, 'info', 'N', '0', 'admin', '2020-10-11 10:27:07', 'admin', '2020-10-11 10:36:07', '商城普通用户');
INSERT INTO `sys_dict_data` VALUES (58, 1, '会员用户', '01', 'apm_user_type', NULL, 'primary', 'N', '0', 'admin', '2020-10-11 10:27:25', 'admin', '2020-10-11 10:36:36', '商城会员用户');
INSERT INTO `sys_dict_data` VALUES (61, 0, '后台', '0', 'apm_store_product_mer_id', NULL, NULL, 'N', '0', 'admin', '2020-10-11 12:55:35', '', NULL, '后台创建');
INSERT INTO `sys_dict_data` VALUES (62, 0, '一手商品', 'new', 'apm_store_product_category', NULL, NULL, 'N', '0', 'admin', '2020-10-11 13:01:36', 'admin', '2020-10-14 14:34:12', '新上架的商品');
INSERT INTO `sys_dict_data` VALUES (63, 1, '二手闲置', 'old', 'apm_store_product_category', NULL, NULL, 'N', '0', 'admin', '2020-10-11 13:02:06', '', NULL, '二手商品');
INSERT INTO `sys_dict_data` VALUES (64, 0, '不推荐', '0', 'apm_store_is_show', NULL, NULL, 'N', '0', 'admin', '2020-10-11 13:17:28', '', NULL, '前台不显示不推荐的商品/商品分类');
INSERT INTO `sys_dict_data` VALUES (65, 1, '推荐', '1', 'apm_store_is_show', NULL, NULL, 'N', '0', 'admin', '2020-10-11 13:18:02', '', NULL, '前台显示推荐的商品/商品分类');
INSERT INTO `sys_dict_data` VALUES (66, 0, '新品', '0', 'apm_store_product_is _new', NULL, NULL, 'N', '0', 'admin', '2020-10-11 13:21:01', '', NULL, '商品是新品');
INSERT INTO `sys_dict_data` VALUES (67, 1, '非新品', '1', 'apm_store_product_is _new', NULL, NULL, 'N', '0', 'admin', '2020-10-11 13:21:23', '', NULL, '商品不是新品');
INSERT INTO `sys_dict_data` VALUES (68, 0, '包邮', '0', 'apm_store_product_is_postage', NULL, NULL, 'N', '0', 'admin', '2020-10-11 13:29:07', '', NULL, '包邮');
INSERT INTO `sys_dict_data` VALUES (69, 1, '不包邮', '1', 'apm_store_product_is_postage', NULL, NULL, 'N', '0', 'admin', '2020-10-11 13:29:21', '', NULL, '不包邮');
INSERT INTO `sys_dict_data` VALUES (70, 0, '不可代理', '0', 'apm_store_product_mer_use', NULL, NULL, 'N', '0', 'admin', '2020-10-11 13:34:05', '', NULL, '不可代理 ');
INSERT INTO `sys_dict_data` VALUES (71, 1, '可代理', '1', 'apm_store_product_mer_use', NULL, NULL, 'N', '0', 'admin', '2020-10-11 13:34:22', '', NULL, '可代理');
INSERT INTO `sys_dict_data` VALUES (72, 0, '存在', '0', 'apm_common_del_flag_int', NULL, NULL, 'N', '0', 'admin', '2020-10-12 06:29:54', '', NULL, '存在，未删除');
INSERT INTO `sys_dict_data` VALUES (73, 1, '已删除', '1', 'apm_common_del_flag_int', NULL, NULL, 'N', '0', 'admin', '2020-10-12 06:30:16', '', NULL, '已删除，不显示');
INSERT INTO `sys_dict_data` VALUES (74, 0, '默认', '1', 'apm_common_is_default_int', NULL, NULL, 'N', '0', 'admin', '2020-10-12 06:32:16', '', NULL, '默认的');
INSERT INTO `sys_dict_data` VALUES (75, 1, '非默认', '0', 'apm_common_is_default_int', NULL, NULL, 'N', '0', 'admin', '2020-10-12 06:32:36', '', NULL, '不是默认的');
INSERT INTO `sys_dict_data` VALUES (76, 0, 'zhangkaixi', '3', 'apm_store_product_mer_id', NULL, NULL, 'N', '0', 'zhangkaixi', '2020-10-14 14:25:17', '', NULL, '用户创建');
INSERT INTO `sys_dict_data` VALUES (77, 0, '图片', '0', 'sys_upload_file_type', NULL, 'primary', 'N', '0', 'admin', '2020-10-16 02:42:03', '', NULL, '图片类型');
INSERT INTO `sys_dict_data` VALUES (78, 1, '音频', '1', 'sys_upload_file_type', NULL, 'warning', 'N', '0', 'admin', '2020-10-16 02:44:22', '', NULL, '音频类型');
INSERT INTO `sys_dict_data` VALUES (79, 2, '视频', '2', 'sys_upload_file_type', NULL, 'danger', 'N', '0', 'admin', '2020-10-16 02:45:07', '', NULL, '视频类型');
INSERT INTO `sys_dict_data` VALUES (80, 3, '文档', '3', 'sys_upload_file_type', NULL, 'success', 'N', '0', 'admin', '2020-10-16 02:46:34', '', NULL, '文档类型');
INSERT INTO `sys_dict_data` VALUES (81, 4, '其他', '4', 'sys_upload_file_type', NULL, 'info', 'N', '0', 'admin', '2020-10-16 02:47:05', '', NULL, '其他类型');

-- ----------------------------
-- Table structure for sys_dict_type
-- ----------------------------
DROP TABLE IF EXISTS `sys_dict_type`;
CREATE TABLE `sys_dict_type`  (
  `dict_id` bigint(20) NOT NULL AUTO_INCREMENT COMMENT '字典主键',
  `dict_name` varchar(100) CHARACTER SET utf8mb4 COLLATE utf8mb4_general_ci NULL DEFAULT '' COMMENT '字典名称',
  `dict_type` varchar(100) CHARACTER SET utf8mb4 COLLATE utf8mb4_general_ci NULL DEFAULT '' COMMENT '字典类型',
  `status` char(1) CHARACTER SET utf8mb4 COLLATE utf8mb4_general_ci NULL DEFAULT '0' COMMENT '状态（0正常 1停用）',
  `create_by` varchar(64) CHARACTER SET utf8mb4 COLLATE utf8mb4_general_ci NULL DEFAULT '' COMMENT '创建者',
  `create_time` datetime(0) NULL DEFAULT NULL COMMENT '创建时间',
  `update_by` varchar(64) CHARACTER SET utf8mb4 COLLATE utf8mb4_general_ci NULL DEFAULT '' COMMENT '更新者',
  `update_time` datetime(0) NULL DEFAULT NULL COMMENT '更新时间',
  `remark` varchar(500) CHARACTER SET utf8mb4 COLLATE utf8mb4_general_ci NULL DEFAULT NULL COMMENT '备注',
  PRIMARY KEY (`dict_id`) USING BTREE,
  UNIQUE INDEX `dict_type`(`dict_type`) USING BTREE
) ENGINE = InnoDB AUTO_INCREMENT = 33 CHARACTER SET = utf8mb4 COLLATE = utf8mb4_general_ci COMMENT = '字典类型表' ROW_FORMAT = Dynamic;

-- ----------------------------
-- Records of sys_dict_type
-- ----------------------------
INSERT INTO `sys_dict_type` VALUES (1, '用户性别', 'sys_user_sex', '0', 'admin', '2018-03-16 11:33:00', 'ry', '2018-03-16 11:33:00', '用户性别列表');
INSERT INTO `sys_dict_type` VALUES (2, '菜单状态', 'sys_show_hide', '0', 'admin', '2018-03-16 11:33:00', 'ry', '2018-03-16 11:33:00', '菜单状态列表');
INSERT INTO `sys_dict_type` VALUES (3, '系统开关', 'sys_normal_disable', '0', 'admin', '2018-03-16 11:33:00', 'ry', '2018-03-16 11:33:00', '系统开关列表');
INSERT INTO `sys_dict_type` VALUES (4, '任务状态', 'sys_job_status', '0', 'admin', '2018-03-16 11:33:00', 'ry', '2018-03-16 11:33:00', '任务状态列表');
INSERT INTO `sys_dict_type` VALUES (5, '任务分组', 'sys_job_group', '0', 'admin', '2018-03-16 11:33:00', 'ry', '2018-03-16 11:33:00', '任务分组列表');
INSERT INTO `sys_dict_type` VALUES (6, '系统是否', 'sys_yes_no', '0', 'admin', '2018-03-16 11:33:00', 'ry', '2018-03-16 11:33:00', '系统是否列表');
INSERT INTO `sys_dict_type` VALUES (7, '通知类型', 'sys_notice_type', '0', 'admin', '2018-03-16 11:33:00', 'ry', '2018-03-16 11:33:00', '通知类型列表');
INSERT INTO `sys_dict_type` VALUES (8, '通知状态', 'sys_notice_status', '0', 'admin', '2018-03-16 11:33:00', 'ry', '2018-03-16 11:33:00', '通知状态列表');
INSERT INTO `sys_dict_type` VALUES (9, '操作类型', 'sys_oper_type', '0', 'admin', '2018-03-16 11:33:00', 'ry', '2018-03-16 11:33:00', '操作类型列表');
INSERT INTO `sys_dict_type` VALUES (10, '系统状态', 'sys_common_status', '0', 'admin', '2018-03-16 11:33:00', 'ry', '2018-03-16 11:33:00', '登录状态列表');
INSERT INTO `sys_dict_type` VALUES (11, '用户状态', 'sys_user_status', '0', 'admin', '2020-10-06 04:01:16', 'admin', '2020-10-06 08:26:33', '用户状态列表');
INSERT INTO `sys_dict_type` VALUES (12, '用户登录类型', 'sys_user_login_type', '0', 'admin', '2020-10-06 04:08:20', 'admin', '2020-10-06 08:26:49', '用户登录类型列表');
INSERT INTO `sys_dict_type` VALUES (13, '用户类型', 'sys_user_type', '0', 'admin', '2020-10-06 09:16:28', '', NULL, '用户类型列表');
INSERT INTO `sys_dict_type` VALUES (14, '订单状态', 'order_status', '0', 'admin', '2020-10-06 11:09:17', 'admin', '2020-10-11 10:25:43', '订单状态列表');
INSERT INTO `sys_dict_type` VALUES (15, '商品分类推荐状态', 'mall_product_category_is_show', '0', 'admin', '2020-10-06 13:49:06', 'admin', '2020-10-06 14:04:13', '商品分类推荐状态列表');
INSERT INTO `sys_dict_type` VALUES (16, '商品分类删除状态', 'mall_product_category_is_del', '0', 'admin', '2020-10-06 13:53:27', 'admin', '2020-10-06 14:04:46', '商品分类删除状态');
INSERT INTO `sys_dict_type` VALUES (17, '删除状态', 'sys_common_del_flag', '0', 'admin', '2020-10-06 14:41:39', 'admin', '2020-10-11 13:30:54', '删除状态列表');
INSERT INTO `sys_dict_type` VALUES (18, '支付状态', 'pay_status', '0', 'admin', '2020-10-07 01:54:27', 'admin', '2020-10-11 10:26:06', '顾客支付状态列表');
INSERT INTO `sys_dict_type` VALUES (19, '退货状态', 'order_refund_status', '0', 'admin', '2020-10-07 02:00:35', 'admin', '2020-10-11 10:26:12', '退货状态列表');
INSERT INTO `sys_dict_type` VALUES (20, '支付渠道', 'payment_channels', '0', 'admin', '2020-10-07 02:04:32', 'admin', '2020-10-11 10:26:18', '支付渠道列表');
INSERT INTO `sys_dict_type` VALUES (21, '配送方式', ' dstribution_mode', '0', 'admin', '2020-10-07 02:08:25', 'admin', '2020-10-11 10:26:24', '配送方式列表');
INSERT INTO `sys_dict_type` VALUES (22, '商城用户类型', 'apm_user_type', '0', 'admin', '2020-10-11 10:24:59', '', NULL, '商城用户类型列表');
INSERT INTO `sys_dict_type` VALUES (24, '商户类型', 'apm_store_product_mer_id', '0', 'admin', '2020-10-11 12:54:51', '', NULL, '商户类型列表');
INSERT INTO `sys_dict_type` VALUES (25, '商品类型', 'apm_store_product_category', '0', 'admin', '2020-10-11 13:00:32', '', NULL, '商品类型列表');
INSERT INTO `sys_dict_type` VALUES (26, '商品推荐状态', 'apm_store_is_show', '0', 'admin', '2020-10-11 13:15:04', '', NULL, '商品推荐状态列表');
INSERT INTO `sys_dict_type` VALUES (27, '商品是否新品', 'apm_store_product_is _new', '0', 'admin', '2020-10-11 13:20:31', '', NULL, '商品是否新品');
INSERT INTO `sys_dict_type` VALUES (28, '商品包邮状态', 'apm_store_product_is_postage', '0', 'admin', '2020-10-11 13:28:10', 'admin', '2020-10-11 13:28:35', '商品包邮状态列表');
INSERT INTO `sys_dict_type` VALUES (29, '商品代理状态', 'apm_store_product_mer_use', '0', 'admin', '2020-10-11 13:32:55', 'admin', '2020-10-11 13:33:26', '商品代理状态列表');
INSERT INTO `sys_dict_type` VALUES (30, '删除状态（int）', 'apm_common_del_flag_int', '0', 'admin', '2020-10-12 06:29:15', '', NULL, '数值类型的删除标志');
INSERT INTO `sys_dict_type` VALUES (31, '是否默认（int）', 'apm_common_is_default_int', '0', 'admin', '2020-10-12 06:31:45', '', NULL, '数值类型的是否默认标识');
INSERT INTO `sys_dict_type` VALUES (32, '文件类型', 'sys_upload_file_type', '0', 'admin', '2020-10-16 02:38:02', 'admin', '2020-10-16 03:35:17', '文件类型列表');

-- ----------------------------
-- Table structure for sys_job
-- ----------------------------
DROP TABLE IF EXISTS `sys_job`;
CREATE TABLE `sys_job`  (
  `job_id` bigint(20) NOT NULL AUTO_INCREMENT COMMENT '任务ID',
  `job_name` varchar(64) CHARACTER SET utf8mb4 COLLATE utf8mb4_general_ci NOT NULL DEFAULT '' COMMENT '任务名称',
  `job_group` varchar(64) CHARACTER SET utf8mb4 COLLATE utf8mb4_general_ci NOT NULL DEFAULT 'DEFAULT' COMMENT '任务组名',
  `invoke_target` varchar(500) CHARACTER SET utf8mb4 COLLATE utf8mb4_general_ci NOT NULL COMMENT '调用目标字符串',
  `cron_expression` varchar(255) CHARACTER SET utf8mb4 COLLATE utf8mb4_general_ci NULL DEFAULT '' COMMENT 'cron执行表达式',
  `misfire_policy` varchar(20) CHARACTER SET utf8mb4 COLLATE utf8mb4_general_ci NULL DEFAULT '3' COMMENT '计划执行错误策略（1立即执行 2执行一次 3放弃执行）',
  `concurrent` char(1) CHARACTER SET utf8mb4 COLLATE utf8mb4_general_ci NULL DEFAULT '1' COMMENT '是否并发执行（0允许 1禁止）',
  `status` char(1) CHARACTER SET utf8mb4 COLLATE utf8mb4_general_ci NULL DEFAULT '0' COMMENT '状态（0正常 1暂停）',
  `create_by` varchar(64) CHARACTER SET utf8mb4 COLLATE utf8mb4_general_ci NULL DEFAULT '' COMMENT '创建者',
  `create_time` datetime(0) NULL DEFAULT NULL COMMENT '创建时间',
  `update_by` varchar(64) CHARACTER SET utf8mb4 COLLATE utf8mb4_general_ci NULL DEFAULT '' COMMENT '更新者',
  `update_time` datetime(0) NULL DEFAULT NULL COMMENT '更新时间',
  `remark` varchar(500) CHARACTER SET utf8mb4 COLLATE utf8mb4_general_ci NULL DEFAULT '' COMMENT '备注信息',
  PRIMARY KEY (`job_id`, `job_name`, `job_group`) USING BTREE
) ENGINE = InnoDB AUTO_INCREMENT = 4 CHARACTER SET = utf8mb4 COLLATE = utf8mb4_general_ci COMMENT = '定时任务调度表' ROW_FORMAT = Dynamic;

-- ----------------------------
-- Records of sys_job
-- ----------------------------
INSERT INTO `sys_job` VALUES (1, '系统默认（无参）', 'DEFAULT', 'apmTask.apmNoParams', '0/10 * * * * ?', '3', '1', '1', 'admin', '2018-03-16 11:33:00', 'ry', '2018-03-16 11:33:00', '');
INSERT INTO `sys_job` VALUES (2, '系统默认（有参）', 'DEFAULT', 'apmTask.apmParams(\'apm\')', '0/15 * * * * ?', '3', '1', '1', 'admin', '2018-03-16 11:33:00', 'ry', '2018-03-16 11:33:00', '');
INSERT INTO `sys_job` VALUES (3, '系统默认（多参）', 'DEFAULT', 'apmTask.apmMultipleParams(\'apm\', true, 2000L, 316.50D, 100)', '0/20 * * * * ?', '3', '1', '1', 'admin', '2018-03-16 11:33:00', 'ry', '2018-03-16 11:33:00', '');

-- ----------------------------
-- Table structure for sys_job_log
-- ----------------------------
DROP TABLE IF EXISTS `sys_job_log`;
CREATE TABLE `sys_job_log`  (
  `job_log_id` bigint(20) NOT NULL AUTO_INCREMENT COMMENT '任务日志ID',
  `job_name` varchar(64) CHARACTER SET utf8mb4 COLLATE utf8mb4_general_ci NOT NULL COMMENT '任务名称',
  `job_group` varchar(64) CHARACTER SET utf8mb4 COLLATE utf8mb4_general_ci NOT NULL COMMENT '任务组名',
  `invoke_target` varchar(500) CHARACTER SET utf8mb4 COLLATE utf8mb4_general_ci NOT NULL COMMENT '调用目标字符串',
  `job_message` varchar(500) CHARACTER SET utf8mb4 COLLATE utf8mb4_general_ci NULL DEFAULT NULL COMMENT '日志信息',
  `status` char(1) CHARACTER SET utf8mb4 COLLATE utf8mb4_general_ci NULL DEFAULT '0' COMMENT '执行状态（0正常 1失败）',
  `exception_info` varchar(2000) CHARACTER SET utf8mb4 COLLATE utf8mb4_general_ci NULL DEFAULT '' COMMENT '异常信息',
  `create_time` datetime(0) NULL DEFAULT NULL COMMENT '创建时间',
  PRIMARY KEY (`job_log_id`) USING BTREE
) ENGINE = InnoDB AUTO_INCREMENT = 4 CHARACTER SET = utf8mb4 COLLATE = utf8mb4_general_ci COMMENT = '定时任务调度日志表' ROW_FORMAT = Dynamic;

-- ----------------------------
-- Records of sys_job_log
-- ----------------------------
INSERT INTO `sys_job_log` VALUES (1, '系统默认（无参）', 'DEFAULT', 'apmTask.apmNoParams', '系统默认（无参） 总共耗时：1毫秒', '0', '', '2020-10-06 02:18:06');
INSERT INTO `sys_job_log` VALUES (2, '系统默认（有参）', 'DEFAULT', 'apmTask.apmParams(\'apm\')', '系统默认（有参） 总共耗时：1毫秒', '0', '', '2020-10-06 02:18:58');
INSERT INTO `sys_job_log` VALUES (3, '系统默认（多参）', 'DEFAULT', 'apmTask.apmMultipleParams(\'apm\', true, 2000L, 316.50D, 100)', '系统默认（多参） 总共耗时：2毫秒', '0', '', '2020-10-06 02:19:09');

-- ----------------------------
-- Table structure for sys_logininfor
-- ----------------------------
DROP TABLE IF EXISTS `sys_logininfor`;
CREATE TABLE `sys_logininfor`  (
  `info_id` bigint(20) NOT NULL AUTO_INCREMENT COMMENT '访问ID',
  `user_name` varchar(50) CHARACTER SET utf8mb4 COLLATE utf8mb4_general_ci NULL DEFAULT '' COMMENT '用户账号',
  `ipaddr` varchar(50) CHARACTER SET utf8mb4 COLLATE utf8mb4_general_ci NULL DEFAULT '' COMMENT '登录IP地址',
  `login_location` varchar(255) CHARACTER SET utf8mb4 COLLATE utf8mb4_general_ci NULL DEFAULT '' COMMENT '登录地点',
  `browser` varchar(50) CHARACTER SET utf8mb4 COLLATE utf8mb4_general_ci NULL DEFAULT '' COMMENT '浏览器类型',
  `os` varchar(50) CHARACTER SET utf8mb4 COLLATE utf8mb4_general_ci NULL DEFAULT '' COMMENT '操作系统',
  `status` char(1) CHARACTER SET utf8mb4 COLLATE utf8mb4_general_ci NULL DEFAULT '0' COMMENT '登录状态（0成功 1失败）',
  `msg` varchar(255) CHARACTER SET utf8mb4 COLLATE utf8mb4_general_ci NULL DEFAULT '' COMMENT '提示消息',
  `login_time` datetime(0) NULL DEFAULT NULL COMMENT '访问时间',
  PRIMARY KEY (`info_id`) USING BTREE
) ENGINE = InnoDB AUTO_INCREMENT = 136 CHARACTER SET = utf8mb4 COLLATE = utf8mb4_general_ci COMMENT = '系统访问记录' ROW_FORMAT = Dynamic;

-- ----------------------------
-- Records of sys_logininfor
-- ----------------------------
INSERT INTO `sys_logininfor` VALUES (1, 'admin', '127.0.0.1', '内网IP', 'Chrome 8', 'Windows 10', '1', '验证码错误', '2020-10-05 11:17:51');
INSERT INTO `sys_logininfor` VALUES (2, 'admin', '127.0.0.1', '内网IP', 'Chrome 8', 'Windows 10', '0', '登录成功', '2020-10-05 11:17:57');
INSERT INTO `sys_logininfor` VALUES (3, 'admin', '127.0.0.1', '内网IP', 'Chrome 8', 'Windows 10', '0', '登录成功', '2020-10-05 15:06:49');
INSERT INTO `sys_logininfor` VALUES (4, 'admin', '127.0.0.1', '内网IP', 'Chrome 8', 'Windows 10', '0', '登录成功', '2020-10-05 15:57:58');
INSERT INTO `sys_logininfor` VALUES (5, 'admin', '127.0.0.1', '内网IP', 'Chrome 8', 'Windows 10', '0', '登录成功', '2020-10-06 02:17:37');
INSERT INTO `sys_logininfor` VALUES (6, 'admin', '127.0.0.1', '内网IP', 'Chrome 8', 'Windows 10', '0', '登录成功', '2020-10-06 02:53:03');
INSERT INTO `sys_logininfor` VALUES (7, 'admin', '127.0.0.1', '内网IP', 'Chrome 8', 'Windows 10', '0', '登录成功', '2020-10-06 03:48:39');
INSERT INTO `sys_logininfor` VALUES (8, 'admin', '127.0.0.1', '内网IP', 'Chrome 8', 'Windows 10', '0', '登录成功', '2020-10-06 04:08:26');
INSERT INTO `sys_logininfor` VALUES (9, 'admin', '127.0.0.1', '内网IP', 'Chrome 8', 'Windows 10', '0', '登录成功', '2020-10-06 05:00:33');
INSERT INTO `sys_logininfor` VALUES (10, 'admin', '127.0.0.1', '内网IP', 'Chrome 8', 'Windows 10', '0', '登录成功', '2020-10-06 05:46:48');
INSERT INTO `sys_logininfor` VALUES (11, 'admin', '127.0.0.1', '内网IP', 'Chrome 8', 'Windows 10', '0', '登录成功', '2020-10-06 05:50:40');
INSERT INTO `sys_logininfor` VALUES (12, 'admin', '127.0.0.1', '内网IP', 'Chrome 8', 'Windows 10', '0', '登录成功', '2020-10-06 08:03:57');
INSERT INTO `sys_logininfor` VALUES (13, 'admin', '127.0.0.1', '内网IP', 'Chrome 8', 'Windows 10', '0', '登录成功', '2020-10-06 09:14:53');
INSERT INTO `sys_logininfor` VALUES (14, 'admin', '127.0.0.1', '内网IP', 'Chrome 8', 'Windows 10', '1', '验证码已失效', '2020-10-06 11:03:35');
INSERT INTO `sys_logininfor` VALUES (15, 'admin', '127.0.0.1', '内网IP', 'Chrome 8', 'Windows 10', '0', '登录成功', '2020-10-06 11:03:40');
INSERT INTO `sys_logininfor` VALUES (16, 'admin', '127.0.0.1', '内网IP', 'Chrome 8', 'Windows 10', '0', '退出成功', '2020-10-06 11:28:28');
INSERT INTO `sys_logininfor` VALUES (17, 'admin', '127.0.0.1', '内网IP', 'Chrome 8', 'Windows 10', '1', '验证码错误', '2020-10-06 11:28:36');
INSERT INTO `sys_logininfor` VALUES (18, 'admin', '127.0.0.1', '内网IP', 'Chrome 8', 'Windows 10', '0', '登录成功', '2020-10-06 11:28:41');
INSERT INTO `sys_logininfor` VALUES (19, 'admin', '127.0.0.1', '内网IP', 'Chrome 8', 'Windows 10', '0', '登录成功', '2020-10-06 11:55:11');
INSERT INTO `sys_logininfor` VALUES (20, 'admin', '127.0.0.1', '内网IP', 'Chrome 8', 'Windows 10', '0', '退出成功', '2020-10-06 12:04:19');
INSERT INTO `sys_logininfor` VALUES (21, 'admin', '127.0.0.1', '内网IP', 'Chrome 8', 'Windows 10', '0', '登录成功', '2020-10-06 12:04:23');
INSERT INTO `sys_logininfor` VALUES (22, 'admin', '127.0.0.1', '内网IP', 'Chrome 8', 'Linux', '0', '登录成功', '2020-10-06 13:17:17');
INSERT INTO `sys_logininfor` VALUES (23, 'admin', '127.0.0.1', '内网IP', 'Chrome 8', 'Windows 10', '0', '登录成功', '2020-10-06 13:38:29');
INSERT INTO `sys_logininfor` VALUES (24, 'admin', '127.0.0.1', '内网IP', 'Chrome 8', 'Windows 10', '0', '登录成功', '2020-10-06 13:39:33');
INSERT INTO `sys_logininfor` VALUES (25, 'admin', '127.0.0.1', '内网IP', 'Chrome 8', 'Windows 10', '0', '登录成功', '2020-10-07 00:36:53');
INSERT INTO `sys_logininfor` VALUES (26, 'admin', '127.0.0.1', '内网IP', 'Chrome 8', 'Windows 10', '0', '登录成功', '2020-10-07 00:53:38');
INSERT INTO `sys_logininfor` VALUES (27, 'admin', '127.0.0.1', '内网IP', 'Chrome 8', 'Linux', '1', '验证码错误', '2020-10-07 01:00:13');
INSERT INTO `sys_logininfor` VALUES (28, 'admin', '127.0.0.1', '内网IP', 'Chrome 8', 'Linux', '0', '登录成功', '2020-10-07 01:00:19');
INSERT INTO `sys_logininfor` VALUES (29, 'admin', '127.0.0.1', '内网IP', 'Chrome 8', 'Linux', '0', '登录成功', '2020-10-07 01:01:32');
INSERT INTO `sys_logininfor` VALUES (30, 'admin', '127.0.0.1', '内网IP', 'Chrome 8', 'Linux', '0', '登录成功', '2020-10-07 01:42:08');
INSERT INTO `sys_logininfor` VALUES (31, 'admin', '127.0.0.1', '内网IP', 'Chrome 8', 'Windows 10', '0', '登录成功', '2020-10-07 02:22:20');
INSERT INTO `sys_logininfor` VALUES (32, 'admin', '127.0.0.1', '内网IP', 'Chrome 8', 'Windows 10', '0', '登录成功', '2020-10-07 02:54:24');
INSERT INTO `sys_logininfor` VALUES (33, 'admin', '127.0.0.1', '内网IP', 'Chrome 8', 'Windows 10', '0', '退出成功', '2020-10-07 03:48:06');
INSERT INTO `sys_logininfor` VALUES (34, 'admin', '127.0.0.1', '内网IP', 'Chrome 8', 'Windows 10', '0', '登录成功', '2020-10-07 03:48:10');
INSERT INTO `sys_logininfor` VALUES (35, 'admin', '127.0.0.1', '内网IP', 'Chrome 8', 'Windows 10', '0', '登录成功', '2020-10-07 03:49:33');
INSERT INTO `sys_logininfor` VALUES (36, 'admin', '127.0.0.1', '内网IP', 'Chrome 8', 'Windows 10', '1', '验证码错误', '2020-10-07 04:45:56');
INSERT INTO `sys_logininfor` VALUES (37, 'admin', '127.0.0.1', '内网IP', 'Chrome 8', 'Windows 10', '0', '登录成功', '2020-10-07 04:46:00');
INSERT INTO `sys_logininfor` VALUES (38, 'admin', '127.0.0.1', '内网IP', 'Chrome 8', 'Windows 10', '0', '登录成功', '2020-10-07 05:43:20');
INSERT INTO `sys_logininfor` VALUES (39, 'admin', '127.0.0.1', '内网IP', 'Chrome 8', 'Windows 10', '0', '登录成功', '2020-10-07 05:59:48');
INSERT INTO `sys_logininfor` VALUES (40, 'admin', '127.0.0.1', '内网IP', 'Chrome 8', 'Linux', '1', '验证码错误', '2020-10-07 06:34:14');
INSERT INTO `sys_logininfor` VALUES (41, 'admin', '127.0.0.1', '内网IP', 'Chrome 8', 'Linux', '0', '登录成功', '2020-10-07 06:34:20');
INSERT INTO `sys_logininfor` VALUES (42, 'admin', '127.0.0.1', '内网IP', 'Chrome 8', 'Windows 10', '0', '登录成功', '2020-10-07 06:38:42');
INSERT INTO `sys_logininfor` VALUES (43, 'admin', '127.0.0.1', '内网IP', 'Chrome 8', 'Linux', '0', '登录成功', '2020-10-07 07:26:19');
INSERT INTO `sys_logininfor` VALUES (44, 'admin', '127.0.0.1', '内网IP', 'Chrome 8', 'Windows 10', '0', '登录成功', '2020-10-07 07:42:30');
INSERT INTO `sys_logininfor` VALUES (45, 'admin', '127.0.0.1', '内网IP', 'Chrome 8', 'Windows 10', '0', '登录成功', '2020-10-07 08:18:23');
INSERT INTO `sys_logininfor` VALUES (46, 'admin', '127.0.0.1', '内网IP', 'Chrome 8', 'Windows 10', '0', '退出成功', '2020-10-07 08:30:45');
INSERT INTO `sys_logininfor` VALUES (47, 'admin', '127.0.0.1', '内网IP', 'Chrome 8', 'Windows 10', '1', '验证码错误', '2020-10-07 08:30:55');
INSERT INTO `sys_logininfor` VALUES (48, 'admin', '127.0.0.1', '内网IP', 'Chrome 8', 'Windows 10', '1', '验证码错误', '2020-10-07 08:30:58');
INSERT INTO `sys_logininfor` VALUES (49, 'admin', '127.0.0.1', '内网IP', 'Chrome 8', 'Windows 10', '0', '登录成功', '2020-10-07 08:31:01');
INSERT INTO `sys_logininfor` VALUES (50, 'admin', '127.0.0.1', '内网IP', 'Chrome 8', 'Windows 10', '0', '登录成功', '2020-10-07 10:29:20');
INSERT INTO `sys_logininfor` VALUES (51, 'admin', '127.0.0.1', '内网IP', 'Chrome 8', 'Linux', '0', '登录成功', '2020-10-07 10:54:50');
INSERT INTO `sys_logininfor` VALUES (52, 'admin', '127.0.0.1', '内网IP', 'Chrome 8', 'Windows 10', '0', '登录成功', '2020-10-07 12:00:28');
INSERT INTO `sys_logininfor` VALUES (53, 'admin', '127.0.0.1', '内网IP', 'Chrome 8', 'Windows 10', '1', '验证码错误', '2020-10-07 13:15:26');
INSERT INTO `sys_logininfor` VALUES (54, 'admin', '127.0.0.1', '内网IP', 'Chrome 8', 'Windows 10', '0', '登录成功', '2020-10-07 13:15:33');
INSERT INTO `sys_logininfor` VALUES (55, 'admin', '127.0.0.1', '内网IP', 'Internet Explorer 11', 'Windows 10', '1', '验证码已失效', '2020-10-08 09:32:34');
INSERT INTO `sys_logininfor` VALUES (56, 'admin', '127.0.0.1', '内网IP', 'Internet Explorer 11', 'Windows 10', '0', '登录成功', '2020-10-08 09:32:38');
INSERT INTO `sys_logininfor` VALUES (57, 'admin', '127.0.0.1', '内网IP', 'Chrome', 'Windows 10', '0', '登录成功', '2020-10-08 09:33:08');
INSERT INTO `sys_logininfor` VALUES (58, 'admin', '127.0.0.1', '内网IP', 'Chrome', 'Windows 10', '0', '登录成功', '2020-10-08 10:43:56');
INSERT INTO `sys_logininfor` VALUES (59, 'admin', '127.0.0.1', '内网IP', 'Chrome 8', 'Windows 10', '0', '登录成功', '2020-10-08 11:19:14');
INSERT INTO `sys_logininfor` VALUES (60, 'admin', '127.0.0.1', '内网IP', 'Chrome 8', 'Linux', '0', '登录成功', '2020-10-09 01:30:52');
INSERT INTO `sys_logininfor` VALUES (61, 'admin', '127.0.0.1', '内网IP', 'Chrome 8', 'Linux', '0', '登录成功', '2020-10-09 02:19:05');
INSERT INTO `sys_logininfor` VALUES (62, 'admin', '127.0.0.1', '内网IP', 'Chrome 8', 'Windows 10', '0', '登录成功', '2020-10-09 02:22:01');
INSERT INTO `sys_logininfor` VALUES (63, 'admin', '127.0.0.1', '内网IP', 'Chrome 8', 'Linux', '0', '登录成功', '2020-10-09 03:45:18');
INSERT INTO `sys_logininfor` VALUES (64, 'admin', '127.0.0.1', '内网IP', 'Internet Explorer 11', 'Windows 10', '0', '登录成功', '2020-10-09 03:56:39');
INSERT INTO `sys_logininfor` VALUES (65, 'admin', '127.0.0.1', '内网IP', 'Chrome', 'Windows 10', '0', '登录成功', '2020-10-09 03:57:05');
INSERT INTO `sys_logininfor` VALUES (66, 'admin', '127.0.0.1', '内网IP', 'Chrome', 'Windows 10', '0', '登录成功', '2020-10-09 05:12:32');
INSERT INTO `sys_logininfor` VALUES (67, 'admin', '127.0.0.1', '内网IP', 'Chrome 8', 'Windows 10', '0', '登录成功', '2020-10-09 05:55:15');
INSERT INTO `sys_logininfor` VALUES (68, 'admin', '127.0.0.1', '内网IP', 'Chrome', 'Windows 10', '0', '退出成功', '2020-10-09 06:16:12');
INSERT INTO `sys_logininfor` VALUES (69, 'admin', '127.0.0.1', '内网IP', 'Chrome', 'Windows 10', '0', '登录成功', '2020-10-09 06:16:17');
INSERT INTO `sys_logininfor` VALUES (70, 'admin', '127.0.0.1', '内网IP', 'Chrome 8', 'Windows 10', '0', '登录成功', '2020-10-09 06:30:09');
INSERT INTO `sys_logininfor` VALUES (71, 'admin', '127.0.0.1', '内网IP', 'Chrome 8', 'Windows 10', '0', '登录成功', '2020-10-09 11:11:20');
INSERT INTO `sys_logininfor` VALUES (72, 'admin', '127.0.0.1', '内网IP', 'Chrome 8', 'Windows 10', '0', '登录成功', '2020-10-09 13:49:42');
INSERT INTO `sys_logininfor` VALUES (73, 'admin', '127.0.0.1', '内网IP', 'Chrome 8', 'Windows 10', '0', '登录成功', '2020-10-10 02:35:08');
INSERT INTO `sys_logininfor` VALUES (74, 'admin', '127.0.0.1', '内网IP', 'Firefox 8', 'Linux', '0', '登录成功', '2020-10-10 03:21:40');
INSERT INTO `sys_logininfor` VALUES (75, 'admin', '127.0.0.1', '内网IP', 'Firefox 8', 'Linux', '0', '登录成功', '2020-10-10 07:31:08');
INSERT INTO `sys_logininfor` VALUES (76, 'admin', '127.0.0.1', '内网IP', 'Firefox 8', 'Linux', '0', '登录成功', '2020-10-10 09:36:37');
INSERT INTO `sys_logininfor` VALUES (77, 'admin', '127.0.0.1', '内网IP', 'Chrome 8', 'Windows 10', '0', '登录成功', '2020-10-10 11:19:13');
INSERT INTO `sys_logininfor` VALUES (78, 'admin', '127.0.0.1', '内网IP', 'Chrome 8', 'Windows 10', '0', '退出成功', '2020-10-10 11:22:50');
INSERT INTO `sys_logininfor` VALUES (79, 'admin', '127.0.0.1', '内网IP', 'Chrome 8', 'Windows 10', '0', '登录成功', '2020-10-10 11:22:52');
INSERT INTO `sys_logininfor` VALUES (80, 'admin', '127.0.0.1', '内网IP', 'Chrome 8', 'Windows 10', '0', '登录成功', '2020-10-10 11:28:19');
INSERT INTO `sys_logininfor` VALUES (81, 'admin', '127.0.0.1', '内网IP', 'Chrome 8', 'Windows 10', '1', '验证码已失效', '2020-10-10 11:49:31');
INSERT INTO `sys_logininfor` VALUES (82, 'admin', '127.0.0.1', '内网IP', 'Chrome 8', 'Windows 10', '0', '登录成功', '2020-10-10 11:49:37');
INSERT INTO `sys_logininfor` VALUES (83, 'admin', '127.0.0.1', '内网IP', 'Chrome 8', 'Windows 10', '0', '登录成功', '2020-10-10 13:17:24');
INSERT INTO `sys_logininfor` VALUES (84, 'admin', '127.0.0.1', '内网IP', 'Firefox 8', 'Linux', '1', '验证码错误', '2020-10-11 01:46:20');
INSERT INTO `sys_logininfor` VALUES (85, 'admin', '127.0.0.1', '内网IP', 'Firefox 8', 'Linux', '0', '登录成功', '2020-10-11 01:46:26');
INSERT INTO `sys_logininfor` VALUES (86, 'admin', '127.0.0.1', '内网IP', 'Firefox 8', 'Linux', '0', '登录成功', '2020-10-11 03:05:20');
INSERT INTO `sys_logininfor` VALUES (87, 'admin', '127.0.0.1', '内网IP', 'Chrome 8', 'Windows 10', '0', '登录成功', '2020-10-11 03:29:22');
INSERT INTO `sys_logininfor` VALUES (88, 'admin', '127.0.0.1', '内网IP', 'Firefox 8', 'Linux', '0', '登录成功', '2020-10-11 03:37:35');
INSERT INTO `sys_logininfor` VALUES (89, 'admin', '127.0.0.1', '内网IP', 'Chrome 8', 'Windows 10', '1', '验证码已失效', '2020-10-11 04:49:13');
INSERT INTO `sys_logininfor` VALUES (90, 'admin', '127.0.0.1', '内网IP', 'Chrome 8', 'Windows 10', '0', '登录成功', '2020-10-11 04:49:18');
INSERT INTO `sys_logininfor` VALUES (91, 'admin', '127.0.0.1', '内网IP', 'Chrome 8', 'Windows 10', '0', '登录成功', '2020-10-11 06:05:17');
INSERT INTO `sys_logininfor` VALUES (92, 'admin', '127.0.0.1', '内网IP', 'Firefox 8', 'Linux', '0', '登录成功', '2020-10-11 06:31:03');
INSERT INTO `sys_logininfor` VALUES (93, 'admin', '127.0.0.1', '内网IP', 'Firefox 8', 'Linux', '0', '登录成功', '2020-10-11 06:56:50');
INSERT INTO `sys_logininfor` VALUES (94, 'admin', '127.0.0.1', '内网IP', 'Chrome 8', 'Windows 10', '0', '登录成功', '2020-10-11 09:39:29');
INSERT INTO `sys_logininfor` VALUES (95, 'admin', '127.0.0.1', '内网IP', 'Firefox 8', 'Linux', '0', '登录成功', '2020-10-11 11:19:19');
INSERT INTO `sys_logininfor` VALUES (96, 'admin', '127.0.0.1', '内网IP', 'Firefox 8', 'Linux', '0', '登录成功', '2020-10-11 11:57:46');
INSERT INTO `sys_logininfor` VALUES (97, 'admin', '127.0.0.1', '内网IP', 'Chrome 8', 'Windows 10', '0', '登录成功', '2020-10-11 12:23:52');
INSERT INTO `sys_logininfor` VALUES (98, 'admin', '127.0.0.1', '内网IP', 'Firefox 8', 'Linux', '0', '登录成功', '2020-10-11 14:31:47');
INSERT INTO `sys_logininfor` VALUES (99, 'admin', '127.0.0.1', '内网IP', 'Firefox 8', 'Linux', '0', '登录成功', '2020-10-11 23:32:48');
INSERT INTO `sys_logininfor` VALUES (100, 'admin', '127.0.0.1', '内网IP', 'Firefox 8', 'Linux', '0', '登录成功', '2020-10-12 03:03:27');
INSERT INTO `sys_logininfor` VALUES (101, 'admin', '127.0.0.1', '内网IP', 'Chrome 8', 'Windows 10', '0', '登录成功', '2020-10-12 06:25:33');
INSERT INTO `sys_logininfor` VALUES (102, 'admin', '127.0.0.1', '内网IP', 'Firefox 8', 'Linux', '0', '登录成功', '2020-10-12 07:09:08');
INSERT INTO `sys_logininfor` VALUES (103, 'admin', '127.0.0.1', '内网IP', 'Firefox 8', 'Linux', '0', '登录成功', '2020-10-12 11:47:58');
INSERT INTO `sys_logininfor` VALUES (104, 'admin', '127.0.0.1', '内网IP', 'Firefox 8', 'Linux', '0', '登录成功', '2020-10-12 13:15:04');
INSERT INTO `sys_logininfor` VALUES (105, 'admin', '127.0.0.1', '内网IP', 'Firefox 8', 'Linux', '0', '登录成功', '2020-10-12 13:17:02');
INSERT INTO `sys_logininfor` VALUES (106, 'admin', '127.0.0.1', '内网IP', 'Chrome 8', 'Windows 10', '0', '登录成功', '2020-10-13 07:30:01');
INSERT INTO `sys_logininfor` VALUES (107, 'admin', '127.0.0.1', '内网IP', 'Chrome 8', 'Windows 10', '0', '登录成功', '2020-10-14 07:54:11');
INSERT INTO `sys_logininfor` VALUES (108, 'admin', '127.0.0.1', '内网IP', 'Chrome 8', 'Windows 10', '0', '登录成功', '2020-10-14 09:01:02');
INSERT INTO `sys_logininfor` VALUES (109, 'admin', '127.0.0.1', '内网IP', 'Chrome 8', 'Windows 10', '1', '验证码错误', '2020-10-14 13:08:51');
INSERT INTO `sys_logininfor` VALUES (110, 'admin', '127.0.0.1', '内网IP', 'Chrome 8', 'Windows 10', '0', '登录成功', '2020-10-14 13:08:56');
INSERT INTO `sys_logininfor` VALUES (111, 'admin', '127.0.0.1', '内网IP', 'Chrome 8', 'Windows 10', '0', '登录成功', '2020-10-15 00:05:37');
INSERT INTO `sys_logininfor` VALUES (112, 'admin', '127.0.0.1', '内网IP', 'Chrome 8', 'Windows 10', '1', '验证码错误', '2020-10-15 01:08:41');
INSERT INTO `sys_logininfor` VALUES (113, 'admin', '127.0.0.1', '内网IP', 'Chrome 8', 'Windows 10', '0', '登录成功', '2020-10-15 01:08:47');
INSERT INTO `sys_logininfor` VALUES (114, 'admin', '127.0.0.1', '内网IP', 'Chrome 8', 'Windows 10', '1', '验证码错误', '2020-10-15 03:12:54');
INSERT INTO `sys_logininfor` VALUES (115, 'admin', '127.0.0.1', '内网IP', 'Chrome 8', 'Windows 10', '0', '登录成功', '2020-10-15 03:12:59');
INSERT INTO `sys_logininfor` VALUES (116, 'admin', '127.0.0.1', '内网IP', 'Chrome 8', 'Windows 10', '0', '登录成功', '2020-10-15 06:09:01');
INSERT INTO `sys_logininfor` VALUES (117, 'admin', '127.0.0.1', '内网IP', 'Chrome 8', 'Windows 10', '1', '验证码已失效', '2020-10-15 09:25:00');
INSERT INTO `sys_logininfor` VALUES (118, 'admin', '127.0.0.1', '内网IP', 'Chrome 8', 'Windows 10', '0', '登录成功', '2020-10-15 09:25:07');
INSERT INTO `sys_logininfor` VALUES (119, 'admin', '127.0.0.1', '内网IP', 'Chrome 8', 'Windows 10', '1', '验证码错误', '2020-10-15 11:08:10');
INSERT INTO `sys_logininfor` VALUES (120, 'admin', '127.0.0.1', '内网IP', 'Chrome 8', 'Windows 10', '1', '验证码错误', '2020-10-15 11:08:24');
INSERT INTO `sys_logininfor` VALUES (121, 'admin', '127.0.0.1', '内网IP', 'Chrome 8', 'Windows 10', '0', '登录成功', '2020-10-15 11:08:30');
INSERT INTO `sys_logininfor` VALUES (122, 'admin', '127.0.0.1', '内网IP', 'Chrome 8', 'Windows 10', '0', '登录成功', '2020-10-15 13:29:21');
INSERT INTO `sys_logininfor` VALUES (123, 'admin', '127.0.0.1', '内网IP', 'Chrome 8', 'Windows 10', '0', '登录成功', '2020-10-16 01:52:58');
INSERT INTO `sys_logininfor` VALUES (124, 'admin', '127.0.0.1', '内网IP', 'Chrome 8', 'Windows 10', '0', '登录成功', '2020-10-16 05:50:22');
INSERT INTO `sys_logininfor` VALUES (125, 'admin', '127.0.0.1', '内网IP', 'Chrome 8', 'Windows 10', '0', '登录成功', '2020-10-16 08:20:21');
INSERT INTO `sys_logininfor` VALUES (126, 'admin', '127.0.0.1', '内网IP', 'Chrome 8', 'Windows 10', '1', '验证码错误', '2020-10-16 09:09:01');
INSERT INTO `sys_logininfor` VALUES (127, 'admin', '127.0.0.1', '内网IP', 'Chrome 8', 'Windows 10', '0', '登录成功', '2020-10-16 09:09:05');
INSERT INTO `sys_logininfor` VALUES (128, 'admin', '127.0.0.1', '内网IP', 'Chrome 8', 'Windows 10', '1', '验证码错误', '2020-10-16 12:21:54');
INSERT INTO `sys_logininfor` VALUES (129, 'admin', '127.0.0.1', '内网IP', 'Chrome 8', 'Windows 10', '0', '登录成功', '2020-10-16 12:21:59');
INSERT INTO `sys_logininfor` VALUES (130, 'admin', '127.0.0.1', '内网IP', 'Chrome 8', 'Windows 10', '0', '登录成功', '2020-10-16 14:12:08');
INSERT INTO `sys_logininfor` VALUES (131, 'admin', '127.0.0.1', '内网IP', 'Chrome 8', 'Windows 10', '1', '验证码已失效', '2020-10-17 07:53:09');
INSERT INTO `sys_logininfor` VALUES (132, 'admin', '127.0.0.1', '内网IP', 'Chrome 8', 'Windows 10', '1', '验证码错误', '2020-10-17 07:53:14');
INSERT INTO `sys_logininfor` VALUES (133, 'admin', '127.0.0.1', '内网IP', 'Chrome 8', 'Windows 10', '0', '登录成功', '2020-10-17 07:53:20');
INSERT INTO `sys_logininfor` VALUES (134, 'admin', '127.0.0.1', '内网IP', 'Chrome 8', 'Windows 10', '0', '登录成功', '2020-10-17 13:30:21');
INSERT INTO `sys_logininfor` VALUES (135, 'admin', '127.0.0.1', '内网IP', 'Chrome 8', 'Windows 10', '0', '登录成功', '2020-10-17 15:30:44');

-- ----------------------------
-- Table structure for sys_menu
-- ----------------------------
DROP TABLE IF EXISTS `sys_menu`;
CREATE TABLE `sys_menu`  (
  `menu_id` bigint(20) NOT NULL AUTO_INCREMENT COMMENT '菜单ID',
  `menu_name` varchar(50) CHARACTER SET utf8mb4 COLLATE utf8mb4_general_ci NOT NULL COMMENT '菜单名称',
  `parent_id` bigint(20) NULL DEFAULT 0 COMMENT '父菜单ID',
  `order_num` int(4) NULL DEFAULT 0 COMMENT '显示顺序',
  `path` varchar(200) CHARACTER SET utf8mb4 COLLATE utf8mb4_general_ci NULL DEFAULT '' COMMENT '路由地址',
  `component` varchar(255) CHARACTER SET utf8mb4 COLLATE utf8mb4_general_ci NULL DEFAULT NULL COMMENT '组件路径',
  `is_frame` int(1) NULL DEFAULT 1 COMMENT '是否为外链（0是 1否）',
  `is_cache` int(1) NULL DEFAULT 0 COMMENT '是否缓存（0缓存 1不缓存）',
  `menu_type` char(1) CHARACTER SET utf8mb4 COLLATE utf8mb4_general_ci NULL DEFAULT '' COMMENT '菜单类型（M目录 C菜单 F按钮）',
  `visible` char(1) CHARACTER SET utf8mb4 COLLATE utf8mb4_general_ci NULL DEFAULT '0' COMMENT '菜单状态（0显示 1隐藏）',
  `status` char(1) CHARACTER SET utf8mb4 COLLATE utf8mb4_general_ci NULL DEFAULT '0' COMMENT '菜单状态（0正常 1停用）',
  `perms` varchar(100) CHARACTER SET utf8mb4 COLLATE utf8mb4_general_ci NULL DEFAULT NULL COMMENT '权限标识',
  `icon` varchar(100) CHARACTER SET utf8mb4 COLLATE utf8mb4_general_ci NULL DEFAULT '#' COMMENT '菜单图标',
  `create_by` varchar(64) CHARACTER SET utf8mb4 COLLATE utf8mb4_general_ci NULL DEFAULT '' COMMENT '创建者',
  `create_time` datetime(0) NULL DEFAULT NULL COMMENT '创建时间',
  `update_by` varchar(64) CHARACTER SET utf8mb4 COLLATE utf8mb4_general_ci NULL DEFAULT '' COMMENT '更新者',
  `update_time` datetime(0) NULL DEFAULT NULL COMMENT '更新时间',
  `remark` varchar(500) CHARACTER SET utf8mb4 COLLATE utf8mb4_general_ci NULL DEFAULT '' COMMENT '备注',
  PRIMARY KEY (`menu_id`) USING BTREE
) ENGINE = InnoDB AUTO_INCREMENT = 1104 CHARACTER SET = utf8mb4 COLLATE = utf8mb4_general_ci COMMENT = '菜单权限表' ROW_FORMAT = Dynamic;

-- ----------------------------
-- Records of sys_menu
-- ----------------------------
INSERT INTO `sys_menu` VALUES (1, '系统管理', 0, 1, 'system', NULL, 1, 0, 'M', '0', '0', '', 'system', 'admin', '2018-03-16 11:33:00', 'apm', '2018-03-16 11:33:00', '系统管理目录');
INSERT INTO `sys_menu` VALUES (2, '系统监控', 0, 2, 'monitor', NULL, 1, 0, 'M', '0', '0', '', 'monitor', 'admin', '2018-03-16 11:33:00', 'apm', '2018-03-16 11:33:00', '系统监控目录');
INSERT INTO `sys_menu` VALUES (3, '系统工具', 0, 3, 'tool', NULL, 1, 0, 'M', '0', '0', '', 'tool', 'admin', '2018-03-16 11:33:00', 'apm', '2018-03-16 11:33:00', '系统工具目录');
INSERT INTO `sys_menu` VALUES (4, '动漫周边商城官网', 0, 5, 'http://www.saber-king.cn', NULL, 0, 0, 'M', '0', '0', '', 'guide', 'admin', '2018-03-16 11:33:00', 'admin', '2020-10-05 15:32:16', '动漫周边商城官网地址');
INSERT INTO `sys_menu` VALUES (100, '用户管理', 1, 1, 'user', 'system/user/index', 1, 0, 'C', '0', '0', 'system:user:list', 'user', 'admin', '2018-03-16 11:33:00', 'apm', '2018-03-16 11:33:00', '用户管理菜单');
INSERT INTO `sys_menu` VALUES (101, '角色管理', 1, 2, 'role', 'system/role/index', 1, 0, 'C', '0', '0', 'system:role:list', 'peoples', 'admin', '2018-03-16 11:33:00', 'apm', '2018-03-16 11:33:00', '角色管理菜单');
INSERT INTO `sys_menu` VALUES (102, '菜单管理', 1, 3, 'menu', 'system/menu/index', 1, 0, 'C', '0', '0', 'system:menu:list', 'tree-table', 'admin', '2018-03-16 11:33:00', 'apm', '2018-03-16 11:33:00', '菜单管理菜单');
INSERT INTO `sys_menu` VALUES (103, '部门管理', 1, 4, 'dept', 'system/dept/index', 1, 0, 'C', '0', '0', 'system:dept:list', 'tree', 'admin', '2018-03-16 11:33:00', 'apm', '2018-03-16 11:33:00', '部门管理菜单');
INSERT INTO `sys_menu` VALUES (104, '岗位管理', 1, 5, 'post', 'system/post/index', 1, 0, 'C', '0', '0', 'system:post:list', 'post', 'admin', '2018-03-16 11:33:00', 'apm', '2018-03-16 11:33:00', '岗位管理菜单');
INSERT INTO `sys_menu` VALUES (105, '字典管理', 1, 6, 'dict', 'system/dict/index', 1, 0, 'C', '0', '0', 'system:dict:list', 'dict', 'admin', '2018-03-16 11:33:00', 'apm', '2018-03-16 11:33:00', '字典管理菜单');
INSERT INTO `sys_menu` VALUES (106, '参数设置', 1, 7, 'config', 'system/config/index', 1, 0, 'C', '0', '0', 'system:config:list', 'edit', 'admin', '2018-03-16 11:33:00', 'apm', '2018-03-16 11:33:00', '参数设置菜单');
INSERT INTO `sys_menu` VALUES (107, '通知公告', 1, 8, 'notice', 'system/notice/index', 1, 0, 'C', '0', '0', 'system:notice:list', 'message', 'admin', '2018-03-16 11:33:00', 'apm', '2018-03-16 11:33:00', '通知公告菜单');
INSERT INTO `sys_menu` VALUES (108, '日志管理', 1, 10, 'log', 'system/log/index', 1, 0, 'M', '0', '0', '', 'log', 'admin', '2018-03-16 11:33:00', 'admin', '2020-10-17 09:00:58', '日志管理菜单');
INSERT INTO `sys_menu` VALUES (109, '在线用户', 2, 1, 'online', 'monitor/online/index', 1, 0, 'C', '0', '0', 'monitor:online:list', 'online', 'admin', '2018-03-16 11:33:00', 'apm', '2018-03-16 11:33:00', '在线用户菜单');
INSERT INTO `sys_menu` VALUES (110, '定时任务', 2, 2, 'job', 'monitor/job/index', 1, 0, 'C', '0', '0', 'monitor:job:list', 'job', 'admin', '2018-03-16 11:33:00', 'apm', '2018-03-16 11:33:00', '定时任务菜单');
INSERT INTO `sys_menu` VALUES (111, '数据监控', 2, 3, 'druid', 'monitor/druid/index', 1, 0, 'C', '0', '0', 'monitor:druid:list', 'druid', 'admin', '2018-03-16 11:33:00', 'apm', '2018-03-16 11:33:00', '数据监控菜单');
INSERT INTO `sys_menu` VALUES (112, '服务监控', 2, 4, 'server', 'monitor/server/index', 1, 0, 'C', '0', '0', 'monitor:server:list', 'server', 'admin', '2018-03-16 11:33:00', 'apm', '2018-03-16 11:33:00', '服务监控菜单');
INSERT INTO `sys_menu` VALUES (113, '表单构建', 3, 1, 'build', 'tool/build/index', 1, 0, 'C', '0', '0', 'tool:build:list', 'build', 'admin', '2018-03-16 11:33:00', 'apm', '2018-03-16 11:33:00', '表单构建菜单');
INSERT INTO `sys_menu` VALUES (114, '代码生成', 3, 2, 'gen', 'tool/gen/index', 1, 0, 'C', '0', '0', 'tool:gen:list', 'code', 'admin', '2018-03-16 11:33:00', 'apm', '2018-03-16 11:33:00', '代码生成菜单');
INSERT INTO `sys_menu` VALUES (115, '系统接口', 3, 3, 'swagger', 'tool/swagger/index', 1, 0, 'C', '0', '0', 'tool:swagger:list', 'swagger', 'admin', '2018-03-16 11:33:00', 'apm', '2018-03-16 11:33:00', '系统接口菜单');
INSERT INTO `sys_menu` VALUES (500, '操作日志', 108, 1, 'operlog', 'monitor/operlog/index', 1, 0, 'C', '0', '0', 'monitor:operlog:list', 'form', 'admin', '2018-03-16 11:33:00', 'apm', '2018-03-16 11:33:00', '操作日志菜单');
INSERT INTO `sys_menu` VALUES (501, '登录日志', 108, 2, 'logininfor', 'monitor/logininfor/index', 1, 0, 'C', '0', '0', 'monitor:logininfor:list', 'logininfor', 'admin', '2018-03-16 11:33:00', 'apm', '2018-03-16 11:33:00', '登录日志菜单');
INSERT INTO `sys_menu` VALUES (1001, '用户查询', 100, 1, '', '', 1, 0, 'F', '0', '0', 'system:user:query', '#', 'admin', '2018-03-16 11:33:00', 'apm', '2018-03-16 11:33:00', '');
INSERT INTO `sys_menu` VALUES (1002, '用户新增', 100, 2, '', '', 1, 0, 'F', '0', '0', 'system:user:add', '#', 'admin', '2018-03-16 11:33:00', 'apm', '2018-03-16 11:33:00', '');
INSERT INTO `sys_menu` VALUES (1003, '用户修改', 100, 3, '', '', 1, 0, 'F', '0', '0', 'system:user:edit', '#', 'admin', '2018-03-16 11:33:00', 'apm', '2018-03-16 11:33:00', '');
INSERT INTO `sys_menu` VALUES (1004, '用户删除', 100, 4, '', '', 1, 0, 'F', '0', '0', 'system:user:remove', '#', 'admin', '2018-03-16 11:33:00', 'apm', '2018-03-16 11:33:00', '');
INSERT INTO `sys_menu` VALUES (1005, '用户导出', 100, 5, '', '', 1, 0, 'F', '0', '0', 'system:user:export', '#', 'admin', '2018-03-16 11:33:00', 'apm', '2018-03-16 11:33:00', '');
INSERT INTO `sys_menu` VALUES (1006, '用户导入', 100, 6, '', '', 1, 0, 'F', '0', '0', 'system:user:import', '#', 'admin', '2018-03-16 11:33:00', 'apm', '2018-03-16 11:33:00', '');
INSERT INTO `sys_menu` VALUES (1007, '重置密码', 100, 7, '', '', 1, 0, 'F', '0', '0', 'system:user:resetPwd', '#', 'admin', '2018-03-16 11:33:00', 'apm', '2018-03-16 11:33:00', '');
INSERT INTO `sys_menu` VALUES (1008, '角色查询', 101, 1, '', '', 1, 0, 'F', '0', '0', 'system:role:query', '#', 'admin', '2018-03-16 11:33:00', 'apm', '2018-03-16 11:33:00', '');
INSERT INTO `sys_menu` VALUES (1009, '角色新增', 101, 2, '', '', 1, 0, 'F', '0', '0', 'system:role:add', '#', 'admin', '2018-03-16 11:33:00', 'apm', '2018-03-16 11:33:00', '');
INSERT INTO `sys_menu` VALUES (1010, '角色修改', 101, 3, '', '', 1, 0, 'F', '0', '0', 'system:role:edit', '#', 'admin', '2018-03-16 11:33:00', 'apm', '2018-03-16 11:33:00', '');
INSERT INTO `sys_menu` VALUES (1011, '角色删除', 101, 4, '', '', 1, 0, 'F', '0', '0', 'system:role:remove', '#', 'admin', '2018-03-16 11:33:00', 'apm', '2018-03-16 11:33:00', '');
INSERT INTO `sys_menu` VALUES (1012, '角色导出', 101, 5, '', '', 1, 0, 'F', '0', '0', 'system:role:export', '#', 'admin', '2018-03-16 11:33:00', 'apm', '2018-03-16 11:33:00', '');
INSERT INTO `sys_menu` VALUES (1013, '菜单查询', 102, 1, '', '', 1, 0, 'F', '0', '0', 'system:menu:query', '#', 'admin', '2018-03-16 11:33:00', 'apm', '2018-03-16 11:33:00', '');
INSERT INTO `sys_menu` VALUES (1014, '菜单新增', 102, 2, '', '', 1, 0, 'F', '0', '0', 'system:menu:add', '#', 'admin', '2018-03-16 11:33:00', 'apm', '2018-03-16 11:33:00', '');
INSERT INTO `sys_menu` VALUES (1015, '菜单修改', 102, 3, '', '', 1, 0, 'F', '0', '0', 'system:menu:edit', '#', 'admin', '2018-03-16 11:33:00', 'apm', '2018-03-16 11:33:00', '');
INSERT INTO `sys_menu` VALUES (1016, '菜单删除', 102, 4, '', '', 1, 0, 'F', '0', '0', 'system:menu:remove', '#', 'admin', '2018-03-16 11:33:00', 'apm', '2018-03-16 11:33:00', '');
INSERT INTO `sys_menu` VALUES (1017, '部门查询', 103, 1, '', '', 1, 0, 'F', '0', '0', 'system:dept:query', '#', 'admin', '2018-03-16 11:33:00', 'apm', '2018-03-16 11:33:00', '');
INSERT INTO `sys_menu` VALUES (1018, '部门新增', 103, 2, '', '', 1, 0, 'F', '0', '0', 'system:dept:add', '#', 'admin', '2018-03-16 11:33:00', 'apm', '2018-03-16 11:33:00', '');
INSERT INTO `sys_menu` VALUES (1019, '部门修改', 103, 3, '', '', 1, 0, 'F', '0', '0', 'system:dept:edit', '#', 'admin', '2018-03-16 11:33:00', 'apm', '2018-03-16 11:33:00', '');
INSERT INTO `sys_menu` VALUES (1020, '部门删除', 103, 4, '', '', 1, 0, 'F', '0', '0', 'system:dept:remove', '#', 'admin', '2018-03-16 11:33:00', 'apm', '2018-03-16 11:33:00', '');
INSERT INTO `sys_menu` VALUES (1021, '岗位查询', 104, 1, '', '', 1, 0, 'F', '0', '0', 'system:post:query', '#', 'admin', '2018-03-16 11:33:00', 'apm', '2018-03-16 11:33:00', '');
INSERT INTO `sys_menu` VALUES (1022, '岗位新增', 104, 2, '', '', 1, 0, 'F', '0', '0', 'system:post:add', '#', 'admin', '2018-03-16 11:33:00', 'apm', '2018-03-16 11:33:00', '');
INSERT INTO `sys_menu` VALUES (1023, '岗位修改', 104, 3, '', '', 1, 0, 'F', '0', '0', 'system:post:edit', '#', 'admin', '2018-03-16 11:33:00', 'apm', '2018-03-16 11:33:00', '');
INSERT INTO `sys_menu` VALUES (1024, '岗位删除', 104, 4, '', '', 1, 0, 'F', '0', '0', 'system:post:remove', '#', 'admin', '2018-03-16 11:33:00', 'apm', '2018-03-16 11:33:00', '');
INSERT INTO `sys_menu` VALUES (1025, '岗位导出', 104, 5, '', '', 1, 0, 'F', '0', '0', 'system:post:export', '#', 'admin', '2018-03-16 11:33:00', 'apm', '2018-03-16 11:33:00', '');
INSERT INTO `sys_menu` VALUES (1026, '字典查询', 105, 1, '#', '', 1, 0, 'F', '0', '0', 'system:dict:query', '#', 'admin', '2018-03-16 11:33:00', 'apm', '2018-03-16 11:33:00', '');
INSERT INTO `sys_menu` VALUES (1027, '字典新增', 105, 2, '#', '', 1, 0, 'F', '0', '0', 'system:dict:add', '#', 'admin', '2018-03-16 11:33:00', 'apm', '2018-03-16 11:33:00', '');
INSERT INTO `sys_menu` VALUES (1028, '字典修改', 105, 3, '#', '', 1, 0, 'F', '0', '0', 'system:dict:edit', '#', 'admin', '2018-03-16 11:33:00', 'apm', '2018-03-16 11:33:00', '');
INSERT INTO `sys_menu` VALUES (1029, '字典删除', 105, 4, '#', '', 1, 0, 'F', '0', '0', 'system:dict:remove', '#', 'admin', '2018-03-16 11:33:00', 'apm', '2018-03-16 11:33:00', '');
INSERT INTO `sys_menu` VALUES (1030, '字典导出', 105, 5, '#', '', 1, 0, 'F', '0', '0', 'system:dict:export', '#', 'admin', '2018-03-16 11:33:00', 'apm', '2018-03-16 11:33:00', '');
INSERT INTO `sys_menu` VALUES (1031, '参数查询', 106, 1, '#', '', 1, 0, 'F', '0', '0', 'system:config:query', '#', 'admin', '2018-03-16 11:33:00', 'apm', '2018-03-16 11:33:00', '');
INSERT INTO `sys_menu` VALUES (1032, '参数新增', 106, 2, '#', '', 1, 0, 'F', '0', '0', 'system:config:add', '#', 'admin', '2018-03-16 11:33:00', 'apm', '2018-03-16 11:33:00', '');
INSERT INTO `sys_menu` VALUES (1033, '参数修改', 106, 3, '#', '', 1, 0, 'F', '0', '0', 'system:config:edit', '#', 'admin', '2018-03-16 11:33:00', 'apm', '2018-03-16 11:33:00', '');
INSERT INTO `sys_menu` VALUES (1034, '参数删除', 106, 4, '#', '', 1, 0, 'F', '0', '0', 'system:config:remove', '#', 'admin', '2018-03-16 11:33:00', 'apm', '2018-03-16 11:33:00', '');
INSERT INTO `sys_menu` VALUES (1035, '参数导出', 106, 5, '#', '', 1, 0, 'F', '0', '0', 'system:config:export', '#', 'admin', '2018-03-16 11:33:00', 'apm', '2018-03-16 11:33:00', '');
INSERT INTO `sys_menu` VALUES (1036, '公告查询', 107, 1, '#', '', 1, 0, 'F', '0', '0', 'system:notice:query', '#', 'admin', '2018-03-16 11:33:00', 'apm', '2018-03-16 11:33:00', '');
INSERT INTO `sys_menu` VALUES (1037, '公告新增', 107, 2, '#', '', 1, 0, 'F', '0', '0', 'system:notice:add', '#', 'admin', '2018-03-16 11:33:00', 'apm', '2018-03-16 11:33:00', '');
INSERT INTO `sys_menu` VALUES (1038, '公告修改', 107, 3, '#', '', 1, 0, 'F', '0', '0', 'system:notice:edit', '#', 'admin', '2018-03-16 11:33:00', 'apm', '2018-03-16 11:33:00', '');
INSERT INTO `sys_menu` VALUES (1039, '公告删除', 107, 4, '#', '', 1, 0, 'F', '0', '0', 'system:notice:remove', '#', 'admin', '2018-03-16 11:33:00', 'apm', '2018-03-16 11:33:00', '');
INSERT INTO `sys_menu` VALUES (1040, '操作查询', 500, 1, '#', '', 1, 0, 'F', '0', '0', 'monitor:operlog:query', '#', 'admin', '2018-03-16 11:33:00', 'apm', '2018-03-16 11:33:00', '');
INSERT INTO `sys_menu` VALUES (1041, '操作删除', 500, 2, '#', '', 1, 0, 'F', '0', '0', 'monitor:operlog:remove', '#', 'admin', '2018-03-16 11:33:00', 'apm', '2018-03-16 11:33:00', '');
INSERT INTO `sys_menu` VALUES (1042, '日志导出', 500, 4, '#', '', 1, 0, 'F', '0', '0', 'monitor:operlog:export', '#', 'admin', '2018-03-16 11:33:00', 'apm', '2018-03-16 11:33:00', '');
INSERT INTO `sys_menu` VALUES (1043, '登录查询', 501, 1, '#', '', 1, 0, 'F', '0', '0', 'monitor:logininfor:query', '#', 'admin', '2018-03-16 11:33:00', 'apm', '2018-03-16 11:33:00', '');
INSERT INTO `sys_menu` VALUES (1044, '登录删除', 501, 2, '#', '', 1, 0, 'F', '0', '0', 'monitor:logininfor:remove', '#', 'admin', '2018-03-16 11:33:00', 'apm', '2018-03-16 11:33:00', '');
INSERT INTO `sys_menu` VALUES (1045, '日志导出', 501, 3, '#', '', 1, 0, 'F', '0', '0', 'monitor:logininfor:export', '#', 'admin', '2018-03-16 11:33:00', 'apm', '2018-03-16 11:33:00', '');
INSERT INTO `sys_menu` VALUES (1046, '在线查询', 109, 1, '#', '', 1, 0, 'F', '0', '0', 'monitor:online:query', '#', 'admin', '2018-03-16 11:33:00', 'apm', '2018-03-16 11:33:00', '');
INSERT INTO `sys_menu` VALUES (1047, '批量强退', 109, 2, '#', '', 1, 0, 'F', '0', '0', 'monitor:online:batchLogout', '#', 'admin', '2018-03-16 11:33:00', 'apm', '2018-03-16 11:33:00', '');
INSERT INTO `sys_menu` VALUES (1048, '单条强退', 109, 3, '#', '', 1, 0, 'F', '0', '0', 'monitor:online:forceLogout', '#', 'admin', '2018-03-16 11:33:00', 'apm', '2018-03-16 11:33:00', '');
INSERT INTO `sys_menu` VALUES (1049, '任务查询', 110, 1, '#', '', 1, 0, 'F', '0', '0', 'monitor:job:query', '#', 'admin', '2018-03-16 11:33:00', 'apm', '2018-03-16 11:33:00', '');
INSERT INTO `sys_menu` VALUES (1050, '任务新增', 110, 2, '#', '', 1, 0, 'F', '0', '0', 'monitor:job:add', '#', 'admin', '2018-03-16 11:33:00', 'apm', '2018-03-16 11:33:00', '');
INSERT INTO `sys_menu` VALUES (1051, '任务修改', 110, 3, '#', '', 1, 0, 'F', '0', '0', 'monitor:job:edit', '#', 'admin', '2018-03-16 11:33:00', 'apm', '2018-03-16 11:33:00', '');
INSERT INTO `sys_menu` VALUES (1052, '任务删除', 110, 4, '#', '', 1, 0, 'F', '0', '0', 'monitor:job:remove', '#', 'admin', '2018-03-16 11:33:00', 'apm', '2018-03-16 11:33:00', '');
INSERT INTO `sys_menu` VALUES (1053, '状态修改', 110, 5, '#', '', 1, 0, 'F', '0', '0', 'monitor:job:changeStatus', '#', 'admin', '2018-03-16 11:33:00', 'apm', '2018-03-16 11:33:00', '');
INSERT INTO `sys_menu` VALUES (1054, '任务导出', 110, 7, '#', '', 1, 0, 'F', '0', '0', 'monitor:job:export', '#', 'admin', '2018-03-16 11:33:00', 'apm', '2018-03-16 11:33:00', '');
INSERT INTO `sys_menu` VALUES (1055, '生成查询', 114, 1, '#', '', 1, 0, 'F', '0', '0', 'tool:gen:query', '#', 'admin', '2018-03-16 11:33:00', 'apm', '2018-03-16 11:33:00', '');
INSERT INTO `sys_menu` VALUES (1056, '生成修改', 114, 2, '#', '', 1, 0, 'F', '0', '0', 'tool:gen:edit', '#', 'admin', '2018-03-16 11:33:00', 'apm', '2018-03-16 11:33:00', '');
INSERT INTO `sys_menu` VALUES (1057, '生成删除', 114, 3, '#', '', 1, 0, 'F', '0', '0', 'tool:gen:remove', '#', 'admin', '2018-03-16 11:33:00', 'apm', '2018-03-16 11:33:00', '');
INSERT INTO `sys_menu` VALUES (1058, '导入代码', 114, 2, '#', '', 1, 0, 'F', '0', '0', 'tool:gen:import', '#', 'admin', '2018-03-16 11:33:00', 'apm', '2018-03-16 11:33:00', '');
INSERT INTO `sys_menu` VALUES (1059, '预览代码', 114, 4, '#', '', 1, 0, 'F', '0', '0', 'tool:gen:preview', '#', 'admin', '2018-03-16 11:33:00', 'apm', '2018-03-16 11:33:00', '');
INSERT INTO `sys_menu` VALUES (1060, '生成代码', 114, 5, '#', '', 1, 0, 'F', '0', '0', 'tool:gen:code', '#', 'admin', '2018-03-16 11:33:00', 'apm', '2018-03-16 11:33:00', '');
INSERT INTO `sys_menu` VALUES (1061, '商城管理', 0, 4, 'business', NULL, 1, 0, 'M', '0', '0', '', 'store', 'admin', '2020-10-05 15:31:47', 'admin', '2020-10-09 04:02:35', '');
INSERT INTO `sys_menu` VALUES (1062, '用户管理', 1061, 0, 'user', 'mall/user/index', 1, 0, 'C', '0', '0', 'mall:user:list', 'users', 'admin', '2018-03-01 00:00:00', 'admin', '2020-10-14 09:28:15', '用户信息菜单');
INSERT INTO `sys_menu` VALUES (1063, '用户查询', 1062, 1, '#', '', 1, 0, 'F', '0', '0', 'mall:user:query', '#', 'admin', '2018-03-01 00:00:00', 'admin', '2020-10-07 14:01:19', '');
INSERT INTO `sys_menu` VALUES (1064, '用户新增', 1062, 2, '#', '', 1, 0, 'F', '0', '0', 'mall:user:add', '#', 'admin', '2018-03-01 00:00:00', 'admin', '2020-10-07 14:01:26', '');
INSERT INTO `sys_menu` VALUES (1065, '用户修改', 1062, 3, '#', '', 1, 0, 'F', '0', '0', 'mall:user:edit', '#', 'admin', '2018-03-01 00:00:00', 'admin', '2020-10-07 14:01:32', '');
INSERT INTO `sys_menu` VALUES (1066, '用户删除', 1062, 4, '#', '', 1, 0, 'F', '0', '0', 'mall:user:remove', '#', 'admin', '2018-03-01 00:00:00', 'admin', '2020-10-07 14:01:37', '');
INSERT INTO `sys_menu` VALUES (1067, '用户导出', 1062, 5, '#', '', 1, 0, 'F', '0', '0', 'mall:user:export', '#', 'admin', '2018-03-01 00:00:00', 'admin', '2020-10-07 14:01:46', '');
INSERT INTO `sys_menu` VALUES (1068, '商品分类', 1085, 1, 'category', 'mall/product/category/index', 1, 0, 'C', '0', '0', 'mall:category:list', 'category', 'admin', '2018-03-01 00:00:00', 'admin', '2020-10-14 09:38:22', '商品分类菜单');
INSERT INTO `sys_menu` VALUES (1069, '商品分类查询', 1068, 1, '#', '', 1, 0, 'F', '0', '0', 'mall:category:query', '#', 'admin', '2018-03-01 00:00:00', 'apm', '2018-03-01 00:00:00', '');
INSERT INTO `sys_menu` VALUES (1070, '商品分类新增', 1068, 2, '#', '', 1, 0, 'F', '0', '0', 'mall:category:add', '#', 'admin', '2018-03-01 00:00:00', 'apm', '2018-03-01 00:00:00', '');
INSERT INTO `sys_menu` VALUES (1071, '商品分类修改', 1068, 3, '#', '', 1, 0, 'F', '0', '0', 'mall:category:edit', '#', 'admin', '2018-03-01 00:00:00', 'apm', '2018-03-01 00:00:00', '');
INSERT INTO `sys_menu` VALUES (1072, '商品分类删除', 1068, 4, '#', '', 1, 0, 'F', '0', '0', 'mall:category:remove', '#', 'admin', '2018-03-01 00:00:00', 'apm', '2018-03-01 00:00:00', '');
INSERT INTO `sys_menu` VALUES (1073, '商品分类导出', 1068, 5, '#', '', 1, 0, 'F', '0', '0', 'mall:category:export', '#', 'admin', '2018-03-01 00:00:00', 'apm', '2018-03-01 00:00:00', '');
INSERT INTO `sys_menu` VALUES (1074, '订单信息', 1084, 0, 'order', 'mall/order/index', 1, 0, 'C', '0', '0', '', 'list-alt', 'admin', NULL, 'admin', '2020-10-14 09:28:26', '');
INSERT INTO `sys_menu` VALUES (1075, '商品信息', 1085, 0, 'list', 'mall/product/index', 1, 0, 'C', '0', '0', 'mall:product:list', 'shopping-bag', 'admin', '2018-03-01 00:00:00', 'admin', '2020-10-14 09:12:08', '商品菜单');
INSERT INTO `sys_menu` VALUES (1076, '商品查询', 1075, 1, '#', '', 1, 0, 'F', '0', '0', 'mall:product:query', '#', 'admin', '2018-03-01 00:00:00', 'apm', '2018-03-01 00:00:00', '');
INSERT INTO `sys_menu` VALUES (1077, '商品新增', 1075, 2, '#', '', 1, 0, 'F', '0', '0', 'mall:product:add', '#', 'admin', '2018-03-01 00:00:00', 'apm', '2018-03-01 00:00:00', '');
INSERT INTO `sys_menu` VALUES (1078, '商品修改', 1075, 3, '#', '', 1, 0, 'F', '0', '0', 'mall:product:edit', '#', 'admin', '2018-03-01 00:00:00', 'apm', '2018-03-01 00:00:00', '');
INSERT INTO `sys_menu` VALUES (1079, '商品删除', 1075, 4, '#', '', 1, 0, 'F', '0', '0', 'mall:product:remove', '#', 'admin', '2018-03-01 00:00:00', 'apm', '2018-03-01 00:00:00', '');
INSERT INTO `sys_menu` VALUES (1080, '商品导出', 1075, 5, '#', '', 1, 0, 'F', '0', '0', 'mall:product:export', '#', 'admin', '2018-03-01 00:00:00', 'apm', '2018-03-01 00:00:00', '');
INSERT INTO `sys_menu` VALUES (1081, '订单购物', 1084, 1, 'orderGoods', 'mall/order/goods/index', 1, 0, 'C', '0', '0', '', 'shopping-basket', 'admin', NULL, 'admin', '2020-10-14 09:28:30', '');
INSERT INTO `sys_menu` VALUES (1082, '订单操作', 1084, 2, 'orderStatus', 'mall/order/status/index', 1, 0, 'C', '0', '0', '', 'user-secret', 'admin', NULL, 'admin', '2020-10-14 09:28:35', '');
INSERT INTO `sys_menu` VALUES (1083, '重置密码', 1062, 6, '', '', 1, 0, 'F', '0', '0', 'mall:user:resetPwd', '#', 'admin', '2020-10-07 14:00:53', 'admin', '2020-10-07 14:01:13', '');
INSERT INTO `sys_menu` VALUES (1084, '订单管理', 1061, 2, 'orders', 'mall/orders/index', 1, 0, 'M', '0', '0', '', 'clipboard-list', 'admin', '2020-10-09 02:33:15', 'admin', '2020-10-09 04:12:06', '');
INSERT INTO `sys_menu` VALUES (1085, '商品管理', 1061, 1, 'products', 'mall/products/index', 1, 0, 'M', '0', '0', '', 'store-alt', 'admin', '2020-10-14 09:10:42', 'admin', '2020-10-14 10:03:09', '');
INSERT INTO `sys_menu` VALUES (1086, '文件管理', 1, 9, 'file', 'system/file/index', 1, 0, 'C', '0', '0', 'system:file:list', 'file-archive', 'admin', '2018-03-01 00:00:00', 'admin', '2020-10-17 09:00:49', '文件管理菜单');
INSERT INTO `sys_menu` VALUES (1087, '文件管理查询', 1086, 1, '#', '', 1, 0, 'F', '0', '0', 'system:file:query', '#', 'admin', '2018-03-01 00:00:00', 'admin', '2018-03-01 00:00:00', '');
INSERT INTO `sys_menu` VALUES (1088, '文件管理新增', 1086, 2, '#', '', 1, 0, 'F', '0', '0', 'system:file:add', '#', 'admin', '2018-03-01 00:00:00', 'admin', '2018-03-01 00:00:00', '');
INSERT INTO `sys_menu` VALUES (1089, '文件管理修改', 1086, 3, '#', '', 1, 0, 'F', '0', '0', 'system:file:edit', '#', 'admin', '2018-03-01 00:00:00', 'admin', '2018-03-01 00:00:00', '');
INSERT INTO `sys_menu` VALUES (1090, '文件管理删除', 1086, 4, '#', '', 1, 0, 'F', '0', '0', 'system:file:remove', '#', 'admin', '2018-03-01 00:00:00', 'admin', '2018-03-01 00:00:00', '');
INSERT INTO `sys_menu` VALUES (1091, '文件管理导出', 1086, 5, '#', '', 1, 0, 'F', '0', '0', 'system:file:export', '#', 'admin', '2018-03-01 00:00:00', 'admin', '2018-03-01 00:00:00', '');
INSERT INTO `sys_menu` VALUES (1092, '属性管理', 1085, 2, 'attrs', 'mall/product/attr/index', 1, 0, 'C', '0', '0', 'mall:attr:list', 'list-ul', 'admin', '2018-03-01 00:00:00', 'admin', '2020-10-17 12:01:59', '商品属性菜单');
INSERT INTO `sys_menu` VALUES (1093, '商品属性查询', 1092, 1, '#', '', 1, 0, 'F', '0', '0', 'mall:attr:query', '#', 'admin', '2018-03-01 00:00:00', 'admin', '2018-03-01 00:00:00', '');
INSERT INTO `sys_menu` VALUES (1094, '商品属性新增', 1092, 2, '#', '', 1, 0, 'F', '0', '0', 'mall:attr:add', '#', 'admin', '2018-03-01 00:00:00', 'admin', '2018-03-01 00:00:00', '');
INSERT INTO `sys_menu` VALUES (1095, '商品属性修改', 1092, 3, '#', '', 1, 0, 'F', '0', '0', 'mall:attr:edit', '#', 'admin', '2018-03-01 00:00:00', 'admin', '2018-03-01 00:00:00', '');
INSERT INTO `sys_menu` VALUES (1096, '商品属性删除', 1092, 4, '#', '', 1, 0, 'F', '0', '0', 'mall:attr:remove', '#', 'admin', '2018-03-01 00:00:00', 'admin', '2018-03-01 00:00:00', '');
INSERT INTO `sys_menu` VALUES (1097, '商品属性导出', 1092, 5, '#', '', 1, 0, 'F', '0', '0', 'mall:attr:export', '#', 'admin', '2018-03-01 00:00:00', 'admin', '2018-03-01 00:00:00', '');
INSERT INTO `sys_menu` VALUES (1098, '属性组合', 1085, 3, 'value', 'mall/product/value/index', 1, 0, 'C', '0', '0', 'mall:value:list', 'list-ol', 'admin', '2018-03-01 00:00:00', 'admin', '2020-10-17 15:00:27', '属性组合菜单');
INSERT INTO `sys_menu` VALUES (1099, '属性组合查询', 1098, 1, '#', '', 1, 0, 'F', '0', '0', 'mall:value:query', '#', 'admin', '2018-03-01 00:00:00', 'admin', '2018-03-01 00:00:00', '');
INSERT INTO `sys_menu` VALUES (1100, '属性组合新增', 1098, 2, '#', '', 1, 0, 'F', '0', '0', 'mall:value:add', '#', 'admin', '2018-03-01 00:00:00', 'admin', '2018-03-01 00:00:00', '');
INSERT INTO `sys_menu` VALUES (1101, '属性组合修改', 1098, 3, '#', '', 1, 0, 'F', '0', '0', 'mall:value:edit', '#', 'admin', '2018-03-01 00:00:00', 'admin', '2018-03-01 00:00:00', '');
INSERT INTO `sys_menu` VALUES (1102, '属性组合删除', 1098, 4, '#', '', 1, 0, 'F', '0', '0', 'mall:value:remove', '#', 'admin', '2018-03-01 00:00:00', 'admin', '2018-03-01 00:00:00', '');
INSERT INTO `sys_menu` VALUES (1103, '属性组合导出', 1098, 5, '#', '', 1, 0, 'F', '0', '0', 'mall:value:export', '#', 'admin', '2018-03-01 00:00:00', 'admin', '2018-03-01 00:00:00', '');

-- ----------------------------
-- Table structure for sys_notice
-- ----------------------------
DROP TABLE IF EXISTS `sys_notice`;
CREATE TABLE `sys_notice`  (
  `notice_id` int(4) NOT NULL AUTO_INCREMENT COMMENT '公告ID',
  `notice_title` varchar(50) CHARACTER SET utf8mb4 COLLATE utf8mb4_general_ci NOT NULL COMMENT '公告标题',
  `notice_type` char(1) CHARACTER SET utf8mb4 COLLATE utf8mb4_general_ci NOT NULL COMMENT '公告类型（1通知 2公告）',
  `notice_content` longblob NULL COMMENT '公告内容',
  `status` char(1) CHARACTER SET utf8mb4 COLLATE utf8mb4_general_ci NULL DEFAULT '0' COMMENT '公告状态（0正常 1关闭）',
  `create_by` varchar(64) CHARACTER SET utf8mb4 COLLATE utf8mb4_general_ci NULL DEFAULT '' COMMENT '创建者',
  `create_time` datetime(0) NULL DEFAULT NULL COMMENT '创建时间',
  `update_by` varchar(64) CHARACTER SET utf8mb4 COLLATE utf8mb4_general_ci NULL DEFAULT '' COMMENT '更新者',
  `update_time` datetime(0) NULL DEFAULT NULL COMMENT '更新时间',
  `remark` varchar(255) CHARACTER SET utf8mb4 COLLATE utf8mb4_general_ci NULL DEFAULT NULL COMMENT '备注',
  PRIMARY KEY (`notice_id`) USING BTREE
) ENGINE = InnoDB AUTO_INCREMENT = 3 CHARACTER SET = utf8mb4 COLLATE = utf8mb4_general_ci COMMENT = '通知公告表' ROW_FORMAT = Dynamic;

-- ----------------------------
-- Records of sys_notice
-- ----------------------------
INSERT INTO `sys_notice` VALUES (1, '温馨提醒：2018-07-01 动漫周边商城新版本发布啦', '2', 0xE696B0E78988E69CACE58685E5AEB9, '0', 'admin', '2018-03-16 11:33:00', 'ry', '2018-03-16 11:33:00', '管理员');
INSERT INTO `sys_notice` VALUES (2, '维护通知：2018-07-01 动漫周边商城系统凌晨维护', '1', 0xE7BBB4E68AA4E58685E5AEB9, '0', 'admin', '2018-03-16 11:33:00', 'ry', '2018-03-16 11:33:00', '管理员');

-- ----------------------------
-- Table structure for sys_oper_log
-- ----------------------------
DROP TABLE IF EXISTS `sys_oper_log`;
CREATE TABLE `sys_oper_log`  (
  `oper_id` bigint(20) NOT NULL AUTO_INCREMENT COMMENT '日志主键',
  `title` varchar(50) CHARACTER SET utf8mb4 COLLATE utf8mb4_general_ci NULL DEFAULT '' COMMENT '模块标题',
  `business_type` int(2) NULL DEFAULT 0 COMMENT '业务类型（0其它 1新增 2修改 3删除）',
  `method` varchar(100) CHARACTER SET utf8mb4 COLLATE utf8mb4_general_ci NULL DEFAULT '' COMMENT '方法名称',
  `request_method` varchar(10) CHARACTER SET utf8mb4 COLLATE utf8mb4_general_ci NULL DEFAULT '' COMMENT '请求方式',
  `operator_type` int(1) NULL DEFAULT 0 COMMENT '操作类别（0其它 1后台用户 2手机端用户）',
  `oper_name` varchar(50) CHARACTER SET utf8mb4 COLLATE utf8mb4_general_ci NULL DEFAULT '' COMMENT '操作人员',
  `dept_name` varchar(50) CHARACTER SET utf8mb4 COLLATE utf8mb4_general_ci NULL DEFAULT '' COMMENT '部门名称',
  `oper_url` varchar(255) CHARACTER SET utf8mb4 COLLATE utf8mb4_general_ci NULL DEFAULT '' COMMENT '请求URL',
  `oper_ip` varchar(50) CHARACTER SET utf8mb4 COLLATE utf8mb4_general_ci NULL DEFAULT '' COMMENT '主机地址',
  `oper_location` varchar(255) CHARACTER SET utf8mb4 COLLATE utf8mb4_general_ci NULL DEFAULT '' COMMENT '操作地点',
  `oper_param` varchar(2000) CHARACTER SET utf8mb4 COLLATE utf8mb4_general_ci NULL DEFAULT '' COMMENT '请求参数',
  `json_result` varchar(2000) CHARACTER SET utf8mb4 COLLATE utf8mb4_general_ci NULL DEFAULT '' COMMENT '返回参数',
  `status` int(1) NULL DEFAULT 0 COMMENT '操作状态（0正常 1异常）',
  `error_msg` varchar(2000) CHARACTER SET utf8mb4 COLLATE utf8mb4_general_ci NULL DEFAULT '' COMMENT '错误消息',
  `oper_time` datetime(0) NULL DEFAULT NULL COMMENT '操作时间',
  PRIMARY KEY (`oper_id`) USING BTREE
) ENGINE = InnoDB AUTO_INCREMENT = 518 CHARACTER SET = utf8mb4 COLLATE = utf8mb4_general_ci COMMENT = '操作日志记录' ROW_FORMAT = Dynamic;

-- ----------------------------
-- Records of sys_oper_log
-- ----------------------------
INSERT INTO `sys_oper_log` VALUES (1, '用户管理', 1, 'cn.saberking.jvav.apm.web.controller.system.SysUserController.add()', 'POST', 1, 'admin', NULL, '/system/user', '127.0.0.1', '内网IP', '{\"phonenumber\":\"13265478956\",\"admin\":false,\"password\":\"$2a$10$vHg5rjsxa9mY9nK3Ah3vMetzZv07MUS56LPLVAMrYUEC8vsHB7Uh.\",\"postIds\":[4],\"email\":\"zhangkaixi@126.com\",\"nickName\":\"小张\",\"sex\":\"0\",\"deptId\":101,\"params\":{},\"userName\":\"张开喜\",\"userId\":3,\"createBy\":\"admin\",\"roleIds\":[2],\"status\":\"0\"}', '{\"msg\":\"操作成功\",\"code\":200}', 0, NULL, '2020-10-03 23:16:27');
INSERT INTO `sys_oper_log` VALUES (2, '用户管理', 2, 'cn.saberking.jvav.apm.web.controller.system.SysUserController.edit()', 'PUT', 1, 'admin', NULL, '/system/user', '127.0.0.1', '内网IP', '{\"roles\":[{\"flag\":false,\"roleId\":1,\"admin\":true,\"dataScope\":\"1\",\"params\":{},\"roleSort\":\"1\",\"deptCheckStrictly\":false,\"menuCheckStrictly\":false,\"roleKey\":\"admin\",\"roleName\":\"超级管理员\",\"status\":\"0\"}],\"phonenumber\":\"15888888888\",\"admin\":true,\"loginDate\":1521171180000,\"remark\":\"管理员\",\"delFlag\":\"0\",\"password\":\"\",\"postIds\":[1],\"loginIp\":\"127.0.0.1\",\"email\":\"ry@163.com\",\"nickName\":\"超级管理员\",\"sex\":\"1\",\"deptId\":103,\"avatar\":\"\",\"dept\":{\"deptName\":\"研发部门\",\"leader\":\"动漫周边商城\",\"deptId\":103,\"orderNum\":\"1\",\"params\":{},\"parentId\":101,\"children\":[],\"status\":\"0\"},\"params\":{},\"userName\":\"admin\",\"userId\":1,\"createBy\":\"admin\",\"roleIds\":[1],\"createTime\":1521171180000,\"status\":\"0\"}', 'null', 1, '不允许操作超级管理员用户', '2020-10-04 17:14:52');
INSERT INTO `sys_oper_log` VALUES (3, '用户管理', 2, 'cn.saberking.jvav.apm.web.controller.system.SysUserController.edit()', 'PUT', 1, 'admin', NULL, '/system/user', '127.0.0.1', '内网IP', '{\"roles\":[{\"flag\":false,\"roleId\":1,\"admin\":true,\"dataScope\":\"1\",\"params\":{},\"roleSort\":\"1\",\"deptCheckStrictly\":false,\"menuCheckStrictly\":false,\"roleKey\":\"admin\",\"roleName\":\"超级管理员\",\"status\":\"0\"}],\"phonenumber\":\"15888888888\",\"admin\":true,\"loginDate\":1521171180000,\"remark\":\"管理员\",\"delFlag\":\"0\",\"password\":\"\",\"postIds\":[1],\"loginIp\":\"127.0.0.1\",\"email\":\"ry@163.com\",\"nickName\":\"超级管理员\",\"sex\":\"1\",\"deptId\":103,\"avatar\":\"\",\"dept\":{\"deptName\":\"研发部门\",\"leader\":\"动漫周边商城\",\"deptId\":103,\"orderNum\":\"1\",\"params\":{},\"parentId\":101,\"children\":[],\"status\":\"0\"},\"params\":{},\"userName\":\"admin\",\"userId\":1,\"createBy\":\"admin\",\"roleIds\":[1],\"createTime\":1521171180000,\"status\":\"0\"}', 'null', 1, '不允许操作超级管理员用户', '2020-10-04 17:15:03');
INSERT INTO `sys_oper_log` VALUES (4, '角色管理', 2, 'cn.saberking.jvav.apm.web.controller.system.SysRoleController.edit()', 'PUT', 1, 'admin', NULL, '/system/role', '127.0.0.1', '内网IP', '{\"flag\":false,\"roleId\":1,\"admin\":true,\"remark\":\"超级管理员\",\"dataScope\":\"1\",\"delFlag\":\"0\",\"params\":{},\"roleSort\":\"1\",\"deptCheckStrictly\":true,\"createTime\":1521171180000,\"menuCheckStrictly\":true,\"roleKey\":\"admin\",\"roleName\":\"超级管理员\",\"menuIds\":[1,100,1001,1002,1003,1004,1005,1006,1007,101,1008,1009,1010,1011,1012,102,1013,1014,1015,1016,103,1017,1018,1019,1020,104,1021,1022,1023,1024,1025,105,1026,1027,1028,1029,1030,106,1031,1032,1033,1034,1035,107,1036,1037,1038,1039,108,500,1040,1041,1042,501,1043,1044,1045,2,109,1046,1047,1048,110,1049,1050,1051,1052,1053,1054,111,112,3,113,114,1055,1056,1058,1057,1059,1060,115,4],\"status\":\"0\"}', 'null', 1, '不允许操作超级管理员角色', '2020-10-04 17:16:14');
INSERT INTO `sys_oper_log` VALUES (5, '个人信息', 2, 'cn.saberking.jvav.apm.web.controller.system.SysProfileController.updateProfile()', 'PUT', 1, 'admin', NULL, '/system/user/profile', '127.0.0.1', '内网IP', '{\"roles\":[{\"flag\":false,\"roleId\":1,\"admin\":true,\"dataScope\":\"1\",\"params\":{},\"roleSort\":\"1\",\"deptCheckStrictly\":false,\"menuCheckStrictly\":false,\"roleKey\":\"admin\",\"roleName\":\"超级管理员\",\"status\":\"0\"}],\"phonenumber\":\"15888888888\",\"admin\":true,\"loginDate\":1521171180000,\"remark\":\"管理员\",\"delFlag\":\"0\",\"loginIp\":\"127.0.0.1\",\"email\":\"apm@163.com\",\"nickName\":\"超级管理员\",\"sex\":\"1\",\"deptId\":103,\"avatar\":\"\",\"dept\":{\"deptName\":\"研发部门\",\"leader\":\"动漫周边商城\",\"deptId\":103,\"orderNum\":\"1\",\"params\":{},\"parentId\":101,\"children\":[],\"status\":\"0\"},\"params\":{},\"userName\":\"admin\",\"userId\":1,\"createBy\":\"admin\",\"createTime\":1521171180000,\"status\":\"0\"}', '{\"msg\":\"操作成功\",\"code\":200}', 0, NULL, '2020-10-04 17:17:43');
INSERT INTO `sys_oper_log` VALUES (6, '用户管理', 2, 'cn.saberking.jvav.apm.web.controller.system.SysUserController.edit()', 'PUT', 1, 'admin', NULL, '/system/user', '127.0.0.1', '内网IP', '{\"roles\":[{\"flag\":false,\"roleId\":2,\"admin\":false,\"dataScope\":\"2\",\"params\":{},\"roleSort\":\"2\",\"deptCheckStrictly\":false,\"menuCheckStrictly\":false,\"roleKey\":\"common\",\"roleName\":\"普通角色\",\"status\":\"0\"}],\"phonenumber\":\"15666666666\",\"admin\":false,\"loginDate\":1521171180000,\"remark\":\"测试员\",\"delFlag\":\"0\",\"password\":\"\",\"updateBy\":\"admin\",\"postIds\":[2],\"loginIp\":\"127.0.0.1\",\"email\":\"apm@qq.com\",\"nickName\":\"管理员\",\"sex\":\"0\",\"deptId\":105,\"avatar\":\"\",\"dept\":{\"deptName\":\"测试部门\",\"leader\":\"动漫周边商城\",\"deptId\":105,\"orderNum\":\"3\",\"params\":{},\"parentId\":101,\"children\":[],\"status\":\"0\"},\"params\":{},\"userName\":\"ry\",\"userId\":2,\"createBy\":\"admin\",\"roleIds\":[2],\"createTime\":1521171180000,\"status\":\"0\"}', '{\"msg\":\"操作成功\",\"code\":200}', 0, NULL, '2020-10-04 17:18:39');
INSERT INTO `sys_oper_log` VALUES (7, '登录日志', 9, 'cn.saberking.jvav.apm.web.controller.monitor.SysLogininforController.clean()', 'DELETE', 1, 'admin', NULL, '/monitor/logininfor/clean', '127.0.0.1', '内网IP', '{}', '{\"msg\":\"操作成功\",\"code\":200}', 0, NULL, '2020-10-04 22:12:04');
INSERT INTO `sys_oper_log` VALUES (8, '代码生成', 6, 'cn.saberking.jvav.apm.generator.controller.GenController.importTableSave()', 'POST', 1, 'admin', NULL, '/tool/gen/importTable', '127.0.0.1', '内网IP', 'apm_store_category', '{\"msg\":\"操作成功\",\"code\":200}', 0, NULL, '2020-10-05 11:20:43');
INSERT INTO `sys_oper_log` VALUES (9, '代码生成', 3, 'cn.saberking.jvav.apm.generator.controller.GenController.remove()', 'DELETE', 1, 'admin', NULL, '/tool/gen/1', '127.0.0.1', '内网IP', '{tableIds=1}', '{\"msg\":\"操作成功\",\"code\":200}', 0, NULL, '2020-10-05 11:21:10');
INSERT INTO `sys_oper_log` VALUES (10, '代码生成', 6, 'cn.saberking.jvav.apm.generator.controller.GenController.importTableSave()', 'POST', 1, 'admin', NULL, '/tool/gen/importTable', '127.0.0.1', '内网IP', 'apm_store_category,apm_store_order,apm_store_order_cart_info,apm_store_order_status,apm_store_product,apm_store_product_attr,apm_store_product_attr_result,apm_store_product_attr_value,apm_store_product_relation,apm_user,apm_user_address,apm_user_bill,apm_user_group', '{\"msg\":\"操作成功\",\"code\":200}', 0, NULL, '2020-10-05 11:23:00');
INSERT INTO `sys_oper_log` VALUES (11, '代码生成', 8, 'cn.saberking.jvav.apm.generator.controller.GenController.batchGenCode()', 'GET', 1, 'admin', NULL, '/tool/gen/batchGenCode', '127.0.0.1', '内网IP', '{}', 'null', 0, NULL, '2020-10-05 11:23:41');
INSERT INTO `sys_oper_log` VALUES (12, '代码生成', 8, 'cn.saberking.jvav.apm.generator.controller.GenController.batchGenCode()', 'GET', 1, 'admin', NULL, '/tool/gen/batchGenCode', '127.0.0.1', '内网IP', '{}', 'null', 0, NULL, '2020-10-05 11:23:43');
INSERT INTO `sys_oper_log` VALUES (13, '代码生成', 8, 'cn.saberking.jvav.apm.generator.controller.GenController.batchGenCode()', 'GET', 1, 'admin', NULL, '/tool/gen/batchGenCode', '127.0.0.1', '内网IP', '{}', 'null', 0, NULL, '2020-10-05 11:23:44');
INSERT INTO `sys_oper_log` VALUES (14, '代码生成', 8, 'cn.saberking.jvav.apm.generator.controller.GenController.batchGenCode()', 'GET', 1, 'admin', NULL, '/tool/gen/batchGenCode', '127.0.0.1', '内网IP', '{}', 'null', 0, NULL, '2020-10-05 11:23:45');
INSERT INTO `sys_oper_log` VALUES (15, '代码生成', 8, 'cn.saberking.jvav.apm.generator.controller.GenController.batchGenCode()', 'GET', 1, 'admin', NULL, '/tool/gen/batchGenCode', '127.0.0.1', '内网IP', '{}', 'null', 0, NULL, '2020-10-05 11:23:47');
INSERT INTO `sys_oper_log` VALUES (16, '代码生成', 8, 'cn.saberking.jvav.apm.generator.controller.GenController.batchGenCode()', 'GET', 1, 'admin', NULL, '/tool/gen/batchGenCode', '127.0.0.1', '内网IP', '{}', 'null', 0, NULL, '2020-10-05 11:23:48');
INSERT INTO `sys_oper_log` VALUES (17, '代码生成', 8, 'cn.saberking.jvav.apm.generator.controller.GenController.batchGenCode()', 'GET', 1, 'admin', NULL, '/tool/gen/batchGenCode', '127.0.0.1', '内网IP', '{}', 'null', 0, NULL, '2020-10-05 11:23:50');
INSERT INTO `sys_oper_log` VALUES (18, '代码生成', 8, 'cn.saberking.jvav.apm.generator.controller.GenController.batchGenCode()', 'GET', 1, 'admin', NULL, '/tool/gen/batchGenCode', '127.0.0.1', '内网IP', '{}', 'null', 0, NULL, '2020-10-05 11:23:51');
INSERT INTO `sys_oper_log` VALUES (19, '代码生成', 8, 'cn.saberking.jvav.apm.generator.controller.GenController.batchGenCode()', 'GET', 1, 'admin', NULL, '/tool/gen/batchGenCode', '127.0.0.1', '内网IP', '{}', 'null', 0, NULL, '2020-10-05 11:23:52');
INSERT INTO `sys_oper_log` VALUES (20, '代码生成', 8, 'cn.saberking.jvav.apm.generator.controller.GenController.batchGenCode()', 'GET', 1, 'admin', NULL, '/tool/gen/batchGenCode', '127.0.0.1', '内网IP', '{}', 'null', 0, NULL, '2020-10-05 11:23:53');
INSERT INTO `sys_oper_log` VALUES (21, '代码生成', 3, 'cn.saberking.jvav.apm.generator.controller.GenController.remove()', 'DELETE', 1, 'admin', NULL, '/tool/gen/2', '127.0.0.1', '内网IP', '{tableIds=2}', '{\"msg\":\"操作成功\",\"code\":200}', 0, NULL, '2020-10-05 15:07:16');
INSERT INTO `sys_oper_log` VALUES (22, '代码生成', 3, 'cn.saberking.jvav.apm.generator.controller.GenController.remove()', 'DELETE', 1, 'admin', NULL, '/tool/gen/3,4,5,6,7,8,9,10,11,12', '127.0.0.1', '内网IP', '{tableIds=3,4,5,6,7,8,9,10,11,12}', '{\"msg\":\"操作成功\",\"code\":200}', 0, NULL, '2020-10-05 15:09:24');
INSERT INTO `sys_oper_log` VALUES (23, '代码生成', 3, 'cn.saberking.jvav.apm.generator.controller.GenController.remove()', 'DELETE', 1, 'admin', NULL, '/tool/gen/13,14', '127.0.0.1', '内网IP', '{tableIds=13,14}', '{\"msg\":\"操作成功\",\"code\":200}', 0, NULL, '2020-10-05 15:09:28');
INSERT INTO `sys_oper_log` VALUES (24, '代码生成', 6, 'cn.saberking.jvav.apm.generator.controller.GenController.importTableSave()', 'POST', 1, 'admin', NULL, '/tool/gen/importTable', '127.0.0.1', '内网IP', 'apm_store_category,apm_store_order,apm_store_order_cart_info,apm_store_order_status,apm_store_product,apm_store_product_attr,apm_store_product_attr_result,apm_store_product_attr_value,apm_store_product_relation,apm_user,apm_user_address,apm_user_bill,apm_user_group', '{\"msg\":\"操作成功\",\"code\":200}', 0, NULL, '2020-10-05 15:10:29');
INSERT INTO `sys_oper_log` VALUES (25, '菜单管理', 1, 'cn.saberking.jvav.apm.web.controller.system.SysMenuController.add()', 'POST', 1, 'admin', NULL, '/system/menu', '127.0.0.1', '内网IP', '{\"visible\":\"0\",\"icon\":\"nested\",\"orderNum\":\"4\",\"menuName\":\"业务管理\",\"params\":{},\"parentId\":0,\"isCache\":\"0\",\"path\":\"business\",\"createBy\":\"admin\",\"children\":[],\"isFrame\":\"1\",\"menuType\":\"M\",\"status\":\"0\"}', '{\"msg\":\"操作成功\",\"code\":200}', 0, NULL, '2020-10-05 15:31:47');
INSERT INTO `sys_oper_log` VALUES (26, '菜单管理', 2, 'cn.saberking.jvav.apm.web.controller.system.SysMenuController.edit()', 'PUT', 1, 'admin', NULL, '/system/menu', '127.0.0.1', '内网IP', '{\"visible\":\"0\",\"icon\":\"guide\",\"orderNum\":\"5\",\"menuName\":\"动漫周边商城官网\",\"params\":{},\"parentId\":0,\"isCache\":\"0\",\"path\":\"http://www.saber-king.cn\",\"children\":[],\"createTime\":1521171180000,\"updateBy\":\"admin\",\"isFrame\":\"0\",\"menuId\":4,\"menuType\":\"M\",\"perms\":\"\",\"status\":\"0\"}', '{\"msg\":\"操作成功\",\"code\":200}', 0, NULL, '2020-10-05 15:32:16');
INSERT INTO `sys_oper_log` VALUES (27, '代码生成', 2, 'cn.saberking.jvav.apm.generator.controller.GenController.editSave()', 'PUT', 1, 'admin', NULL, '/tool/gen', '127.0.0.1', '内网IP', '{\"functionAuthor\":\"apm\",\"columns\":[{\"usableColumn\":false,\"columnId\":333,\"isIncrement\":\"1\",\"increment\":true,\"insert\":true,\"dictType\":\"\",\"required\":false,\"superColumn\":false,\"updateBy\":\"\",\"isInsert\":\"1\",\"javaField\":\"uid\",\"htmlType\":\"input\",\"edit\":false,\"query\":false,\"columnComment\":\"用户id\",\"sort\":1,\"list\":false,\"params\":{},\"javaType\":\"Integer\",\"queryType\":\"EQ\",\"columnType\":\"int(10) unsigned\",\"createBy\":\"admin\",\"isPk\":\"1\",\"createTime\":1601881829000,\"tableId\":24,\"pk\":true,\"columnName\":\"uid\"},{\"usableColumn\":false,\"columnId\":334,\"isIncrement\":\"0\",\"increment\":false,\"insert\":true,\"isList\":\"1\",\"dictType\":\"\",\"required\":false,\"superColumn\":false,\"updateBy\":\"\",\"isInsert\":\"1\",\"javaField\":\"username\",\"htmlType\":\"input\",\"edit\":true,\"query\":true,\"columnComment\":\"用户账户(跟accout一样)\",\"isQuery\":\"1\",\"sort\":2,\"list\":true,\"params\":{},\"javaType\":\"String\",\"queryType\":\"LIKE\",\"columnType\":\"varchar(255)\",\"createBy\":\"admin\",\"isPk\":\"0\",\"createTime\":1601881829000,\"isEdit\":\"1\",\"tableId\":24,\"pk\":false,\"columnName\":\"username\"},{\"usableColumn\":false,\"columnId\":335,\"isIncrement\":\"0\",\"increment\":false,\"insert\":true,\"isList\":\"1\",\"dictType\":\"\",\"required\":true,\"superColumn\":false,\"updateBy\":\"\",\"isInsert\":\"1\",\"isRequired\":\"1\",\"javaField\":\"account\",\"htmlType\":\"input\",\"edit\":true,\"query\":true,\"columnComment\":\"用户账号\",\"isQuery\":\"1\",\"sort\":3,\"list\":true,\"params\":{},\"javaType\":\"String\",\"queryType\":\"EQ\",\"columnType\":\"varchar(32)\",\"createBy\":\"admin\",\"isPk\":\"0\",\"createTime\":1601881829000,\"isEdit\":\"1\",\"tableId\":24,\"pk\":false,\"columnName\":\"account\"},{\"usableColumn\":false,\"columnId\":336,\"isIncrement\":\"0\",\"increment\":false,\"insert\":true,\"isList\":\"1\",\"dictType\":\"\",\"required\":false,\"superColumn\":false,\"updateBy\":\"\",\"isInsert\":\"1\",\"javaField\":\"password\",\"htmlType\":\"input\",\"edit\":true,\"query\":true,\"columnComment\":\"用户密码（跟pwd）\",\"isQuery\":\"1\",\"sort\":4,\"list\":true,\"params\":{},\"javaType\":\"String\",\"queryType\":\"EQ\",\"columnType\":\"varchar(255)\",\"createBy\":\"admin\",\"isPk\":\"0\",\"createTime\":1601881829000,\"isEdit\":\"1\",\"tableId\":24,\"pk\":fals', '{\"msg\":\"操作成功\",\"code\":200}', 0, NULL, '2020-10-05 15:32:55');
INSERT INTO `sys_oper_log` VALUES (28, '代码生成', 2, 'cn.saberking.jvav.apm.generator.controller.GenController.editSave()', 'PUT', 1, 'admin', NULL, '/tool/gen', '127.0.0.1', '内网IP', '{\"functionAuthor\":\"apm\",\"columns\":[{\"usableColumn\":false,\"columnId\":333,\"isIncrement\":\"1\",\"increment\":true,\"insert\":true,\"dictType\":\"\",\"required\":false,\"superColumn\":false,\"updateBy\":\"\",\"isInsert\":\"1\",\"javaField\":\"uid\",\"htmlType\":\"input\",\"edit\":false,\"query\":false,\"columnComment\":\"用户id\",\"updateTime\":1601883175000,\"sort\":1,\"list\":false,\"params\":{},\"javaType\":\"Integer\",\"queryType\":\"EQ\",\"columnType\":\"int(10) unsigned\",\"createBy\":\"admin\",\"isPk\":\"1\",\"createTime\":1601881829000,\"tableId\":24,\"pk\":true,\"columnName\":\"uid\"},{\"usableColumn\":false,\"columnId\":334,\"isIncrement\":\"0\",\"increment\":false,\"insert\":true,\"isList\":\"1\",\"dictType\":\"\",\"required\":false,\"superColumn\":false,\"updateBy\":\"\",\"isInsert\":\"1\",\"javaField\":\"username\",\"htmlType\":\"input\",\"edit\":true,\"query\":true,\"columnComment\":\"用户账户(跟accout一样)\",\"isQuery\":\"1\",\"updateTime\":1601883175000,\"sort\":2,\"list\":true,\"params\":{},\"javaType\":\"String\",\"queryType\":\"LIKE\",\"columnType\":\"varchar(255)\",\"createBy\":\"admin\",\"isPk\":\"0\",\"createTime\":1601881829000,\"isEdit\":\"1\",\"tableId\":24,\"pk\":false,\"columnName\":\"username\"},{\"usableColumn\":false,\"columnId\":335,\"isIncrement\":\"0\",\"increment\":false,\"insert\":true,\"isList\":\"1\",\"dictType\":\"\",\"required\":true,\"superColumn\":false,\"updateBy\":\"\",\"isInsert\":\"1\",\"isRequired\":\"1\",\"javaField\":\"account\",\"htmlType\":\"input\",\"edit\":true,\"query\":true,\"columnComment\":\"用户账号\",\"isQuery\":\"1\",\"updateTime\":1601883175000,\"sort\":3,\"list\":true,\"params\":{},\"javaType\":\"String\",\"queryType\":\"EQ\",\"columnType\":\"varchar(32)\",\"createBy\":\"admin\",\"isPk\":\"0\",\"createTime\":1601881829000,\"isEdit\":\"1\",\"tableId\":24,\"pk\":false,\"columnName\":\"account\"},{\"usableColumn\":false,\"columnId\":336,\"isIncrement\":\"0\",\"increment\":false,\"insert\":true,\"isList\":\"1\",\"dictType\":\"\",\"required\":false,\"superColumn\":false,\"updateBy\":\"\",\"isInsert\":\"1\",\"javaField\":\"password\",\"htmlType\":\"input\",\"edit\":true,\"query\":true,\"columnComment\":\"用户密码（跟pwd）\",\"isQuery\":\"1\",\"updateTime\":1601883175000,\"sort\":4,\"list\":true,\"params\":{},\"javaType\":\"String\",\"queryType\":\"EQ\",\"columnType\"', '{\"msg\":\"操作成功\",\"code\":200}', 0, NULL, '2020-10-05 15:34:00');
INSERT INTO `sys_oper_log` VALUES (29, '角色管理', 2, 'cn.saberking.jvav.apm.web.controller.system.SysRoleController.edit()', 'PUT', 1, 'admin', NULL, '/system/role', '127.0.0.1', '内网IP', '{\"flag\":false,\"roleId\":2,\"admin\":false,\"remark\":\"普通管理员角色\",\"dataScope\":\"2\",\"delFlag\":\"0\",\"params\":{},\"roleSort\":\"2\",\"deptCheckStrictly\":true,\"createTime\":1521171180000,\"updateBy\":\"admin\",\"menuCheckStrictly\":true,\"roleKey\":\"common\",\"roleName\":\"普通管理员\",\"menuIds\":[1,100,1001,1002,1003,1004,1005,1006,1007,101,1008,1009,1010,1011,1012,102,1013,1014,1015,1016,103,1017,1018,1019,1020,104,1021,1022,1023,1024,1025,105,1026,1027,1028,1029,1030,106,1031,1032,1033,1034,1035,107,1036,1037,1038,1039,108,500,1040,1041,1042,501,1043,1044,1045,2,109,1046,1047,1048,110,1049,1050,1051,1052,1053,1054,111,112,3,113,114,1055,1056,1058,1057,1059,1060,115,4],\"status\":\"0\"}', '{\"msg\":\"操作成功\",\"code\":200}', 0, NULL, '2020-10-05 15:59:39');
INSERT INTO `sys_oper_log` VALUES (30, '角色管理', 2, 'cn.saberking.jvav.apm.web.controller.system.SysRoleController.edit()', 'PUT', 1, 'admin', NULL, '/system/role', '127.0.0.1', '内网IP', '{\"flag\":false,\"roleId\":2,\"admin\":false,\"remark\":\"普通管理员\",\"dataScope\":\"2\",\"delFlag\":\"0\",\"params\":{},\"roleSort\":\"2\",\"deptCheckStrictly\":true,\"createTime\":1521171180000,\"updateBy\":\"admin\",\"menuCheckStrictly\":true,\"roleKey\":\"common\",\"roleName\":\"普通管理员\",\"menuIds\":[1,100,1001,1002,1003,1004,1005,1006,1007,101,1008,1009,1010,1011,1012,102,1013,1014,1015,1016,103,1017,1018,1019,1020,104,1021,1022,1023,1024,1025,105,1026,1027,1028,1029,1030,106,1031,1032,1033,1034,1035,107,1036,1037,1038,1039,108,500,1040,1041,1042,501,1043,1044,1045,2,109,1046,1047,1048,110,1049,1050,1051,1052,1053,1054,111,112,3,113,114,1055,1056,1058,1057,1059,1060,115,4],\"status\":\"0\"}', '{\"msg\":\"操作成功\",\"code\":200}', 0, NULL, '2020-10-05 15:59:57');
INSERT INTO `sys_oper_log` VALUES (31, '定时任务', 2, 'cn.saberking.jvav.apm.quartz.controller.SysJobController.run()', 'PUT', 1, 'admin', NULL, '/monitor/job/run', '127.0.0.1', '内网IP', '{\"jobGroup\":\"DEFAULT\",\"params\":{},\"jobId\":1,\"misfirePolicy\":\"0\"}', '{\"msg\":\"操作成功\",\"code\":200}', 0, NULL, '2020-10-06 02:18:06');
INSERT INTO `sys_oper_log` VALUES (32, '定时任务', 2, 'cn.saberking.jvav.apm.quartz.controller.SysJobController.run()', 'PUT', 1, 'admin', NULL, '/monitor/job/run', '127.0.0.1', '内网IP', '{\"jobGroup\":\"DEFAULT\",\"params\":{},\"jobId\":2,\"misfirePolicy\":\"0\"}', '{\"msg\":\"操作成功\",\"code\":200}', 0, NULL, '2020-10-06 02:18:58');
INSERT INTO `sys_oper_log` VALUES (33, '定时任务', 2, 'cn.saberking.jvav.apm.quartz.controller.SysJobController.run()', 'PUT', 1, 'admin', NULL, '/monitor/job/run', '127.0.0.1', '内网IP', '{\"jobGroup\":\"DEFAULT\",\"params\":{},\"jobId\":3,\"misfirePolicy\":\"0\"}', '{\"msg\":\"操作成功\",\"code\":200}', 0, NULL, '2020-10-06 02:19:09');
INSERT INTO `sys_oper_log` VALUES (34, '角色管理', 2, 'cn.saberking.jvav.apm.web.controller.system.SysRoleController.edit()', 'PUT', 1, 'admin', NULL, '/system/role', '127.0.0.1', '内网IP', '{\"flag\":false,\"roleId\":2,\"admin\":false,\"remark\":\"普通管理员\",\"dataScope\":\"2\",\"delFlag\":\"0\",\"params\":{},\"roleSort\":\"2\",\"deptCheckStrictly\":true,\"createTime\":1521171180000,\"updateBy\":\"admin\",\"menuCheckStrictly\":true,\"roleKey\":\"common\",\"roleName\":\"普通管理员\",\"menuIds\":[1,100,1001,1002,1003,1004,1005,1006,1007,101,1008,1009,1010,1011,1012,102,1013,1014,1015,1016,103,1017,1018,1019,1020,104,1021,1022,1023,1024,1025,105,1026,1027,1028,1029,1030,106,1031,1032,1033,1034,1035,107,1036,1037,1038,1039,108,500,1040,1041,1042,501,1043,1044,1045,2,109,1046,1047,1048,110,1049,1050,1051,1052,1053,1054,111,112,4],\"status\":\"0\"}', '{\"msg\":\"操作成功\",\"code\":200}', 0, NULL, '2020-10-06 02:47:44');
INSERT INTO `sys_oper_log` VALUES (35, '代码生成', 2, 'cn.saberking.jvav.apm.generator.controller.GenController.editSave()', 'PUT', 1, 'admin', NULL, '/tool/gen', '127.0.0.1', '内网IP', '{\"functionAuthor\":\"apm\",\"columns\":[{\"usableColumn\":false,\"columnId\":333,\"isIncrement\":\"1\",\"increment\":true,\"insert\":true,\"dictType\":\"\",\"required\":false,\"superColumn\":false,\"updateBy\":\"\",\"isInsert\":\"1\",\"javaField\":\"uid\",\"htmlType\":\"input\",\"edit\":false,\"query\":false,\"columnComment\":\"用户id\",\"updateTime\":1601883240000,\"sort\":1,\"list\":false,\"params\":{},\"javaType\":\"Integer\",\"queryType\":\"EQ\",\"columnType\":\"int(10) unsigned\",\"createBy\":\"admin\",\"isPk\":\"1\",\"createTime\":1601881829000,\"tableId\":24,\"pk\":true,\"columnName\":\"uid\"},{\"usableColumn\":false,\"columnId\":334,\"isIncrement\":\"0\",\"increment\":false,\"insert\":true,\"isList\":\"1\",\"dictType\":\"\",\"required\":false,\"superColumn\":false,\"updateBy\":\"\",\"isInsert\":\"1\",\"javaField\":\"username\",\"htmlType\":\"input\",\"edit\":true,\"query\":true,\"columnComment\":\"用户账户(跟accout一样)\",\"isQuery\":\"1\",\"updateTime\":1601883240000,\"sort\":2,\"list\":true,\"params\":{},\"javaType\":\"String\",\"queryType\":\"LIKE\",\"columnType\":\"varchar(255)\",\"createBy\":\"admin\",\"isPk\":\"0\",\"createTime\":1601881829000,\"isEdit\":\"1\",\"tableId\":24,\"pk\":false,\"columnName\":\"username\"},{\"usableColumn\":false,\"columnId\":335,\"isIncrement\":\"0\",\"increment\":false,\"insert\":true,\"isList\":\"1\",\"dictType\":\"\",\"required\":true,\"superColumn\":false,\"updateBy\":\"\",\"isInsert\":\"1\",\"isRequired\":\"1\",\"javaField\":\"account\",\"htmlType\":\"input\",\"edit\":true,\"query\":true,\"columnComment\":\"用户账号\",\"isQuery\":\"1\",\"updateTime\":1601883240000,\"sort\":3,\"list\":true,\"params\":{},\"javaType\":\"String\",\"queryType\":\"EQ\",\"columnType\":\"varchar(32)\",\"createBy\":\"admin\",\"isPk\":\"0\",\"createTime\":1601881829000,\"isEdit\":\"1\",\"tableId\":24,\"pk\":false,\"columnName\":\"account\"},{\"usableColumn\":false,\"columnId\":336,\"isIncrement\":\"0\",\"increment\":false,\"insert\":true,\"isList\":\"1\",\"dictType\":\"\",\"required\":false,\"superColumn\":false,\"updateBy\":\"\",\"isInsert\":\"1\",\"javaField\":\"password\",\"htmlType\":\"input\",\"edit\":true,\"query\":true,\"columnComment\":\"用户密码（跟pwd）\",\"isQuery\":\"1\",\"updateTime\":1601883240000,\"sort\":4,\"list\":true,\"params\":{},\"javaType\":\"String\",\"queryType\":\"EQ\",\"columnType\"', '{\"msg\":\"操作成功\",\"code\":200}', 0, NULL, '2020-10-06 02:50:16');
INSERT INTO `sys_oper_log` VALUES (36, '代码生成', 8, 'cn.saberking.jvav.apm.generator.controller.GenController.batchGenCode()', 'GET', 1, 'admin', NULL, '/tool/gen/batchGenCode', '127.0.0.1', '内网IP', '{}', 'null', 0, NULL, '2020-10-06 02:50:20');
INSERT INTO `sys_oper_log` VALUES (37, '代码生成', 2, 'cn.saberking.jvav.apm.generator.controller.GenController.editSave()', 'PUT', 1, 'admin', NULL, '/tool/gen', '127.0.0.1', '内网IP', '{\"functionAuthor\":\"apm\",\"columns\":[{\"usableColumn\":false,\"columnId\":333,\"isIncrement\":\"1\",\"increment\":true,\"insert\":true,\"dictType\":\"\",\"required\":false,\"superColumn\":false,\"updateBy\":\"\",\"isInsert\":\"1\",\"javaField\":\"uid\",\"htmlType\":\"input\",\"edit\":false,\"query\":false,\"columnComment\":\"用户id\",\"updateTime\":1601923816000,\"sort\":1,\"list\":false,\"params\":{},\"javaType\":\"Integer\",\"queryType\":\"EQ\",\"columnType\":\"int(10) unsigned\",\"createBy\":\"admin\",\"isPk\":\"1\",\"createTime\":1601881829000,\"tableId\":24,\"pk\":true,\"columnName\":\"uid\"},{\"usableColumn\":false,\"columnId\":334,\"isIncrement\":\"0\",\"increment\":false,\"insert\":true,\"dictType\":\"\",\"required\":false,\"superColumn\":false,\"updateBy\":\"\",\"isInsert\":\"1\",\"javaField\":\"username\",\"htmlType\":\"input\",\"edit\":true,\"query\":true,\"columnComment\":\"用户账户(跟accout一样)\",\"isQuery\":\"1\",\"updateTime\":1601923816000,\"sort\":2,\"list\":false,\"params\":{},\"javaType\":\"String\",\"queryType\":\"LIKE\",\"columnType\":\"varchar(255)\",\"createBy\":\"admin\",\"isPk\":\"0\",\"createTime\":1601881829000,\"isEdit\":\"1\",\"tableId\":24,\"pk\":false,\"columnName\":\"username\"},{\"usableColumn\":false,\"columnId\":335,\"isIncrement\":\"0\",\"increment\":false,\"insert\":true,\"isList\":\"1\",\"dictType\":\"\",\"required\":true,\"superColumn\":false,\"updateBy\":\"\",\"isInsert\":\"1\",\"isRequired\":\"1\",\"javaField\":\"account\",\"htmlType\":\"input\",\"edit\":true,\"query\":false,\"columnComment\":\"用户账号\",\"updateTime\":1601923816000,\"sort\":3,\"list\":true,\"params\":{},\"javaType\":\"String\",\"queryType\":\"EQ\",\"columnType\":\"varchar(32)\",\"createBy\":\"admin\",\"isPk\":\"0\",\"createTime\":1601881829000,\"isEdit\":\"1\",\"tableId\":24,\"pk\":false,\"columnName\":\"account\"},{\"usableColumn\":false,\"columnId\":336,\"isIncrement\":\"0\",\"increment\":false,\"insert\":true,\"dictType\":\"\",\"required\":false,\"superColumn\":false,\"updateBy\":\"\",\"isInsert\":\"1\",\"javaField\":\"password\",\"htmlType\":\"input\",\"edit\":true,\"query\":false,\"columnComment\":\"用户密码（跟pwd）\",\"updateTime\":1601923816000,\"sort\":4,\"list\":false,\"params\":{},\"javaType\":\"String\",\"queryType\":\"EQ\",\"columnType\":\"varchar(255)\",\"createBy\":\"admin\",\"isPk\":\"0\",\"cre', '{\"msg\":\"操作成功\",\"code\":200}', 0, NULL, '2020-10-06 03:43:04');
INSERT INTO `sys_oper_log` VALUES (38, '代码生成', 8, 'cn.saberking.jvav.apm.generator.controller.GenController.batchGenCode()', 'GET', 1, 'admin', NULL, '/tool/gen/batchGenCode', '127.0.0.1', '内网IP', '{}', 'null', 0, NULL, '2020-10-06 03:51:06');
INSERT INTO `sys_oper_log` VALUES (39, '代码生成', 2, 'cn.saberking.jvav.apm.generator.controller.GenController.editSave()', 'PUT', 1, 'admin', NULL, '/tool/gen', '127.0.0.1', '内网IP', '{\"functionAuthor\":\"apm\",\"columns\":[{\"usableColumn\":false,\"columnId\":333,\"isIncrement\":\"1\",\"increment\":true,\"insert\":true,\"dictType\":\"\",\"required\":false,\"superColumn\":false,\"updateBy\":\"\",\"isInsert\":\"1\",\"javaField\":\"uid\",\"htmlType\":\"input\",\"edit\":false,\"query\":false,\"columnComment\":\"用户id\",\"updateTime\":1601926984000,\"sort\":1,\"list\":false,\"params\":{},\"javaType\":\"Integer\",\"queryType\":\"EQ\",\"columnType\":\"int(10) unsigned\",\"createBy\":\"admin\",\"isPk\":\"1\",\"createTime\":1601881829000,\"tableId\":24,\"pk\":true,\"columnName\":\"uid\"},{\"usableColumn\":false,\"columnId\":334,\"isIncrement\":\"0\",\"increment\":false,\"insert\":true,\"dictType\":\"\",\"required\":false,\"superColumn\":false,\"updateBy\":\"\",\"isInsert\":\"1\",\"javaField\":\"username\",\"htmlType\":\"input\",\"edit\":true,\"query\":true,\"columnComment\":\"用户账户(跟accout一样)\",\"isQuery\":\"1\",\"updateTime\":1601926984000,\"sort\":2,\"list\":false,\"params\":{},\"javaType\":\"String\",\"queryType\":\"LIKE\",\"columnType\":\"varchar(255)\",\"createBy\":\"admin\",\"isPk\":\"0\",\"createTime\":1601881829000,\"isEdit\":\"1\",\"tableId\":24,\"pk\":false,\"columnName\":\"username\"},{\"usableColumn\":false,\"columnId\":335,\"isIncrement\":\"0\",\"increment\":false,\"insert\":true,\"isList\":\"1\",\"dictType\":\"\",\"required\":true,\"superColumn\":false,\"updateBy\":\"\",\"isInsert\":\"1\",\"isRequired\":\"1\",\"javaField\":\"account\",\"htmlType\":\"input\",\"edit\":true,\"query\":false,\"columnComment\":\"用户账号\",\"updateTime\":1601926984000,\"sort\":3,\"list\":true,\"params\":{},\"javaType\":\"String\",\"queryType\":\"EQ\",\"columnType\":\"varchar(32)\",\"createBy\":\"admin\",\"isPk\":\"0\",\"createTime\":1601881829000,\"isEdit\":\"1\",\"tableId\":24,\"pk\":false,\"columnName\":\"account\"},{\"usableColumn\":false,\"columnId\":336,\"isIncrement\":\"0\",\"increment\":false,\"insert\":true,\"dictType\":\"\",\"required\":false,\"superColumn\":false,\"updateBy\":\"\",\"isInsert\":\"1\",\"javaField\":\"password\",\"htmlType\":\"input\",\"edit\":true,\"query\":false,\"columnComment\":\"用户密码（跟pwd）\",\"updateTime\":1601926984000,\"sort\":4,\"list\":false,\"params\":{},\"javaType\":\"String\",\"queryType\":\"EQ\",\"columnType\":\"varchar(255)\",\"createBy\":\"admin\",\"isPk\":\"0\",\"cre', '{\"msg\":\"操作成功\",\"code\":200}', 0, NULL, '2020-10-06 03:58:47');
INSERT INTO `sys_oper_log` VALUES (40, '字典类型', 1, 'cn.saberking.jvav.apm.web.controller.system.SysDictTypeController.add()', 'POST', 1, 'admin', NULL, '/system/dict/type', '127.0.0.1', '内网IP', '{\"remark\":\"1为正常，0为禁止\",\"params\":{},\"dictType\":\"apm_user_status\",\"createBy\":\"admin\",\"dictName\":\"商城用户状态\",\"status\":\"0\"}', '{\"msg\":\"操作成功\",\"code\":200}', 0, NULL, '2020-10-06 04:01:17');
INSERT INTO `sys_oper_log` VALUES (41, '字典类型', 2, 'cn.saberking.jvav.apm.web.controller.system.SysDictTypeController.edit()', 'PUT', 1, 'admin', NULL, '/system/dict/type', '127.0.0.1', '内网IP', '{\"remark\":\"用户状态列表\",\"dictId\":11,\"params\":{},\"dictType\":\"apm_user_status\",\"createBy\":\"admin\",\"createTime\":1601928076000,\"updateBy\":\"admin\",\"dictName\":\"商城用户状态\",\"status\":\"0\"}', '{\"msg\":\"操作成功\",\"code\":200}', 0, NULL, '2020-10-06 04:02:08');
INSERT INTO `sys_oper_log` VALUES (42, '字典数据', 1, 'cn.saberking.jvav.apm.web.controller.system.SysDictDataController.add()', 'POST', 1, 'admin', NULL, '/system/dict/data', '127.0.0.1', '内网IP', '{\"dictValue\":\"0\",\"dictSort\":0,\"remark\":\"用户状态正常\",\"params\":{},\"dictType\":\"apm_user_status\",\"dictLabel\":\"正常\",\"createBy\":\"admin\",\"default\":false,\"status\":\"0\"}', '{\"msg\":\"操作成功\",\"code\":200}', 0, NULL, '2020-10-06 04:04:17');
INSERT INTO `sys_oper_log` VALUES (43, '字典数据', 2, 'cn.saberking.jvav.apm.web.controller.system.SysDictDataController.edit()', 'PUT', 1, 'admin', NULL, '/system/dict/data', '127.0.0.1', '内网IP', '{\"dictValue\":\"0\",\"dictSort\":0,\"remark\":\"正常状态\",\"params\":{},\"dictType\":\"apm_user_status\",\"dictLabel\":\"正常\",\"createBy\":\"admin\",\"default\":false,\"isDefault\":\"N\",\"createTime\":1601928257000,\"dictCode\":29,\"updateBy\":\"admin\",\"status\":\"0\"}', '{\"msg\":\"操作成功\",\"code\":200}', 0, NULL, '2020-10-06 04:04:32');
INSERT INTO `sys_oper_log` VALUES (44, '字典数据', 1, 'cn.saberking.jvav.apm.web.controller.system.SysDictDataController.add()', 'POST', 1, 'admin', NULL, '/system/dict/data', '127.0.0.1', '内网IP', '{\"dictValue\":\"1\",\"dictSort\":1,\"remark\":\"禁用状态\",\"params\":{},\"dictType\":\"apm_user_status\",\"dictLabel\":\"禁用\",\"createBy\":\"admin\",\"default\":false,\"status\":\"1\"}', '{\"msg\":\"操作成功\",\"code\":200}', 0, NULL, '2020-10-06 04:06:07');
INSERT INTO `sys_oper_log` VALUES (45, '字典类型', 1, 'cn.saberking.jvav.apm.web.controller.system.SysDictTypeController.add()', 'POST', 1, 'admin', NULL, '/system/dict/type', '127.0.0.1', '内网IP', '{\"remark\":\"商城用户登录类型列表\",\"params\":{},\"dictType\":\"apm_user_login_type\",\"createBy\":\"admin\",\"dictName\":\"商城用户登录类型\",\"status\":\"0\"}', '{\"msg\":\"操作成功\",\"code\":200}', 0, NULL, '2020-10-06 04:08:20');
INSERT INTO `sys_oper_log` VALUES (46, '字典数据', 1, 'cn.saberking.jvav.apm.web.controller.system.SysDictDataController.add()', 'POST', 1, 'admin', NULL, '/system/dict/data', '127.0.0.1', '内网IP', '{\"dictValue\":\"web\",\"dictSort\":0,\"remark\":\"通过网站登录\",\"params\":{},\"dictType\":\"apm_user_login_type\",\"dictLabel\":\"网页端\",\"createBy\":\"admin\",\"default\":false,\"status\":\"0\"}', '{\"msg\":\"操作成功\",\"code\":200}', 0, NULL, '2020-10-06 04:11:12');
INSERT INTO `sys_oper_log` VALUES (47, '字典数据', 1, 'cn.saberking.jvav.apm.web.controller.system.SysDictDataController.add()', 'POST', 1, 'admin', NULL, '/system/dict/data', '127.0.0.1', '内网IP', '{\"dictValue\":\"app\",\"dictSort\":1,\"remark\":\"通过手机APP登录\",\"params\":{},\"dictType\":\"apm_user_login_type\",\"dictLabel\":\"手机应用端\",\"createBy\":\"admin\",\"default\":false,\"status\":\"0\"}', '{\"msg\":\"操作成功\",\"code\":200}', 0, NULL, '2020-10-06 04:11:56');
INSERT INTO `sys_oper_log` VALUES (48, '代码生成', 2, 'cn.saberking.jvav.apm.generator.controller.GenController.editSave()', 'PUT', 1, 'admin', NULL, '/tool/gen', '127.0.0.1', '内网IP', '{\"functionAuthor\":\"apm\",\"columns\":[{\"usableColumn\":false,\"columnId\":333,\"isIncrement\":\"1\",\"increment\":true,\"insert\":true,\"dictType\":\"\",\"required\":false,\"superColumn\":false,\"updateBy\":\"\",\"isInsert\":\"1\",\"javaField\":\"uid\",\"htmlType\":\"input\",\"edit\":false,\"query\":false,\"columnComment\":\"用户id\",\"updateTime\":1601927926000,\"sort\":1,\"list\":false,\"params\":{},\"javaType\":\"Integer\",\"queryType\":\"EQ\",\"columnType\":\"int(10) unsigned\",\"createBy\":\"admin\",\"isPk\":\"1\",\"createTime\":1601881829000,\"tableId\":24,\"pk\":true,\"columnName\":\"uid\"},{\"usableColumn\":false,\"columnId\":334,\"isIncrement\":\"0\",\"increment\":false,\"insert\":true,\"dictType\":\"\",\"required\":false,\"superColumn\":false,\"updateBy\":\"\",\"isInsert\":\"1\",\"javaField\":\"username\",\"htmlType\":\"input\",\"edit\":true,\"query\":true,\"columnComment\":\"用户账户(跟accout一样)\",\"isQuery\":\"1\",\"updateTime\":1601927926000,\"sort\":2,\"list\":false,\"params\":{},\"javaType\":\"String\",\"queryType\":\"LIKE\",\"columnType\":\"varchar(255)\",\"createBy\":\"admin\",\"isPk\":\"0\",\"createTime\":1601881829000,\"isEdit\":\"1\",\"tableId\":24,\"pk\":false,\"columnName\":\"username\"},{\"usableColumn\":false,\"columnId\":335,\"isIncrement\":\"0\",\"increment\":false,\"insert\":true,\"isList\":\"1\",\"dictType\":\"\",\"required\":true,\"superColumn\":false,\"updateBy\":\"\",\"isInsert\":\"1\",\"isRequired\":\"1\",\"javaField\":\"account\",\"htmlType\":\"input\",\"edit\":true,\"query\":false,\"columnComment\":\"用户账号\",\"updateTime\":1601927926000,\"sort\":3,\"list\":true,\"params\":{},\"javaType\":\"String\",\"queryType\":\"EQ\",\"columnType\":\"varchar(32)\",\"createBy\":\"admin\",\"isPk\":\"0\",\"createTime\":1601881829000,\"isEdit\":\"1\",\"tableId\":24,\"pk\":false,\"columnName\":\"account\"},{\"usableColumn\":false,\"columnId\":336,\"isIncrement\":\"0\",\"increment\":false,\"insert\":true,\"dictType\":\"\",\"required\":false,\"superColumn\":false,\"updateBy\":\"\",\"isInsert\":\"1\",\"javaField\":\"password\",\"htmlType\":\"input\",\"edit\":true,\"query\":false,\"columnComment\":\"用户密码（跟pwd）\",\"updateTime\":1601927926000,\"sort\":4,\"list\":false,\"params\":{},\"javaType\":\"String\",\"queryType\":\"EQ\",\"columnType\":\"varchar(255)\",\"createBy\":\"admin\",\"isPk\":\"0\",\"cre', '{\"msg\":\"操作成功\",\"code\":200}', 0, NULL, '2020-10-06 04:13:39');
INSERT INTO `sys_oper_log` VALUES (49, '菜单管理', 3, 'cn.saberking.jvav.apm.web.controller.system.SysMenuController.remove()', 'DELETE', 1, 'admin', NULL, '/system/menu/1068', '127.0.0.1', '内网IP', '{menuId=1068}', '{\"msg\":\"存在子菜单,不允许删除\",\"code\":500}', 0, NULL, '2020-10-06 08:04:28');
INSERT INTO `sys_oper_log` VALUES (50, '菜单管理', 3, 'cn.saberking.jvav.apm.web.controller.system.SysMenuController.remove()', 'DELETE', 1, 'admin', NULL, '/system/menu/1069', '127.0.0.1', '内网IP', '{menuId=1069}', '{\"msg\":\"操作成功\",\"code\":200}', 0, NULL, '2020-10-06 08:04:36');
INSERT INTO `sys_oper_log` VALUES (51, '菜单管理', 3, 'cn.saberking.jvav.apm.web.controller.system.SysMenuController.remove()', 'DELETE', 1, 'admin', NULL, '/system/menu/1070', '127.0.0.1', '内网IP', '{menuId=1070}', '{\"msg\":\"操作成功\",\"code\":200}', 0, NULL, '2020-10-06 08:04:39');
INSERT INTO `sys_oper_log` VALUES (52, '菜单管理', 3, 'cn.saberking.jvav.apm.web.controller.system.SysMenuController.remove()', 'DELETE', 1, 'admin', NULL, '/system/menu/1071', '127.0.0.1', '内网IP', '{menuId=1071}', '{\"msg\":\"操作成功\",\"code\":200}', 0, NULL, '2020-10-06 08:04:41');
INSERT INTO `sys_oper_log` VALUES (53, '菜单管理', 3, 'cn.saberking.jvav.apm.web.controller.system.SysMenuController.remove()', 'DELETE', 1, 'admin', NULL, '/system/menu/1072', '127.0.0.1', '内网IP', '{menuId=1072}', '{\"msg\":\"操作成功\",\"code\":200}', 0, NULL, '2020-10-06 08:04:44');
INSERT INTO `sys_oper_log` VALUES (54, '菜单管理', 3, 'cn.saberking.jvav.apm.web.controller.system.SysMenuController.remove()', 'DELETE', 1, 'admin', NULL, '/system/menu/1073', '127.0.0.1', '内网IP', '{menuId=1073}', '{\"msg\":\"操作成功\",\"code\":200}', 0, NULL, '2020-10-06 08:04:50');
INSERT INTO `sys_oper_log` VALUES (55, '菜单管理', 3, 'cn.saberking.jvav.apm.web.controller.system.SysMenuController.remove()', 'DELETE', 1, 'admin', NULL, '/system/menu/1068', '127.0.0.1', '内网IP', '{menuId=1068}', '{\"msg\":\"操作成功\",\"code\":200}', 0, NULL, '2020-10-06 08:04:53');
INSERT INTO `sys_oper_log` VALUES (56, '代码生成', 3, 'cn.saberking.jvav.apm.generator.controller.GenController.remove()', 'DELETE', 1, 'admin', NULL, '/tool/gen/15,16,17,18,19,20,21,22,23', '127.0.0.1', '内网IP', '{tableIds=15,16,17,18,19,20,21,22,23}', '{\"msg\":\"操作成功\",\"code\":200}', 0, NULL, '2020-10-06 08:05:22');
INSERT INTO `sys_oper_log` VALUES (57, '代码生成', 3, 'cn.saberking.jvav.apm.generator.controller.GenController.remove()', 'DELETE', 1, 'admin', NULL, '/tool/gen/25,26,27', '127.0.0.1', '内网IP', '{tableIds=25,26,27}', '{\"msg\":\"操作成功\",\"code\":200}', 0, NULL, '2020-10-06 08:07:42');
INSERT INTO `sys_oper_log` VALUES (58, '代码生成', 3, 'cn.saberking.jvav.apm.generator.controller.GenController.remove()', 'DELETE', 1, 'admin', NULL, '/tool/gen/24', '127.0.0.1', '内网IP', '{tableIds=24}', '{\"msg\":\"操作成功\",\"code\":200}', 0, NULL, '2020-10-06 08:08:19');
INSERT INTO `sys_oper_log` VALUES (59, '代码生成', 6, 'cn.saberking.jvav.apm.generator.controller.GenController.importTableSave()', 'POST', 1, 'admin', NULL, '/tool/gen/importTable', '127.0.0.1', '内网IP', 'sys_user', '{\"msg\":\"操作成功\",\"code\":200}', 0, NULL, '2020-10-06 08:09:42');
INSERT INTO `sys_oper_log` VALUES (60, '用户管理', 1, 'cn.saberking.jvav.apm.web.controller.system.SysUserController.add()', 'POST', 1, 'admin', NULL, '/system/user', '127.0.0.1', '内网IP', '{\"phonenumber\":\"13256987412\",\"admin\":false,\"password\":\"$2a$10$qomR294bMn1wt4jJgxBan.0GjKytvQRsJyf754dSnJqDILxlexe32\",\"postIds\":[4],\"email\":\"sunqingtai@123.com\",\"nickName\":\"小孙\",\"sex\":\"0\",\"deptId\":103,\"params\":{},\"userName\":\"sunqingtai\",\"userId\":4,\"createBy\":\"admin\",\"roleIds\":[2],\"status\":\"0\"}', '{\"msg\":\"操作成功\",\"code\":200}', 0, NULL, '2020-10-06 08:23:47');
INSERT INTO `sys_oper_log` VALUES (61, '用户管理', 2, 'cn.saberking.jvav.apm.web.controller.system.SysUserController.edit()', 'PUT', 1, 'admin', NULL, '/system/user', '127.0.0.1', '内网IP', '{\"roles\":[{\"flag\":false,\"roleId\":2,\"admin\":false,\"dataScope\":\"2\",\"params\":{},\"roleSort\":\"2\",\"deptCheckStrictly\":false,\"menuCheckStrictly\":false,\"roleKey\":\"common\",\"roleName\":\"普通管理员\",\"status\":\"0\"}],\"phonenumber\":\"13265478956\",\"admin\":false,\"delFlag\":\"0\",\"password\":\"\",\"updateBy\":\"admin\",\"postIds\":[4],\"loginIp\":\"\",\"email\":\"zhangkaixi@126.com\",\"nickName\":\"张开喜\",\"sex\":\"0\",\"deptId\":101,\"avatar\":\"\",\"dept\":{\"deptName\":\"深圳总公司\",\"leader\":\"动漫周边商城\",\"deptId\":101,\"orderNum\":\"1\",\"params\":{},\"parentId\":100,\"children\":[],\"status\":\"0\"},\"params\":{},\"userName\":\"zhangkaixi\",\"userId\":3,\"createBy\":\"admin\",\"roleIds\":[2],\"createTime\":1601738187000,\"status\":\"0\"}', '{\"msg\":\"操作成功\",\"code\":200}', 0, NULL, '2020-10-06 08:24:13');
INSERT INTO `sys_oper_log` VALUES (62, '用户管理', 2, 'cn.saberking.jvav.apm.web.controller.system.SysUserController.edit()', 'PUT', 1, 'admin', NULL, '/system/user', '127.0.0.1', '内网IP', '{\"roles\":[{\"flag\":false,\"roleId\":2,\"admin\":false,\"dataScope\":\"2\",\"params\":{},\"roleSort\":\"2\",\"deptCheckStrictly\":false,\"menuCheckStrictly\":false,\"roleKey\":\"common\",\"roleName\":\"普通管理员\",\"status\":\"0\"}],\"phonenumber\":\"13256987412\",\"admin\":false,\"delFlag\":\"0\",\"password\":\"\",\"updateBy\":\"admin\",\"postIds\":[4],\"loginIp\":\"\",\"email\":\"sunqingtai@123.com\",\"nickName\":\"孙青泰\",\"sex\":\"0\",\"deptId\":103,\"avatar\":\"\",\"dept\":{\"deptName\":\"研发部门\",\"leader\":\"动漫周边商城\",\"deptId\":103,\"orderNum\":\"1\",\"params\":{},\"parentId\":101,\"children\":[],\"status\":\"0\"},\"params\":{},\"userName\":\"sunqingtai\",\"userId\":4,\"createBy\":\"admin\",\"roleIds\":[2],\"createTime\":1601943827000,\"status\":\"0\"}', '{\"msg\":\"操作成功\",\"code\":200}', 0, NULL, '2020-10-06 08:24:28');
INSERT INTO `sys_oper_log` VALUES (63, '字典类型', 2, 'cn.saberking.jvav.apm.web.controller.system.SysDictTypeController.edit()', 'PUT', 1, 'admin', NULL, '/system/dict/type', '127.0.0.1', '内网IP', '{\"remark\":\"状态列表\",\"dictId\":11,\"params\":{},\"dictType\":\"sys_user_status\",\"createBy\":\"admin\",\"createTime\":1601928076000,\"updateBy\":\"admin\",\"dictName\":\"用户状态\",\"status\":\"0\"}', '{\"msg\":\"操作成功\",\"code\":200}', 0, NULL, '2020-10-06 08:25:19');
INSERT INTO `sys_oper_log` VALUES (64, '字典类型', 2, 'cn.saberking.jvav.apm.web.controller.system.SysDictTypeController.edit()', 'PUT', 1, 'admin', NULL, '/system/dict/type', '127.0.0.1', '内网IP', '{\"remark\":\"用户状态列表\",\"dictId\":11,\"params\":{},\"dictType\":\"sys_user_status\",\"createBy\":\"admin\",\"createTime\":1601928076000,\"updateBy\":\"admin\",\"dictName\":\"用户状态\",\"status\":\"0\"}', '{\"msg\":\"操作成功\",\"code\":200}', 0, NULL, '2020-10-06 08:26:33');
INSERT INTO `sys_oper_log` VALUES (65, '字典类型', 2, 'cn.saberking.jvav.apm.web.controller.system.SysDictTypeController.edit()', 'PUT', 1, 'admin', NULL, '/system/dict/type', '127.0.0.1', '内网IP', '{\"remark\":\"用户登录类型列表\",\"dictId\":12,\"params\":{},\"dictType\":\"sys_user_login_type\",\"createBy\":\"admin\",\"createTime\":1601928500000,\"updateBy\":\"admin\",\"dictName\":\"用户登录类型\",\"status\":\"0\"}', '{\"msg\":\"操作成功\",\"code\":200}', 0, NULL, '2020-10-06 08:26:49');
INSERT INTO `sys_oper_log` VALUES (66, '字典类型', 1, 'cn.saberking.jvav.apm.web.controller.system.SysDictTypeController.add()', 'POST', 1, 'admin', NULL, '/system/dict/type', '127.0.0.1', '内网IP', '{\"remark\":\"用户类型列表\",\"params\":{},\"dictType\":\"sys_user_type\",\"createBy\":\"admin\",\"dictName\":\"用户类型\",\"status\":\"0\"}', '{\"msg\":\"操作成功\",\"code\":200}', 0, NULL, '2020-10-06 09:16:28');
INSERT INTO `sys_oper_log` VALUES (67, '字典数据', 1, 'cn.saberking.jvav.apm.web.controller.system.SysDictDataController.add()', 'POST', 1, 'admin', NULL, '/system/dict/data', '127.0.0.1', '内网IP', '{\"dictValue\":\"00\",\"dictSort\":0,\"remark\":\"该用户为后台系统用户\",\"params\":{},\"dictType\":\"sys_user_type\",\"dictLabel\":\"系统用户\",\"createBy\":\"admin\",\"default\":false,\"status\":\"0\"}', '{\"msg\":\"操作成功\",\"code\":200}', 0, NULL, '2020-10-06 09:17:22');
INSERT INTO `sys_oper_log` VALUES (68, '字典数据', 1, 'cn.saberking.jvav.apm.web.controller.system.SysDictDataController.add()', 'POST', 1, 'admin', NULL, '/system/dict/data', '127.0.0.1', '内网IP', '{\"dictValue\":\"01\",\"dictSort\":1,\"remark\":\"该用户为前台商城用户\",\"params\":{},\"dictType\":\"sys_user_type\",\"dictLabel\":\"商城用户\",\"createBy\":\"admin\",\"default\":false,\"status\":\"0\"}', '{\"msg\":\"操作成功\",\"code\":200}', 0, NULL, '2020-10-06 09:17:56');
INSERT INTO `sys_oper_log` VALUES (69, '代码生成', 2, 'cn.saberking.jvav.apm.generator.controller.GenController.editSave()', 'PUT', 1, 'admin', NULL, '/tool/gen', '127.0.0.1', '内网IP', '{\"functionAuthor\":\"apm\",\"columns\":[{\"usableColumn\":false,\"columnId\":395,\"isIncrement\":\"1\",\"increment\":true,\"insert\":false,\"dictType\":\"\",\"required\":false,\"superColumn\":false,\"updateBy\":\"\",\"javaField\":\"userId\",\"htmlType\":\"input\",\"edit\":false,\"query\":false,\"columnComment\":\"用户ID\",\"sort\":1,\"list\":false,\"params\":{},\"javaType\":\"Long\",\"queryType\":\"EQ\",\"columnType\":\"bigint(20)\",\"createBy\":\"admin\",\"isPk\":\"1\",\"createTime\":1601942982000,\"tableId\":28,\"pk\":true,\"columnName\":\"user_id\"},{\"usableColumn\":false,\"columnId\":396,\"isIncrement\":\"0\",\"increment\":false,\"insert\":false,\"isList\":\"1\",\"dictType\":\"\",\"required\":false,\"superColumn\":false,\"updateBy\":\"\",\"javaField\":\"deptId\",\"htmlType\":\"input\",\"edit\":true,\"query\":false,\"columnComment\":\"部门ID\",\"sort\":2,\"list\":true,\"params\":{},\"javaType\":\"Long\",\"queryType\":\"EQ\",\"columnType\":\"bigint(20)\",\"createBy\":\"admin\",\"isPk\":\"0\",\"createTime\":1601942982000,\"isEdit\":\"1\",\"tableId\":28,\"pk\":false,\"columnName\":\"dept_id\"},{\"usableColumn\":false,\"columnId\":397,\"isIncrement\":\"0\",\"increment\":false,\"insert\":false,\"isList\":\"1\",\"dictType\":\"\",\"required\":true,\"superColumn\":false,\"updateBy\":\"\",\"isRequired\":\"1\",\"javaField\":\"userName\",\"htmlType\":\"input\",\"edit\":false,\"query\":true,\"columnComment\":\"用户账号\",\"isQuery\":\"1\",\"sort\":3,\"list\":true,\"params\":{},\"javaType\":\"String\",\"queryType\":\"EQ\",\"columnType\":\"varchar(30)\",\"createBy\":\"admin\",\"isPk\":\"0\",\"createTime\":1601942982000,\"tableId\":28,\"pk\":false,\"columnName\":\"user_name\"},{\"usableColumn\":false,\"columnId\":398,\"isIncrement\":\"0\",\"increment\":false,\"insert\":false,\"isList\":\"1\",\"dictType\":\"\",\"required\":true,\"superColumn\":false,\"updateBy\":\"\",\"isRequired\":\"1\",\"javaField\":\"nickName\",\"htmlType\":\"input\",\"edit\":false,\"query\":true,\"columnComment\":\"用户昵称\",\"isQuery\":\"1\",\"sort\":4,\"list\":true,\"params\":{},\"javaType\":\"String\",\"queryType\":\"LIKE\",\"columnType\":\"varchar(30)\",\"createBy\":\"admin\",\"isPk\":\"0\",\"createTime\":1601942982000,\"tableId\":28,\"pk\":false,\"columnName\":\"nick_name\"},{\"usableColumn\":false,\"columnId\":399,\"isIncrement\":\"0\",\"increment\":false,', '{\"msg\":\"操作成功\",\"code\":200}', 0, NULL, '2020-10-06 09:28:18');
INSERT INTO `sys_oper_log` VALUES (70, '代码生成', 2, 'cn.saberking.jvav.apm.generator.controller.GenController.editSave()', 'PUT', 1, 'admin', NULL, '/tool/gen', '127.0.0.1', '内网IP', '{\"functionAuthor\":\"apm\",\"columns\":[{\"usableColumn\":false,\"columnId\":395,\"isIncrement\":\"1\",\"increment\":true,\"insert\":false,\"dictType\":\"\",\"required\":false,\"superColumn\":false,\"updateBy\":\"\",\"javaField\":\"userId\",\"htmlType\":\"input\",\"edit\":false,\"query\":false,\"columnComment\":\"用户ID\",\"updateTime\":1601947697000,\"sort\":1,\"list\":false,\"params\":{},\"javaType\":\"Long\",\"queryType\":\"EQ\",\"columnType\":\"bigint(20)\",\"createBy\":\"admin\",\"isPk\":\"1\",\"createTime\":1601942982000,\"tableId\":28,\"pk\":true,\"columnName\":\"user_id\"},{\"usableColumn\":false,\"columnId\":396,\"isIncrement\":\"0\",\"increment\":false,\"insert\":false,\"dictType\":\"\",\"required\":false,\"superColumn\":false,\"updateBy\":\"\",\"javaField\":\"deptId\",\"htmlType\":\"input\",\"edit\":false,\"query\":false,\"columnComment\":\"部门ID\",\"updateTime\":1601947697000,\"sort\":2,\"list\":false,\"params\":{},\"javaType\":\"Long\",\"queryType\":\"EQ\",\"columnType\":\"bigint(20)\",\"createBy\":\"admin\",\"isPk\":\"0\",\"createTime\":1601942982000,\"tableId\":28,\"pk\":false,\"columnName\":\"dept_id\"},{\"usableColumn\":false,\"columnId\":397,\"isIncrement\":\"0\",\"increment\":false,\"insert\":false,\"isList\":\"1\",\"dictType\":\"\",\"required\":false,\"superColumn\":false,\"updateBy\":\"\",\"javaField\":\"userName\",\"htmlType\":\"input\",\"edit\":false,\"query\":false,\"columnComment\":\"用户账号\",\"updateTime\":1601947697000,\"sort\":3,\"list\":true,\"params\":{},\"javaType\":\"String\",\"queryType\":\"EQ\",\"columnType\":\"varchar(30)\",\"createBy\":\"admin\",\"isPk\":\"0\",\"createTime\":1601942982000,\"tableId\":28,\"pk\":false,\"columnName\":\"user_name\"},{\"usableColumn\":false,\"columnId\":398,\"isIncrement\":\"0\",\"increment\":false,\"insert\":false,\"isList\":\"1\",\"dictType\":\"\",\"required\":false,\"superColumn\":false,\"updateBy\":\"\",\"javaField\":\"nickName\",\"htmlType\":\"input\",\"edit\":false,\"query\":true,\"columnComment\":\"用户昵称\",\"isQuery\":\"1\",\"updateTime\":1601947697000,\"sort\":4,\"list\":true,\"params\":{},\"javaType\":\"String\",\"queryType\":\"LIKE\",\"columnType\":\"varchar(30)\",\"createBy\":\"admin\",\"isPk\":\"0\",\"createTime\":1601942982000,\"tableId\":28,\"pk\":false,\"columnName\":\"nick_name\"},{\"usableColumn\":false,\"columnId\":3', '{\"msg\":\"操作成功\",\"code\":200}', 0, NULL, '2020-10-06 09:47:35');
INSERT INTO `sys_oper_log` VALUES (71, '菜单管理', 3, 'cn.saberking.jvav.apm.web.controller.system.SysMenuController.remove()', 'DELETE', 1, 'admin', NULL, '/system/menu/1062', '127.0.0.1', '内网IP', '{menuId=1062}', '{\"msg\":\"存在子菜单,不允许删除\",\"code\":500}', 0, NULL, '2020-10-06 09:55:07');
INSERT INTO `sys_oper_log` VALUES (72, '菜单管理', 3, 'cn.saberking.jvav.apm.web.controller.system.SysMenuController.remove()', 'DELETE', 1, 'admin', NULL, '/system/menu/1063', '127.0.0.1', '内网IP', '{menuId=1063}', '{\"msg\":\"操作成功\",\"code\":200}', 0, NULL, '2020-10-06 09:55:13');
INSERT INTO `sys_oper_log` VALUES (73, '菜单管理', 3, 'cn.saberking.jvav.apm.web.controller.system.SysMenuController.remove()', 'DELETE', 1, 'admin', NULL, '/system/menu/1065', '127.0.0.1', '内网IP', '{menuId=1065}', '{\"msg\":\"操作成功\",\"code\":200}', 0, NULL, '2020-10-06 09:55:16');
INSERT INTO `sys_oper_log` VALUES (74, '菜单管理', 3, 'cn.saberking.jvav.apm.web.controller.system.SysMenuController.remove()', 'DELETE', 1, 'admin', NULL, '/system/menu/1064', '127.0.0.1', '内网IP', '{menuId=1064}', '{\"msg\":\"操作成功\",\"code\":200}', 0, NULL, '2020-10-06 09:55:18');
INSERT INTO `sys_oper_log` VALUES (75, '菜单管理', 3, 'cn.saberking.jvav.apm.web.controller.system.SysMenuController.remove()', 'DELETE', 1, 'admin', NULL, '/system/menu/1066', '127.0.0.1', '内网IP', '{menuId=1066}', '{\"msg\":\"操作成功\",\"code\":200}', 0, NULL, '2020-10-06 09:55:21');
INSERT INTO `sys_oper_log` VALUES (76, '菜单管理', 3, 'cn.saberking.jvav.apm.web.controller.system.SysMenuController.remove()', 'DELETE', 1, 'admin', NULL, '/system/menu/1067', '127.0.0.1', '内网IP', '{menuId=1067}', '{\"msg\":\"操作成功\",\"code\":200}', 0, NULL, '2020-10-06 09:55:24');
INSERT INTO `sys_oper_log` VALUES (77, '菜单管理', 3, 'cn.saberking.jvav.apm.web.controller.system.SysMenuController.remove()', 'DELETE', 1, 'admin', NULL, '/system/menu/1062', '127.0.0.1', '内网IP', '{menuId=1062}', '{\"msg\":\"操作成功\",\"code\":200}', 0, NULL, '2020-10-06 09:55:30');
INSERT INTO `sys_oper_log` VALUES (78, '代码生成', 2, 'cn.saberking.jvav.apm.generator.controller.GenController.editSave()', 'PUT', 1, 'admin', NULL, '/tool/gen', '127.0.0.1', '内网IP', '{\"functionAuthor\":\"apm\",\"columns\":[{\"usableColumn\":false,\"columnId\":395,\"isIncrement\":\"1\",\"increment\":true,\"insert\":false,\"dictType\":\"\",\"required\":false,\"superColumn\":false,\"updateBy\":\"\",\"javaField\":\"userId\",\"htmlType\":\"input\",\"edit\":false,\"query\":false,\"columnComment\":\"用户ID\",\"updateTime\":1601948855000,\"sort\":1,\"list\":false,\"params\":{},\"javaType\":\"Long\",\"queryType\":\"EQ\",\"columnType\":\"bigint(20)\",\"createBy\":\"admin\",\"isPk\":\"1\",\"createTime\":1601942982000,\"tableId\":28,\"pk\":true,\"columnName\":\"user_id\"},{\"usableColumn\":false,\"columnId\":396,\"isIncrement\":\"0\",\"increment\":false,\"insert\":false,\"dictType\":\"\",\"required\":false,\"superColumn\":false,\"updateBy\":\"\",\"javaField\":\"deptId\",\"htmlType\":\"input\",\"edit\":false,\"query\":false,\"columnComment\":\"部门ID\",\"updateTime\":1601948855000,\"sort\":2,\"list\":false,\"params\":{},\"javaType\":\"Long\",\"queryType\":\"EQ\",\"columnType\":\"bigint(20)\",\"createBy\":\"admin\",\"isPk\":\"0\",\"createTime\":1601942982000,\"tableId\":28,\"pk\":false,\"columnName\":\"dept_id\"},{\"usableColumn\":false,\"columnId\":397,\"isIncrement\":\"0\",\"increment\":false,\"insert\":false,\"isList\":\"1\",\"dictType\":\"\",\"required\":false,\"superColumn\":false,\"updateBy\":\"\",\"javaField\":\"userName\",\"htmlType\":\"input\",\"edit\":false,\"query\":false,\"columnComment\":\"用户账号\",\"updateTime\":1601948855000,\"sort\":3,\"list\":true,\"params\":{},\"javaType\":\"String\",\"queryType\":\"EQ\",\"columnType\":\"varchar(30)\",\"createBy\":\"admin\",\"isPk\":\"0\",\"createTime\":1601942982000,\"tableId\":28,\"pk\":false,\"columnName\":\"user_name\"},{\"usableColumn\":false,\"columnId\":398,\"isIncrement\":\"0\",\"increment\":false,\"insert\":false,\"isList\":\"1\",\"dictType\":\"\",\"required\":false,\"superColumn\":false,\"updateBy\":\"\",\"javaField\":\"nickName\",\"htmlType\":\"input\",\"edit\":false,\"query\":true,\"columnComment\":\"用户昵称\",\"isQuery\":\"1\",\"updateTime\":1601948855000,\"sort\":4,\"list\":true,\"params\":{},\"javaType\":\"String\",\"queryType\":\"LIKE\",\"columnType\":\"varchar(30)\",\"createBy\":\"admin\",\"isPk\":\"0\",\"createTime\":1601942982000,\"tableId\":28,\"pk\":false,\"columnName\":\"nick_name\"},{\"usableColumn\":false,\"columnId\":3', '{\"msg\":\"操作成功\",\"code\":200}', 0, NULL, '2020-10-06 09:55:40');
INSERT INTO `sys_oper_log` VALUES (79, '代码生成', 6, 'cn.saberking.jvav.apm.generator.controller.GenController.importTableSave()', 'POST', 1, 'admin', NULL, '/tool/gen/importTable', '127.0.0.1', '内网IP', 'apm_store_category,apm_store_order,apm_store_order_cart_info,apm_store_order_status,apm_store_product,apm_store_product_attr,apm_store_product_attr_result,apm_store_product_attr_value,apm_store_product_relation,apm_user_address,apm_user_bill', '{\"msg\":\"操作成功\",\"code\":200}', 0, NULL, '2020-10-06 09:58:01');
INSERT INTO `sys_oper_log` VALUES (80, '代码生成', 8, 'cn.saberking.jvav.apm.generator.controller.GenController.batchGenCode()', 'GET', 1, 'admin', NULL, '/tool/gen/batchGenCode', '127.0.0.1', '内网IP', '{}', 'null', 0, NULL, '2020-10-06 09:58:58');
INSERT INTO `sys_oper_log` VALUES (81, '字典类型', 1, 'cn.saberking.jvav.apm.web.controller.system.SysDictTypeController.add()', 'POST', 1, 'admin', NULL, '/system/dict/type', '127.0.0.1', '内网IP', '{\"remark\":\"订单状态（-1 : 申请退款 -2 : 退货成功 0：待发货；1：待收货；2：已收货；3：待评价；-1：已退款）\",\"params\":{},\"dictType\":\"order_status\",\"createBy\":\"admin\",\"dictName\":\"订单状态\",\"status\":\"0\"}', '{\"msg\":\"操作成功\",\"code\":200}', 0, NULL, '2020-10-06 11:09:17');
INSERT INTO `sys_oper_log` VALUES (82, '字典数据', 1, 'cn.saberking.jvav.apm.web.controller.system.SysDictDataController.add()', 'POST', 1, 'admin', NULL, '/system/dict/data', '127.0.0.1', '内网IP', '{\"dictValue\":\"-1\",\"dictSort\":0,\"remark\":\"申请退款\",\"params\":{},\"dictType\":\"order_status\",\"dictLabel\":\"正常\",\"createBy\":\"admin\",\"default\":false,\"status\":\"0\"}', '{\"msg\":\"操作成功\",\"code\":200}', 0, NULL, '2020-10-06 11:10:33');
INSERT INTO `sys_oper_log` VALUES (83, '字典数据', 1, 'cn.saberking.jvav.apm.web.controller.system.SysDictDataController.add()', 'POST', 1, 'admin', NULL, '/system/dict/data', '127.0.0.1', '内网IP', '{\"dictValue\":\"-2\",\"dictSort\":0,\"remark\":\"退货成功\",\"params\":{},\"dictType\":\"order_status\",\"dictLabel\":\"正常\",\"createBy\":\"admin\",\"default\":false,\"status\":\"0\"}', '{\"msg\":\"操作成功\",\"code\":200}', 0, NULL, '2020-10-06 11:10:53');
INSERT INTO `sys_oper_log` VALUES (84, '字典数据', 1, 'cn.saberking.jvav.apm.web.controller.system.SysDictDataController.add()', 'POST', 1, 'admin', NULL, '/system/dict/data', '127.0.0.1', '内网IP', '{\"dictValue\":\"0\",\"dictSort\":0,\"remark\":\"待发货\",\"params\":{},\"dictType\":\"order_status\",\"dictLabel\":\"正常\",\"createBy\":\"admin\",\"default\":false,\"status\":\"0\"}', '{\"msg\":\"操作成功\",\"code\":200}', 0, NULL, '2020-10-06 11:11:18');
INSERT INTO `sys_oper_log` VALUES (85, '字典数据', 1, 'cn.saberking.jvav.apm.web.controller.system.SysDictDataController.add()', 'POST', 1, 'admin', NULL, '/system/dict/data', '127.0.0.1', '内网IP', '{\"dictValue\":\"1\",\"dictSort\":0,\"remark\":\"待收货\",\"params\":{},\"dictType\":\"order_status\",\"dictLabel\":\"正常\",\"createBy\":\"admin\",\"default\":false,\"status\":\"0\"}', '{\"msg\":\"操作成功\",\"code\":200}', 0, NULL, '2020-10-06 11:11:39');
INSERT INTO `sys_oper_log` VALUES (86, '字典数据', 1, 'cn.saberking.jvav.apm.web.controller.system.SysDictDataController.add()', 'POST', 1, 'admin', NULL, '/system/dict/data', '127.0.0.1', '内网IP', '{\"dictValue\":\"2\",\"dictSort\":0,\"remark\":\"已收货\",\"params\":{},\"dictType\":\"order_status\",\"dictLabel\":\"正常\",\"createBy\":\"admin\",\"default\":false,\"status\":\"0\"}', '{\"msg\":\"操作成功\",\"code\":200}', 0, NULL, '2020-10-06 11:12:10');
INSERT INTO `sys_oper_log` VALUES (87, '字典数据', 1, 'cn.saberking.jvav.apm.web.controller.system.SysDictDataController.add()', 'POST', 1, 'admin', NULL, '/system/dict/data', '127.0.0.1', '内网IP', '{\"dictValue\":\"3\",\"dictSort\":0,\"remark\":\"待评价\",\"params\":{},\"dictType\":\"order_status\",\"dictLabel\":\"正常\",\"createBy\":\"admin\",\"default\":false,\"status\":\"0\"}', '{\"msg\":\"操作成功\",\"code\":200}', 0, NULL, '2020-10-06 11:12:28');
INSERT INTO `sys_oper_log` VALUES (88, '字典数据', 1, 'cn.saberking.jvav.apm.web.controller.system.SysDictDataController.add()', 'POST', 1, 'admin', NULL, '/system/dict/data', '127.0.0.1', '内网IP', '{\"dictValue\":\"-1\",\"dictSort\":0,\"remark\":\"已退款\",\"params\":{},\"dictType\":\"order_status\",\"dictLabel\":\"正常\",\"createBy\":\"admin\",\"default\":false,\"status\":\"0\"}', '{\"msg\":\"操作成功\",\"code\":200}', 0, NULL, '2020-10-06 11:12:48');
INSERT INTO `sys_oper_log` VALUES (89, '字典数据', 2, 'cn.saberking.jvav.apm.web.controller.system.SysDictDataController.edit()', 'PUT', 1, 'admin', NULL, '/system/dict/data', '127.0.0.1', '内网IP', '{\"dictValue\":\"-3\",\"dictSort\":0,\"remark\":\"已退款\",\"params\":{},\"dictType\":\"order_status\",\"dictLabel\":\"正常\",\"createBy\":\"admin\",\"default\":false,\"isDefault\":\"N\",\"createTime\":1601953968000,\"dictCode\":41,\"updateBy\":\"admin\",\"status\":\"0\"}', '{\"msg\":\"操作成功\",\"code\":200}', 0, NULL, '2020-10-06 11:13:36');
INSERT INTO `sys_oper_log` VALUES (90, '代码生成', 8, 'cn.saberking.jvav.apm.generator.controller.GenController.batchGenCode()', 'GET', 1, 'admin', NULL, '/tool/gen/batchGenCode', '127.0.0.1', '内网IP', '{}', 'null', 0, NULL, '2020-10-06 11:21:34');
INSERT INTO `sys_oper_log` VALUES (91, '代码生成', 8, 'cn.saberking.jvav.apm.generator.controller.GenController.batchGenCode()', 'GET', 1, 'admin', NULL, '/tool/gen/batchGenCode', '127.0.0.1', '内网IP', '{}', 'null', 0, NULL, '2020-10-06 11:52:35');
INSERT INTO `sys_oper_log` VALUES (92, '代码生成', 2, 'cn.saberking.jvav.apm.generator.controller.GenController.editSave()', 'PUT', 1, 'admin', NULL, '/tool/gen', '127.0.0.1', '内网IP', '{\"functionAuthor\":\"apm\",\"columns\":[{\"usableColumn\":false,\"columnId\":423,\"isIncrement\":\"1\",\"increment\":true,\"insert\":true,\"dictType\":\"\",\"required\":false,\"superColumn\":false,\"updateBy\":\"\",\"isInsert\":\"1\",\"javaField\":\"id\",\"htmlType\":\"input\",\"edit\":false,\"query\":false,\"columnComment\":\"商品分类表ID\",\"sort\":1,\"list\":false,\"params\":{},\"javaType\":\"Integer\",\"queryType\":\"EQ\",\"columnType\":\"mediumint(9)\",\"createBy\":\"admin\",\"isPk\":\"1\",\"createTime\":1601949481000,\"tableId\":29,\"pk\":true,\"columnName\":\"id\"},{\"usableColumn\":false,\"columnId\":424,\"isIncrement\":\"0\",\"increment\":false,\"insert\":true,\"isList\":\"1\",\"dictType\":\"\",\"required\":true,\"superColumn\":false,\"updateBy\":\"\",\"isInsert\":\"1\",\"isRequired\":\"1\",\"javaField\":\"pid\",\"htmlType\":\"input\",\"edit\":true,\"query\":true,\"columnComment\":\"父id\",\"isQuery\":\"1\",\"sort\":2,\"list\":true,\"params\":{},\"javaType\":\"Integer\",\"queryType\":\"EQ\",\"columnType\":\"mediumint(9)\",\"createBy\":\"admin\",\"isPk\":\"0\",\"createTime\":1601949481000,\"isEdit\":\"1\",\"tableId\":29,\"pk\":false,\"columnName\":\"pid\"},{\"usableColumn\":false,\"columnId\":425,\"isIncrement\":\"0\",\"increment\":false,\"insert\":true,\"isList\":\"1\",\"dictType\":\"\",\"required\":true,\"superColumn\":false,\"updateBy\":\"\",\"isInsert\":\"1\",\"isRequired\":\"1\",\"javaField\":\"cateName\",\"htmlType\":\"input\",\"edit\":true,\"query\":true,\"columnComment\":\"分类名称\",\"isQuery\":\"1\",\"sort\":3,\"list\":true,\"params\":{},\"javaType\":\"String\",\"queryType\":\"LIKE\",\"columnType\":\"varchar(100)\",\"createBy\":\"admin\",\"isPk\":\"0\",\"createTime\":1601949481000,\"isEdit\":\"1\",\"tableId\":29,\"pk\":false,\"columnName\":\"cate_name\"},{\"usableColumn\":false,\"columnId\":426,\"isIncrement\":\"0\",\"increment\":false,\"insert\":true,\"isList\":\"1\",\"dictType\":\"\",\"required\":false,\"superColumn\":false,\"updateBy\":\"\",\"isInsert\":\"1\",\"javaField\":\"sort\",\"htmlType\":\"input\",\"edit\":true,\"query\":true,\"columnComment\":\"排序\",\"isQuery\":\"1\",\"sort\":4,\"list\":true,\"params\":{},\"javaType\":\"Integer\",\"queryType\":\"EQ\",\"columnType\":\"mediumint(9)\",\"createBy\":\"admin\",\"isPk\":\"0\",\"createTime\":1601949481000,\"isEdit\":\"1\",\"tableId\":29,\"pk\":false,\"columnName\":', '{\"msg\":\"操作成功\",\"code\":200}', 0, NULL, '2020-10-06 13:22:03');
INSERT INTO `sys_oper_log` VALUES (93, '代码生成', 8, 'cn.saberking.jvav.apm.generator.controller.GenController.batchGenCode()', 'GET', 1, 'admin', NULL, '/tool/gen/batchGenCode', '127.0.0.1', '内网IP', '{}', 'null', 0, NULL, '2020-10-06 13:22:12');
INSERT INTO `sys_oper_log` VALUES (94, '代码生成', 2, 'cn.saberking.jvav.apm.generator.controller.GenController.editSave()', 'PUT', 1, 'admin', NULL, '/tool/gen', '127.0.0.1', '内网IP', '{\"functionAuthor\":\"apm\",\"columns\":[{\"usableColumn\":false,\"columnId\":423,\"isIncrement\":\"1\",\"increment\":true,\"insert\":true,\"dictType\":\"\",\"required\":false,\"superColumn\":false,\"updateBy\":\"\",\"isInsert\":\"1\",\"javaField\":\"id\",\"htmlType\":\"input\",\"edit\":false,\"query\":false,\"columnComment\":\"商品分类表ID\",\"updateTime\":1601961723000,\"sort\":1,\"list\":false,\"params\":{},\"javaType\":\"Integer\",\"queryType\":\"EQ\",\"columnType\":\"mediumint(9)\",\"createBy\":\"admin\",\"isPk\":\"1\",\"createTime\":1601949481000,\"tableId\":29,\"pk\":true,\"columnName\":\"id\"},{\"usableColumn\":false,\"columnId\":424,\"isIncrement\":\"0\",\"increment\":false,\"insert\":true,\"isList\":\"1\",\"dictType\":\"\",\"required\":true,\"superColumn\":false,\"updateBy\":\"\",\"isInsert\":\"1\",\"isRequired\":\"1\",\"javaField\":\"pid\",\"htmlType\":\"input\",\"edit\":true,\"query\":true,\"columnComment\":\"父id\",\"isQuery\":\"1\",\"updateTime\":1601961723000,\"sort\":2,\"list\":true,\"params\":{},\"javaType\":\"Integer\",\"queryType\":\"EQ\",\"columnType\":\"mediumint(9)\",\"createBy\":\"admin\",\"isPk\":\"0\",\"createTime\":1601949481000,\"isEdit\":\"1\",\"tableId\":29,\"pk\":false,\"columnName\":\"pid\"},{\"usableColumn\":false,\"columnId\":425,\"isIncrement\":\"0\",\"increment\":false,\"insert\":true,\"isList\":\"1\",\"dictType\":\"\",\"required\":true,\"superColumn\":false,\"updateBy\":\"\",\"isInsert\":\"1\",\"isRequired\":\"1\",\"javaField\":\"cateName\",\"htmlType\":\"input\",\"edit\":true,\"query\":true,\"columnComment\":\"分类名称\",\"isQuery\":\"1\",\"updateTime\":1601961723000,\"sort\":3,\"list\":true,\"params\":{},\"javaType\":\"String\",\"queryType\":\"LIKE\",\"columnType\":\"varchar(100)\",\"createBy\":\"admin\",\"isPk\":\"0\",\"createTime\":1601949481000,\"isEdit\":\"1\",\"tableId\":29,\"pk\":false,\"columnName\":\"cate_name\"},{\"usableColumn\":false,\"columnId\":426,\"isIncrement\":\"0\",\"increment\":false,\"insert\":true,\"isList\":\"1\",\"dictType\":\"\",\"required\":false,\"superColumn\":false,\"updateBy\":\"\",\"isInsert\":\"1\",\"javaField\":\"sort\",\"htmlType\":\"input\",\"edit\":true,\"query\":true,\"columnComment\":\"排序\",\"isQuery\":\"1\",\"updateTime\":1601961723000,\"sort\":4,\"list\":true,\"params\":{},\"javaType\":\"Integer\",\"queryType\":\"EQ\",\"columnType\":\"mediumint(9)\"', '{\"msg\":\"操作成功\",\"code\":200}', 0, NULL, '2020-10-06 13:30:30');
INSERT INTO `sys_oper_log` VALUES (95, '字典类型', 1, 'cn.saberking.jvav.apm.web.controller.system.SysDictTypeController.add()', 'POST', 1, 'admin', NULL, '/system/dict/type', '127.0.0.1', '内网IP', '{\"params\":{},\"dictType\":\"mall_product_category_isShow\",\"createBy\":\"admin\",\"dictName\":\"商品分类推荐状态\",\"status\":\"0\"}', '{\"msg\":\"操作成功\",\"code\":200}', 0, NULL, '2020-10-06 13:49:06');
INSERT INTO `sys_oper_log` VALUES (96, '字典数据', 1, 'cn.saberking.jvav.apm.web.controller.system.SysDictDataController.add()', 'POST', 1, 'admin', NULL, '/system/dict/data', '127.0.0.1', '内网IP', '{\"dictValue\":\"1\",\"dictSort\":0,\"params\":{},\"dictType\":\"mall_product_category_isShow\",\"dictLabel\":\"推荐\",\"createBy\":\"admin\",\"default\":false,\"status\":\"0\"}', '{\"msg\":\"操作成功\",\"code\":200}', 0, NULL, '2020-10-06 13:50:24');
INSERT INTO `sys_oper_log` VALUES (97, '字典数据', 1, 'cn.saberking.jvav.apm.web.controller.system.SysDictDataController.add()', 'POST', 1, 'admin', NULL, '/system/dict/data', '127.0.0.1', '内网IP', '{\"dictValue\":\"0\",\"dictSort\":0,\"params\":{},\"dictType\":\"mall_product_category_isShow\",\"dictLabel\":\"不推荐\",\"createBy\":\"admin\",\"default\":false,\"status\":\"0\"}', '{\"msg\":\"操作成功\",\"code\":200}', 0, NULL, '2020-10-06 13:50:46');
INSERT INTO `sys_oper_log` VALUES (98, '代码生成', 2, 'cn.saberking.jvav.apm.generator.controller.GenController.editSave()', 'PUT', 1, 'admin', NULL, '/tool/gen', '127.0.0.1', '内网IP', '{\"functionAuthor\":\"apm\",\"columns\":[{\"usableColumn\":false,\"columnId\":423,\"isIncrement\":\"1\",\"increment\":true,\"insert\":true,\"dictType\":\"\",\"required\":false,\"superColumn\":false,\"updateBy\":\"\",\"isInsert\":\"1\",\"javaField\":\"id\",\"htmlType\":\"input\",\"edit\":false,\"query\":false,\"columnComment\":\"商品分类表ID\",\"updateTime\":1601962230000,\"sort\":1,\"list\":false,\"params\":{},\"javaType\":\"Integer\",\"queryType\":\"EQ\",\"columnType\":\"mediumint(9)\",\"createBy\":\"admin\",\"isPk\":\"1\",\"createTime\":1601949481000,\"tableId\":29,\"pk\":true,\"columnName\":\"id\"},{\"usableColumn\":false,\"columnId\":424,\"isIncrement\":\"0\",\"increment\":false,\"insert\":true,\"isList\":\"1\",\"dictType\":\"\",\"required\":true,\"superColumn\":false,\"updateBy\":\"\",\"isInsert\":\"1\",\"isRequired\":\"1\",\"javaField\":\"pid\",\"htmlType\":\"input\",\"edit\":true,\"query\":true,\"columnComment\":\"父id\",\"isQuery\":\"1\",\"updateTime\":1601962230000,\"sort\":2,\"list\":true,\"params\":{},\"javaType\":\"Integer\",\"queryType\":\"EQ\",\"columnType\":\"mediumint(9)\",\"createBy\":\"admin\",\"isPk\":\"0\",\"createTime\":1601949481000,\"isEdit\":\"1\",\"tableId\":29,\"pk\":false,\"columnName\":\"pid\"},{\"usableColumn\":false,\"columnId\":425,\"isIncrement\":\"0\",\"increment\":false,\"insert\":true,\"isList\":\"1\",\"dictType\":\"\",\"required\":true,\"superColumn\":false,\"updateBy\":\"\",\"isInsert\":\"1\",\"isRequired\":\"1\",\"javaField\":\"cateName\",\"htmlType\":\"input\",\"edit\":true,\"query\":true,\"columnComment\":\"分类名称\",\"isQuery\":\"1\",\"updateTime\":1601962230000,\"sort\":3,\"list\":true,\"params\":{},\"javaType\":\"String\",\"queryType\":\"LIKE\",\"columnType\":\"varchar(100)\",\"createBy\":\"admin\",\"isPk\":\"0\",\"createTime\":1601949481000,\"isEdit\":\"1\",\"tableId\":29,\"pk\":false,\"columnName\":\"cate_name\"},{\"usableColumn\":false,\"columnId\":426,\"isIncrement\":\"0\",\"increment\":false,\"insert\":true,\"isList\":\"1\",\"dictType\":\"\",\"required\":false,\"superColumn\":false,\"updateBy\":\"\",\"isInsert\":\"1\",\"javaField\":\"sort\",\"htmlType\":\"input\",\"edit\":true,\"query\":true,\"columnComment\":\"排序\",\"isQuery\":\"1\",\"updateTime\":1601962230000,\"sort\":4,\"list\":true,\"params\":{},\"javaType\":\"Integer\",\"queryType\":\"EQ\",\"columnType\":\"mediumint(9)\"', '{\"msg\":\"操作成功\",\"code\":200}', 0, NULL, '2020-10-06 13:51:43');
INSERT INTO `sys_oper_log` VALUES (99, '字典类型', 2, 'cn.saberking.jvav.apm.web.controller.system.SysDictTypeController.edit()', 'PUT', 1, 'admin', NULL, '/system/dict/type', '127.0.0.1', '内网IP', '{\"remark\":\"商品分类推荐状态列表\",\"dictId\":15,\"params\":{},\"dictType\":\"mall_product_category_is_show\",\"createBy\":\"admin\",\"createTime\":1601963346000,\"updateBy\":\"admin\",\"dictName\":\"商品分类推荐状态\",\"status\":\"0\"}', '{\"msg\":\"操作成功\",\"code\":200}', 0, NULL, '2020-10-06 13:51:52');
INSERT INTO `sys_oper_log` VALUES (100, '字典类型', 1, 'cn.saberking.jvav.apm.web.controller.system.SysDictTypeController.add()', 'POST', 1, 'admin', NULL, '/system/dict/type', '127.0.0.1', '内网IP', '{\"params\":{},\"dictType\":\"mall_product_category_isDel\",\"createBy\":\"admin\",\"dictName\":\"商品分类删除状态\",\"status\":\"0\"}', '{\"msg\":\"操作成功\",\"code\":200}', 0, NULL, '2020-10-06 13:53:27');
INSERT INTO `sys_oper_log` VALUES (101, '字典数据', 1, 'cn.saberking.jvav.apm.web.controller.system.SysDictDataController.add()', 'POST', 1, 'admin', NULL, '/system/dict/data', '127.0.0.1', '内网IP', '{\"dictValue\":\"1\",\"dictSort\":0,\"params\":{},\"dictType\":\"mall_product_category_isDel\",\"dictLabel\":\"已删除\",\"createBy\":\"admin\",\"default\":false,\"status\":\"0\"}', '{\"msg\":\"操作成功\",\"code\":200}', 0, NULL, '2020-10-06 13:54:14');
INSERT INTO `sys_oper_log` VALUES (102, '字典数据', 1, 'cn.saberking.jvav.apm.web.controller.system.SysDictDataController.add()', 'POST', 1, 'admin', NULL, '/system/dict/data', '127.0.0.1', '内网IP', '{\"dictValue\":\"0\",\"dictSort\":0,\"params\":{},\"dictType\":\"mall_product_category_isDel\",\"dictLabel\":\"未删除\",\"createBy\":\"admin\",\"default\":false,\"status\":\"0\"}', '{\"msg\":\"操作成功\",\"code\":200}', 0, NULL, '2020-10-06 13:54:24');
INSERT INTO `sys_oper_log` VALUES (103, '代码生成', 2, 'cn.saberking.jvav.apm.generator.controller.GenController.editSave()', 'PUT', 1, 'admin', NULL, '/tool/gen', '127.0.0.1', '内网IP', '{\"functionAuthor\":\"apm\",\"columns\":[{\"usableColumn\":false,\"columnId\":423,\"isIncrement\":\"1\",\"increment\":true,\"insert\":true,\"dictType\":\"\",\"required\":false,\"superColumn\":false,\"updateBy\":\"\",\"isInsert\":\"1\",\"javaField\":\"id\",\"htmlType\":\"input\",\"edit\":false,\"query\":false,\"columnComment\":\"商品分类表ID\",\"updateTime\":1601963503000,\"sort\":1,\"list\":false,\"params\":{},\"javaType\":\"Integer\",\"queryType\":\"EQ\",\"columnType\":\"mediumint(9)\",\"createBy\":\"admin\",\"isPk\":\"1\",\"createTime\":1601949481000,\"tableId\":29,\"pk\":true,\"columnName\":\"id\"},{\"usableColumn\":false,\"columnId\":424,\"isIncrement\":\"0\",\"increment\":false,\"insert\":true,\"isList\":\"1\",\"dictType\":\"\",\"required\":true,\"superColumn\":false,\"updateBy\":\"\",\"isInsert\":\"1\",\"isRequired\":\"1\",\"javaField\":\"pid\",\"htmlType\":\"input\",\"edit\":true,\"query\":true,\"columnComment\":\"父id\",\"isQuery\":\"1\",\"updateTime\":1601963503000,\"sort\":2,\"list\":true,\"params\":{},\"javaType\":\"Integer\",\"queryType\":\"EQ\",\"columnType\":\"mediumint(9)\",\"createBy\":\"admin\",\"isPk\":\"0\",\"createTime\":1601949481000,\"isEdit\":\"1\",\"tableId\":29,\"pk\":false,\"columnName\":\"pid\"},{\"usableColumn\":false,\"columnId\":425,\"isIncrement\":\"0\",\"increment\":false,\"insert\":true,\"isList\":\"1\",\"dictType\":\"\",\"required\":true,\"superColumn\":false,\"updateBy\":\"\",\"isInsert\":\"1\",\"isRequired\":\"1\",\"javaField\":\"cateName\",\"htmlType\":\"input\",\"edit\":true,\"query\":true,\"columnComment\":\"分类名称\",\"isQuery\":\"1\",\"updateTime\":1601963503000,\"sort\":3,\"list\":true,\"params\":{},\"javaType\":\"String\",\"queryType\":\"LIKE\",\"columnType\":\"varchar(100)\",\"createBy\":\"admin\",\"isPk\":\"0\",\"createTime\":1601949481000,\"isEdit\":\"1\",\"tableId\":29,\"pk\":false,\"columnName\":\"cate_name\"},{\"usableColumn\":false,\"columnId\":426,\"isIncrement\":\"0\",\"increment\":false,\"insert\":true,\"isList\":\"1\",\"dictType\":\"\",\"required\":false,\"superColumn\":false,\"updateBy\":\"\",\"isInsert\":\"1\",\"javaField\":\"sort\",\"htmlType\":\"input\",\"edit\":true,\"query\":true,\"columnComment\":\"排序\",\"isQuery\":\"1\",\"updateTime\":1601963503000,\"sort\":4,\"list\":true,\"params\":{},\"javaType\":\"Integer\",\"queryType\":\"EQ\",\"columnType\":\"mediumint(9)\"', '{\"msg\":\"操作成功\",\"code\":200}', 0, NULL, '2020-10-06 13:55:00');
INSERT INTO `sys_oper_log` VALUES (104, '代码生成', 8, 'cn.saberking.jvav.apm.generator.controller.GenController.batchGenCode()', 'GET', 1, 'admin', NULL, '/tool/gen/batchGenCode', '127.0.0.1', '内网IP', '{}', 'null', 0, NULL, '2020-10-06 13:55:07');
INSERT INTO `sys_oper_log` VALUES (105, '代码生成', 6, 'cn.saberking.jvav.apm.generator.controller.GenController.importTableSave()', 'POST', 1, 'admin', NULL, '/tool/gen/importTable', '127.0.0.1', '内网IP', 'apm_user', '{\"msg\":\"操作成功\",\"code\":200}', 0, NULL, '2020-10-06 13:56:36');
INSERT INTO `sys_oper_log` VALUES (106, '字典类型', 2, 'cn.saberking.jvav.apm.web.controller.system.SysDictTypeController.edit()', 'PUT', 1, 'admin', NULL, '/system/dict/type', '127.0.0.1', '内网IP', '{\"remark\":\"商品分类推荐状态列表\",\"dictId\":15,\"params\":{},\"dictType\":\"mall_product_category_isShow\",\"createBy\":\"admin\",\"createTime\":1601963346000,\"updateBy\":\"admin\",\"dictName\":\"商品分类推荐状态\",\"status\":\"0\"}', '{\"msg\":\"操作成功\",\"code\":200}', 0, NULL, '2020-10-06 13:58:47');
INSERT INTO `sys_oper_log` VALUES (107, '代码生成', 2, 'cn.saberking.jvav.apm.generator.controller.GenController.editSave()', 'PUT', 1, 'admin', NULL, '/tool/gen', '127.0.0.1', '内网IP', '{\"functionAuthor\":\"apm\",\"columns\":[{\"usableColumn\":false,\"columnId\":423,\"isIncrement\":\"1\",\"increment\":true,\"insert\":true,\"dictType\":\"\",\"required\":false,\"superColumn\":false,\"updateBy\":\"\",\"isInsert\":\"1\",\"javaField\":\"id\",\"htmlType\":\"input\",\"edit\":false,\"query\":false,\"columnComment\":\"商品分类表ID\",\"updateTime\":1601963700000,\"sort\":1,\"list\":false,\"params\":{},\"javaType\":\"Integer\",\"queryType\":\"EQ\",\"columnType\":\"mediumint(9)\",\"createBy\":\"admin\",\"isPk\":\"1\",\"createTime\":1601949481000,\"tableId\":29,\"pk\":true,\"columnName\":\"id\"},{\"usableColumn\":false,\"columnId\":424,\"isIncrement\":\"0\",\"increment\":false,\"insert\":true,\"isList\":\"1\",\"dictType\":\"\",\"required\":true,\"superColumn\":false,\"updateBy\":\"\",\"isInsert\":\"1\",\"isRequired\":\"1\",\"javaField\":\"pid\",\"htmlType\":\"input\",\"edit\":true,\"query\":true,\"columnComment\":\"父id\",\"isQuery\":\"1\",\"updateTime\":1601963700000,\"sort\":2,\"list\":true,\"params\":{},\"javaType\":\"Integer\",\"queryType\":\"EQ\",\"columnType\":\"mediumint(9)\",\"createBy\":\"admin\",\"isPk\":\"0\",\"createTime\":1601949481000,\"isEdit\":\"1\",\"tableId\":29,\"pk\":false,\"columnName\":\"pid\"},{\"usableColumn\":false,\"columnId\":425,\"isIncrement\":\"0\",\"increment\":false,\"insert\":true,\"isList\":\"1\",\"dictType\":\"\",\"required\":true,\"superColumn\":false,\"updateBy\":\"\",\"isInsert\":\"1\",\"isRequired\":\"1\",\"javaField\":\"cateName\",\"htmlType\":\"input\",\"edit\":true,\"query\":true,\"columnComment\":\"分类名称\",\"isQuery\":\"1\",\"updateTime\":1601963700000,\"sort\":3,\"list\":true,\"params\":{},\"javaType\":\"String\",\"queryType\":\"LIKE\",\"columnType\":\"varchar(100)\",\"createBy\":\"admin\",\"isPk\":\"0\",\"createTime\":1601949481000,\"isEdit\":\"1\",\"tableId\":29,\"pk\":false,\"columnName\":\"cate_name\"},{\"usableColumn\":false,\"columnId\":426,\"isIncrement\":\"0\",\"increment\":false,\"insert\":true,\"isList\":\"1\",\"dictType\":\"\",\"required\":false,\"superColumn\":false,\"updateBy\":\"\",\"isInsert\":\"1\",\"javaField\":\"sort\",\"htmlType\":\"input\",\"edit\":true,\"query\":true,\"columnComment\":\"排序\",\"isQuery\":\"1\",\"updateTime\":1601963700000,\"sort\":4,\"list\":true,\"params\":{},\"javaType\":\"Integer\",\"queryType\":\"EQ\",\"columnType\":\"mediumint(9)\"', '{\"msg\":\"操作成功\",\"code\":200}', 0, NULL, '2020-10-06 13:59:08');
INSERT INTO `sys_oper_log` VALUES (108, '代码生成', 2, 'cn.saberking.jvav.apm.generator.controller.GenController.synchDb()', 'GET', 1, 'admin', NULL, '/tool/gen/synchDb/apm_store_category', '127.0.0.1', '内网IP', '{tableName=apm_store_category}', '{\"msg\":\"操作成功\",\"code\":200}', 0, NULL, '2020-10-06 13:59:29');
INSERT INTO `sys_oper_log` VALUES (109, '代码生成', 8, 'cn.saberking.jvav.apm.generator.controller.GenController.batchGenCode()', 'GET', 1, 'admin', NULL, '/tool/gen/batchGenCode', '127.0.0.1', '内网IP', '{}', 'null', 0, NULL, '2020-10-06 13:59:32');
INSERT INTO `sys_oper_log` VALUES (110, '字典类型', 2, 'cn.saberking.jvav.apm.web.controller.system.SysDictTypeController.edit()', 'PUT', 1, 'admin', NULL, '/system/dict/type', '127.0.0.1', '内网IP', '{\"remark\":\"商品分类推荐状态列表\",\"dictId\":15,\"params\":{},\"dictType\":\"mall_product_category_is_show\",\"createBy\":\"admin\",\"createTime\":1601963346000,\"updateBy\":\"admin\",\"dictName\":\"商品分类推荐状态\",\"status\":\"0\"}', '{\"msg\":\"操作成功\",\"code\":200}', 0, NULL, '2020-10-06 14:04:13');
INSERT INTO `sys_oper_log` VALUES (111, '字典类型', 2, 'cn.saberking.jvav.apm.web.controller.system.SysDictTypeController.edit()', 'PUT', 1, 'admin', NULL, '/system/dict/type', '127.0.0.1', '内网IP', '{\"remark\":\"商品分类删除状态\",\"dictId\":16,\"params\":{},\"dictType\":\"mall_product_category_is_del\",\"createBy\":\"admin\",\"createTime\":1601963607000,\"updateBy\":\"admin\",\"dictName\":\"商品分类删除状态\",\"status\":\"0\"}', '{\"msg\":\"操作成功\",\"code\":200}', 0, NULL, '2020-10-06 14:04:46');
INSERT INTO `sys_oper_log` VALUES (112, '代码生成', 2, 'cn.saberking.jvav.apm.generator.controller.GenController.editSave()', 'PUT', 1, 'admin', NULL, '/tool/gen', '127.0.0.1', '内网IP', '{\"functionAuthor\":\"apm\",\"columns\":[{\"usableColumn\":false,\"columnId\":423,\"isIncrement\":\"1\",\"increment\":true,\"insert\":false,\"dictType\":\"\",\"required\":false,\"superColumn\":false,\"updateBy\":\"\",\"javaField\":\"id\",\"htmlType\":\"input\",\"edit\":false,\"query\":false,\"columnComment\":\"商品分类表ID\",\"updateTime\":1601963948000,\"sort\":1,\"list\":false,\"params\":{},\"javaType\":\"Integer\",\"queryType\":\"EQ\",\"columnType\":\"mediumint(9)\",\"createBy\":\"admin\",\"isPk\":\"1\",\"createTime\":1601949481000,\"tableId\":29,\"pk\":true,\"columnName\":\"id\"},{\"usableColumn\":false,\"columnId\":424,\"isIncrement\":\"0\",\"increment\":false,\"insert\":true,\"isList\":\"1\",\"dictType\":\"\",\"required\":true,\"superColumn\":false,\"updateBy\":\"\",\"isInsert\":\"1\",\"isRequired\":\"1\",\"javaField\":\"pid\",\"htmlType\":\"select\",\"edit\":true,\"query\":true,\"columnComment\":\"父id\",\"isQuery\":\"1\",\"updateTime\":1601963948000,\"sort\":2,\"list\":true,\"params\":{},\"javaType\":\"Integer\",\"queryType\":\"EQ\",\"columnType\":\"mediumint(9)\",\"createBy\":\"admin\",\"isPk\":\"0\",\"createTime\":1601949481000,\"isEdit\":\"1\",\"tableId\":29,\"pk\":false,\"columnName\":\"pid\"},{\"usableColumn\":false,\"columnId\":425,\"isIncrement\":\"0\",\"increment\":false,\"insert\":true,\"isList\":\"1\",\"dictType\":\"\",\"required\":true,\"superColumn\":false,\"updateBy\":\"\",\"isInsert\":\"1\",\"isRequired\":\"1\",\"javaField\":\"cateName\",\"htmlType\":\"input\",\"edit\":true,\"query\":true,\"columnComment\":\"分类名称\",\"isQuery\":\"1\",\"updateTime\":1601963948000,\"sort\":3,\"list\":true,\"params\":{},\"javaType\":\"String\",\"queryType\":\"LIKE\",\"columnType\":\"varchar(100)\",\"createBy\":\"admin\",\"isPk\":\"0\",\"createTime\":1601949481000,\"isEdit\":\"1\",\"tableId\":29,\"pk\":false,\"columnName\":\"cate_name\"},{\"usableColumn\":false,\"columnId\":426,\"isIncrement\":\"0\",\"increment\":false,\"insert\":true,\"dictType\":\"\",\"required\":false,\"superColumn\":false,\"updateBy\":\"\",\"isInsert\":\"1\",\"javaField\":\"sort\",\"htmlType\":\"input\",\"edit\":true,\"query\":false,\"columnComment\":\"排序\",\"updateTime\":1601963948000,\"sort\":4,\"list\":false,\"params\":{},\"javaType\":\"Integer\",\"queryType\":\"EQ\",\"columnType\":\"mediumint(9)\",\"createBy\":\"admin\",\"isPk\":\"0\",\"create', '{\"msg\":\"操作成功\",\"code\":200}', 0, NULL, '2020-10-06 14:14:35');
INSERT INTO `sys_oper_log` VALUES (113, '代码生成', 8, 'cn.saberking.jvav.apm.generator.controller.GenController.batchGenCode()', 'GET', 1, 'admin', NULL, '/tool/gen/batchGenCode', '127.0.0.1', '内网IP', '{}', 'null', 0, NULL, '2020-10-06 14:14:50');
INSERT INTO `sys_oper_log` VALUES (114, '商品分类', 1, 'cn.saberking.jvav.apm.mall.controller.ApmStoreCategoryController.add()', 'POST', 1, 'admin', NULL, '/mall/category', '127.0.0.1', '内网IP', '{\"pid\":6,\"sort\":1,\"params\":{},\"cateName\":\"7777\",\"isShow\":1,\"children\":[],\"id\":10,\"isDel\":0}', '{\"msg\":\"操作成功\",\"code\":200}', 0, NULL, '2020-10-06 14:16:54');
INSERT INTO `sys_oper_log` VALUES (115, '商品分类', 2, 'cn.saberking.jvav.apm.mall.controller.ApmStoreCategoryController.edit()', 'PUT', 1, 'admin', NULL, '/mall/category', '127.0.0.1', '内网IP', '{\"pid\":6,\"pic\":\"1231231\",\"sort\":1,\"params\":{},\"cateName\":\"7777\",\"isShow\":1,\"children\":[],\"id\":10,\"isDel\":0}', '{\"msg\":\"操作成功\",\"code\":200}', 0, NULL, '2020-10-06 14:17:05');
INSERT INTO `sys_oper_log` VALUES (116, '商品分类', 3, 'cn.saberking.jvav.apm.mall.controller.ApmStoreCategoryController.remove()', 'DELETE', 1, 'admin', NULL, '/mall/category/10', '127.0.0.1', '内网IP', '{ids=10}', '{\"msg\":\"操作成功\",\"code\":200}', 0, NULL, '2020-10-06 14:17:10');
INSERT INTO `sys_oper_log` VALUES (117, '代码生成', 8, 'cn.saberking.jvav.apm.generator.controller.GenController.batchGenCode()', 'GET', 1, 'admin', NULL, '/tool/gen/batchGenCode', '127.0.0.1', '内网IP', '{}', 'null', 0, NULL, '2020-10-06 14:18:37');
INSERT INTO `sys_oper_log` VALUES (118, '代码生成', 2, 'cn.saberking.jvav.apm.generator.controller.GenController.editSave()', 'PUT', 1, 'admin', NULL, '/tool/gen', '127.0.0.1', '内网IP', '{\"functionAuthor\":\"apm\",\"columns\":[{\"usableColumn\":false,\"columnId\":431,\"isIncrement\":\"1\",\"increment\":true,\"insert\":true,\"dictType\":\"\",\"required\":false,\"superColumn\":false,\"updateBy\":\"\",\"isInsert\":\"1\",\"javaField\":\"id\",\"htmlType\":\"input\",\"edit\":false,\"query\":false,\"columnComment\":\"订单ID\",\"sort\":1,\"list\":false,\"params\":{},\"javaType\":\"Integer\",\"queryType\":\"EQ\",\"columnType\":\"int(10) unsigned\",\"createBy\":\"admin\",\"isPk\":\"1\",\"createTime\":1601949481000,\"tableId\":30,\"pk\":true,\"columnName\":\"id\"},{\"usableColumn\":false,\"columnId\":432,\"isIncrement\":\"0\",\"increment\":false,\"insert\":true,\"isList\":\"1\",\"dictType\":\"\",\"required\":true,\"superColumn\":false,\"updateBy\":\"\",\"isInsert\":\"1\",\"isRequired\":\"1\",\"javaField\":\"orderId\",\"htmlType\":\"input\",\"edit\":true,\"query\":true,\"columnComment\":\"订单号\",\"isQuery\":\"1\",\"sort\":2,\"list\":true,\"params\":{},\"javaType\":\"String\",\"queryType\":\"EQ\",\"columnType\":\"varchar(32)\",\"createBy\":\"admin\",\"isPk\":\"0\",\"createTime\":1601949481000,\"isEdit\":\"1\",\"tableId\":30,\"pk\":false,\"columnName\":\"order_id\"},{\"usableColumn\":false,\"columnId\":433,\"isIncrement\":\"0\",\"increment\":false,\"insert\":true,\"dictType\":\"\",\"required\":false,\"superColumn\":false,\"updateBy\":\"\",\"isInsert\":\"1\",\"javaField\":\"extendOrderId\",\"htmlType\":\"input\",\"edit\":true,\"query\":false,\"columnComment\":\"额外订单号\",\"sort\":3,\"list\":false,\"params\":{},\"javaType\":\"String\",\"queryType\":\"EQ\",\"columnType\":\"varchar(32)\",\"createBy\":\"admin\",\"isPk\":\"0\",\"createTime\":1601949481000,\"isEdit\":\"1\",\"tableId\":30,\"pk\":false,\"columnName\":\"extend_order_id\"},{\"usableColumn\":false,\"columnId\":434,\"isIncrement\":\"0\",\"increment\":false,\"insert\":true,\"dictType\":\"\",\"required\":false,\"superColumn\":false,\"updateBy\":\"\",\"isInsert\":\"1\",\"javaField\":\"userId\",\"htmlType\":\"input\",\"edit\":true,\"query\":false,\"columnComment\":\"用户id\",\"sort\":4,\"list\":false,\"params\":{},\"javaType\":\"Integer\",\"queryType\":\"EQ\",\"columnType\":\"int(10) unsigned\",\"createBy\":\"admin\",\"isPk\":\"0\",\"createTime\":1601949481000,\"isEdit\":\"1\",\"tableId\":30,\"pk\":false,\"columnName\":\"user_id\"},{\"usableColumn\":false,\"columnI', '{\"msg\":\"操作成功\",\"code\":200}', 0, NULL, '2020-10-06 14:27:23');
INSERT INTO `sys_oper_log` VALUES (119, '代码生成', 8, 'cn.saberking.jvav.apm.generator.controller.GenController.batchGenCode()', 'GET', 1, 'admin', NULL, '/tool/gen/batchGenCode', '127.0.0.1', '内网IP', '{}', 'null', 0, NULL, '2020-10-06 14:27:28');
INSERT INTO `sys_oper_log` VALUES (120, '代码生成', 2, 'cn.saberking.jvav.apm.generator.controller.GenController.editSave()', 'PUT', 1, 'admin', NULL, '/tool/gen', '127.0.0.1', '内网IP', '{\"functionAuthor\":\"apm\",\"columns\":[{\"usableColumn\":false,\"columnId\":431,\"isIncrement\":\"1\",\"increment\":true,\"insert\":true,\"dictType\":\"\",\"required\":false,\"superColumn\":false,\"updateBy\":\"\",\"isInsert\":\"1\",\"javaField\":\"id\",\"htmlType\":\"input\",\"edit\":false,\"query\":false,\"columnComment\":\"订单ID\",\"updateTime\":1601965643000,\"sort\":1,\"list\":false,\"params\":{},\"javaType\":\"Integer\",\"queryType\":\"EQ\",\"columnType\":\"int(10) unsigned\",\"createBy\":\"admin\",\"isPk\":\"1\",\"createTime\":1601949481000,\"tableId\":30,\"pk\":true,\"columnName\":\"id\"},{\"usableColumn\":false,\"columnId\":432,\"isIncrement\":\"0\",\"increment\":false,\"insert\":true,\"isList\":\"1\",\"dictType\":\"\",\"required\":true,\"superColumn\":false,\"updateBy\":\"\",\"isInsert\":\"1\",\"isRequired\":\"1\",\"javaField\":\"orderId\",\"htmlType\":\"input\",\"edit\":true,\"query\":true,\"columnComment\":\"订单号\",\"isQuery\":\"1\",\"updateTime\":1601965643000,\"sort\":2,\"list\":true,\"params\":{},\"javaType\":\"String\",\"queryType\":\"EQ\",\"columnType\":\"varchar(32)\",\"createBy\":\"admin\",\"isPk\":\"0\",\"createTime\":1601949481000,\"isEdit\":\"1\",\"tableId\":30,\"pk\":false,\"columnName\":\"order_id\"},{\"usableColumn\":false,\"columnId\":433,\"isIncrement\":\"0\",\"increment\":false,\"insert\":true,\"dictType\":\"\",\"required\":false,\"superColumn\":false,\"updateBy\":\"\",\"isInsert\":\"1\",\"javaField\":\"extendOrderId\",\"htmlType\":\"input\",\"edit\":true,\"query\":false,\"columnComment\":\"额外订单号\",\"updateTime\":1601965643000,\"sort\":3,\"list\":false,\"params\":{},\"javaType\":\"String\",\"queryType\":\"EQ\",\"columnType\":\"varchar(32)\",\"createBy\":\"admin\",\"isPk\":\"0\",\"createTime\":1601949481000,\"isEdit\":\"1\",\"tableId\":30,\"pk\":false,\"columnName\":\"extend_order_id\"},{\"usableColumn\":false,\"columnId\":434,\"isIncrement\":\"0\",\"increment\":false,\"insert\":true,\"dictType\":\"\",\"required\":false,\"superColumn\":false,\"updateBy\":\"\",\"isInsert\":\"1\",\"javaField\":\"userId\",\"htmlType\":\"input\",\"edit\":true,\"query\":false,\"columnComment\":\"用户id\",\"updateTime\":1601965643000,\"sort\":4,\"list\":false,\"params\":{},\"javaType\":\"Integer\",\"queryType\":\"EQ\",\"columnType\":\"int(10) unsigned\",\"createBy\":\"admin\",\"isPk\":\"0\",\"createTim', '{\"msg\":\"操作成功\",\"code\":200}', 0, NULL, '2020-10-06 14:30:02');
INSERT INTO `sys_oper_log` VALUES (121, '代码生成', 8, 'cn.saberking.jvav.apm.generator.controller.GenController.batchGenCode()', 'GET', 1, 'admin', NULL, '/tool/gen/batchGenCode', '127.0.0.1', '内网IP', '{}', 'null', 0, NULL, '2020-10-06 14:30:06');
INSERT INTO `sys_oper_log` VALUES (122, '代码生成', 2, 'cn.saberking.jvav.apm.generator.controller.GenController.editSave()', 'PUT', 1, 'admin', NULL, '/tool/gen', '127.0.0.1', '内网IP', '{\"functionAuthor\":\"apm\",\"columns\":[{\"usableColumn\":false,\"columnId\":431,\"isIncrement\":\"1\",\"increment\":true,\"insert\":true,\"dictType\":\"\",\"required\":false,\"superColumn\":false,\"updateBy\":\"\",\"isInsert\":\"1\",\"javaField\":\"id\",\"htmlType\":\"input\",\"edit\":false,\"query\":false,\"columnComment\":\"订单ID\",\"updateTime\":1601965801000,\"sort\":1,\"list\":false,\"params\":{},\"javaType\":\"Integer\",\"queryType\":\"EQ\",\"columnType\":\"int(10) unsigned\",\"createBy\":\"admin\",\"isPk\":\"1\",\"createTime\":1601949481000,\"tableId\":30,\"pk\":true,\"columnName\":\"id\"},{\"usableColumn\":false,\"columnId\":432,\"isIncrement\":\"0\",\"increment\":false,\"insert\":true,\"isList\":\"1\",\"dictType\":\"\",\"required\":true,\"superColumn\":false,\"updateBy\":\"\",\"isInsert\":\"1\",\"isRequired\":\"1\",\"javaField\":\"orderId\",\"htmlType\":\"input\",\"edit\":true,\"query\":true,\"columnComment\":\"订单号\",\"isQuery\":\"1\",\"updateTime\":1601965801000,\"sort\":2,\"list\":true,\"params\":{},\"javaType\":\"String\",\"queryType\":\"EQ\",\"columnType\":\"varchar(32)\",\"createBy\":\"admin\",\"isPk\":\"0\",\"createTime\":1601949481000,\"isEdit\":\"1\",\"tableId\":30,\"pk\":false,\"columnName\":\"order_id\"},{\"usableColumn\":false,\"columnId\":433,\"isIncrement\":\"0\",\"increment\":false,\"insert\":true,\"dictType\":\"\",\"required\":false,\"superColumn\":false,\"updateBy\":\"\",\"isInsert\":\"1\",\"javaField\":\"extendOrderId\",\"htmlType\":\"input\",\"edit\":false,\"query\":false,\"columnComment\":\"额外订单号\",\"updateTime\":1601965801000,\"sort\":3,\"list\":false,\"params\":{},\"javaType\":\"String\",\"queryType\":\"EQ\",\"columnType\":\"varchar(32)\",\"createBy\":\"admin\",\"isPk\":\"0\",\"createTime\":1601949481000,\"tableId\":30,\"pk\":false,\"columnName\":\"extend_order_id\"},{\"usableColumn\":false,\"columnId\":434,\"isIncrement\":\"0\",\"increment\":false,\"insert\":true,\"dictType\":\"\",\"required\":false,\"superColumn\":false,\"updateBy\":\"\",\"isInsert\":\"1\",\"javaField\":\"userId\",\"htmlType\":\"input\",\"edit\":false,\"query\":false,\"columnComment\":\"用户id\",\"updateTime\":1601965801000,\"sort\":4,\"list\":false,\"params\":{},\"javaType\":\"Integer\",\"queryType\":\"EQ\",\"columnType\":\"int(10) unsigned\",\"createBy\":\"admin\",\"isPk\":\"0\",\"createTime\":16019494', '{\"msg\":\"操作成功\",\"code\":200}', 0, NULL, '2020-10-06 14:38:43');
INSERT INTO `sys_oper_log` VALUES (123, '代码生成', 8, 'cn.saberking.jvav.apm.generator.controller.GenController.batchGenCode()', 'GET', 1, 'admin', NULL, '/tool/gen/batchGenCode', '127.0.0.1', '内网IP', '{}', 'null', 0, NULL, '2020-10-06 14:38:48');
INSERT INTO `sys_oper_log` VALUES (124, '字典类型', 1, 'cn.saberking.jvav.apm.web.controller.system.SysDictTypeController.add()', 'POST', 1, 'admin', NULL, '/system/dict/type', '127.0.0.1', '内网IP', '{\"remark\":\"用户是否删除\",\"params\":{},\"dictType\":\"sys_user_del_flag\",\"createBy\":\"admin\",\"dictName\":\"用户删除状态\",\"status\":\"0\"}', '{\"msg\":\"操作成功\",\"code\":200}', 0, NULL, '2020-10-06 14:41:39');
INSERT INTO `sys_oper_log` VALUES (125, '字典数据', 1, 'cn.saberking.jvav.apm.web.controller.system.SysDictDataController.add()', 'POST', 1, 'admin', NULL, '/system/dict/data', '127.0.0.1', '内网IP', '{\"dictValue\":\"0\",\"dictSort\":0,\"remark\":\"用户存在\",\"params\":{},\"dictType\":\"sys_user_del_flag\",\"dictLabel\":\"存在\",\"createBy\":\"admin\",\"default\":false,\"status\":\"0\"}', '{\"msg\":\"操作成功\",\"code\":200}', 0, NULL, '2020-10-06 14:42:35');
INSERT INTO `sys_oper_log` VALUES (126, '字典数据', 1, 'cn.saberking.jvav.apm.web.controller.system.SysDictDataController.add()', 'POST', 1, 'admin', NULL, '/system/dict/data', '127.0.0.1', '内网IP', '{\"dictValue\":\"1\",\"dictSort\":1,\"remark\":\"用户已删除\",\"params\":{},\"dictType\":\"sys_user_del_flag\",\"dictLabel\":\"删除\",\"createBy\":\"admin\",\"default\":false,\"status\":\"0\"}', '{\"msg\":\"操作成功\",\"code\":200}', 0, NULL, '2020-10-06 14:43:21');
INSERT INTO `sys_oper_log` VALUES (127, '代码生成', 2, 'cn.saberking.jvav.apm.generator.controller.GenController.editSave()', 'PUT', 1, 'admin', NULL, '/tool/gen', '127.0.0.1', '内网IP', '{\"functionAuthor\":\"apm\",\"columns\":[{\"usableColumn\":false,\"columnId\":574,\"isIncrement\":\"1\",\"increment\":true,\"insert\":false,\"dictType\":\"\",\"required\":false,\"superColumn\":false,\"updateBy\":\"\",\"javaField\":\"userId\",\"htmlType\":\"input\",\"edit\":false,\"query\":false,\"columnComment\":\"用户ID\",\"sort\":1,\"list\":false,\"params\":{},\"javaType\":\"Long\",\"queryType\":\"EQ\",\"columnType\":\"bigint(20)\",\"createBy\":\"admin\",\"isPk\":\"1\",\"createTime\":1601963796000,\"tableId\":40,\"pk\":true,\"columnName\":\"user_id\"},{\"usableColumn\":false,\"columnId\":575,\"isIncrement\":\"0\",\"increment\":false,\"insert\":false,\"isList\":\"1\",\"dictType\":\"\",\"required\":false,\"superColumn\":false,\"updateBy\":\"\",\"javaField\":\"userName\",\"htmlType\":\"input\",\"edit\":false,\"query\":false,\"columnComment\":\"用户账号\",\"sort\":2,\"list\":true,\"params\":{},\"javaType\":\"String\",\"queryType\":\"LIKE\",\"columnType\":\"varchar(30)\",\"createBy\":\"admin\",\"isPk\":\"0\",\"createTime\":1601963796000,\"tableId\":40,\"pk\":false,\"columnName\":\"user_name\"},{\"usableColumn\":false,\"columnId\":576,\"isIncrement\":\"0\",\"increment\":false,\"insert\":false,\"isList\":\"1\",\"dictType\":\"\",\"required\":false,\"superColumn\":false,\"updateBy\":\"\",\"javaField\":\"nickName\",\"htmlType\":\"input\",\"edit\":false,\"query\":true,\"columnComment\":\"用户昵称\",\"isQuery\":\"1\",\"sort\":3,\"list\":true,\"params\":{},\"javaType\":\"String\",\"queryType\":\"LIKE\",\"columnType\":\"varchar(30)\",\"createBy\":\"admin\",\"isPk\":\"0\",\"createTime\":1601963796000,\"tableId\":40,\"pk\":false,\"columnName\":\"nick_name\"},{\"usableColumn\":false,\"columnId\":577,\"isIncrement\":\"0\",\"increment\":false,\"insert\":true,\"dictType\":\"\",\"required\":true,\"superColumn\":false,\"updateBy\":\"\",\"isInsert\":\"1\",\"isRequired\":\"1\",\"javaField\":\"userType\",\"htmlType\":\"select\",\"edit\":false,\"query\":false,\"columnComment\":\"用户类型（00普通用户）\",\"sort\":4,\"list\":false,\"params\":{},\"javaType\":\"String\",\"queryType\":\"EQ\",\"columnType\":\"varchar(2)\",\"createBy\":\"admin\",\"isPk\":\"0\",\"createTime\":1601963796000,\"tableId\":40,\"pk\":false,\"columnName\":\"user_type\"},{\"usableColumn\":false,\"columnId\":578,\"isIncrement\":\"0\",\"increment\":false,\"insert\":false,\"isList', '{\"msg\":\"操作成功\",\"code\":200}', 0, NULL, '2020-10-06 14:43:30');
INSERT INTO `sys_oper_log` VALUES (128, '字典数据', 2, 'cn.saberking.jvav.apm.web.controller.system.SysDictDataController.edit()', 'PUT', 1, 'admin', NULL, '/system/dict/data', '127.0.0.1', '内网IP', '{\"dictValue\":\"1\",\"dictSort\":1,\"remark\":\"禁用状态\",\"params\":{},\"dictType\":\"sys_user_status\",\"dictLabel\":\"禁用\",\"createBy\":\"admin\",\"default\":false,\"isDefault\":\"N\",\"createTime\":1601928367000,\"dictCode\":30,\"updateBy\":\"admin\",\"status\":\"0\"}', '{\"msg\":\"操作成功\",\"code\":200}', 0, NULL, '2020-10-06 14:44:05');
INSERT INTO `sys_oper_log` VALUES (129, '代码生成', 2, 'cn.saberking.jvav.apm.generator.controller.GenController.editSave()', 'PUT', 1, 'admin', NULL, '/tool/gen', '127.0.0.1', '内网IP', '{\"functionAuthor\":\"apm\",\"columns\":[{\"usableColumn\":false,\"columnId\":431,\"isIncrement\":\"1\",\"increment\":true,\"insert\":true,\"dictType\":\"\",\"required\":false,\"superColumn\":false,\"updateBy\":\"\",\"isInsert\":\"1\",\"javaField\":\"id\",\"htmlType\":\"input\",\"edit\":false,\"query\":false,\"columnComment\":\"订单ID\",\"updateTime\":1601966323000,\"sort\":1,\"list\":false,\"params\":{},\"javaType\":\"Integer\",\"queryType\":\"EQ\",\"columnType\":\"int(10) unsigned\",\"createBy\":\"admin\",\"isPk\":\"1\",\"createTime\":1601949481000,\"tableId\":30,\"pk\":true,\"columnName\":\"id\"},{\"usableColumn\":false,\"columnId\":432,\"isIncrement\":\"0\",\"increment\":false,\"insert\":true,\"isList\":\"1\",\"dictType\":\"\",\"required\":true,\"superColumn\":false,\"updateBy\":\"\",\"isInsert\":\"1\",\"isRequired\":\"1\",\"javaField\":\"orderId\",\"htmlType\":\"input\",\"edit\":true,\"query\":true,\"columnComment\":\"订单号\",\"isQuery\":\"1\",\"updateTime\":1601966323000,\"sort\":2,\"list\":true,\"params\":{},\"javaType\":\"String\",\"queryType\":\"EQ\",\"columnType\":\"varchar(32)\",\"createBy\":\"admin\",\"isPk\":\"0\",\"createTime\":1601949481000,\"isEdit\":\"1\",\"tableId\":30,\"pk\":false,\"columnName\":\"order_id\"},{\"usableColumn\":false,\"columnId\":433,\"isIncrement\":\"0\",\"increment\":false,\"insert\":true,\"dictType\":\"\",\"required\":false,\"superColumn\":false,\"updateBy\":\"\",\"isInsert\":\"1\",\"javaField\":\"extendOrderId\",\"htmlType\":\"input\",\"edit\":false,\"query\":false,\"columnComment\":\"额外订单号\",\"updateTime\":1601966323000,\"sort\":3,\"list\":false,\"params\":{},\"javaType\":\"String\",\"queryType\":\"EQ\",\"columnType\":\"varchar(32)\",\"createBy\":\"admin\",\"isPk\":\"0\",\"createTime\":1601949481000,\"tableId\":30,\"pk\":false,\"columnName\":\"extend_order_id\"},{\"usableColumn\":false,\"columnId\":434,\"isIncrement\":\"0\",\"increment\":false,\"insert\":true,\"dictType\":\"\",\"required\":false,\"superColumn\":false,\"updateBy\":\"\",\"isInsert\":\"1\",\"javaField\":\"userId\",\"htmlType\":\"input\",\"edit\":false,\"query\":false,\"columnComment\":\"用户id\",\"updateTime\":1601966323000,\"sort\":4,\"list\":false,\"params\":{},\"javaType\":\"Integer\",\"queryType\":\"EQ\",\"columnType\":\"int(10) unsigned\",\"createBy\":\"admin\",\"isPk\":\"0\",\"createTime\":16019494', '{\"msg\":\"操作成功\",\"code\":200}', 0, NULL, '2020-10-07 00:54:29');
INSERT INTO `sys_oper_log` VALUES (130, '代码生成', 8, 'cn.saberking.jvav.apm.generator.controller.GenController.batchGenCode()', 'GET', 1, 'admin', NULL, '/tool/gen/batchGenCode', '127.0.0.1', '内网IP', '{}', 'null', 0, NULL, '2020-10-07 00:54:34');
INSERT INTO `sys_oper_log` VALUES (131, '代码生成', 8, 'cn.saberking.jvav.apm.generator.controller.GenController.batchGenCode()', 'GET', 1, 'admin', NULL, '/tool/gen/batchGenCode', '127.0.0.1', '内网IP', '{}', 'null', 0, NULL, '2020-10-07 01:02:16');
INSERT INTO `sys_oper_log` VALUES (132, '代码生成', 8, 'cn.saberking.jvav.apm.generator.controller.GenController.batchGenCode()', 'GET', 1, 'admin', NULL, '/tool/gen/batchGenCode', '127.0.0.1', '内网IP', '{}', 'null', 0, NULL, '2020-10-07 01:02:21');
INSERT INTO `sys_oper_log` VALUES (133, '代码生成', 8, 'cn.saberking.jvav.apm.generator.controller.GenController.batchGenCode()', 'GET', 1, 'admin', NULL, '/tool/gen/batchGenCode', '127.0.0.1', '内网IP', '{}', 'null', 0, NULL, '2020-10-07 01:02:25');
INSERT INTO `sys_oper_log` VALUES (134, '代码生成', 2, 'cn.saberking.jvav.apm.generator.controller.GenController.editSave()', 'PUT', 1, 'admin', NULL, '/tool/gen', '127.0.0.1', '内网IP', '{\"functionAuthor\":\"apm\",\"columns\":[{\"usableColumn\":false,\"columnId\":431,\"isIncrement\":\"1\",\"increment\":true,\"insert\":true,\"dictType\":\"\",\"required\":false,\"superColumn\":false,\"updateBy\":\"\",\"isInsert\":\"1\",\"javaField\":\"id\",\"htmlType\":\"input\",\"edit\":false,\"query\":false,\"columnComment\":\"订单ID\",\"updateTime\":1602003269000,\"sort\":1,\"list\":false,\"params\":{},\"javaType\":\"Integer\",\"queryType\":\"EQ\",\"columnType\":\"int(10) unsigned\",\"createBy\":\"admin\",\"isPk\":\"1\",\"createTime\":1601949481000,\"tableId\":30,\"pk\":true,\"columnName\":\"id\"},{\"usableColumn\":false,\"columnId\":432,\"isIncrement\":\"0\",\"increment\":false,\"insert\":true,\"isList\":\"1\",\"dictType\":\"\",\"required\":true,\"superColumn\":false,\"updateBy\":\"\",\"isInsert\":\"1\",\"isRequired\":\"1\",\"javaField\":\"orderId\",\"htmlType\":\"input\",\"edit\":true,\"query\":true,\"columnComment\":\"订单号\",\"isQuery\":\"1\",\"updateTime\":1602003269000,\"sort\":2,\"list\":true,\"params\":{},\"javaType\":\"String\",\"queryType\":\"EQ\",\"columnType\":\"varchar(32)\",\"createBy\":\"admin\",\"isPk\":\"0\",\"createTime\":1601949481000,\"isEdit\":\"1\",\"tableId\":30,\"pk\":false,\"columnName\":\"order_id\"},{\"usableColumn\":false,\"columnId\":433,\"isIncrement\":\"0\",\"increment\":false,\"insert\":true,\"dictType\":\"\",\"required\":false,\"superColumn\":false,\"updateBy\":\"\",\"isInsert\":\"1\",\"javaField\":\"extendOrderId\",\"htmlType\":\"input\",\"edit\":false,\"query\":false,\"columnComment\":\"额外订单号\",\"updateTime\":1602003269000,\"sort\":3,\"list\":false,\"params\":{},\"javaType\":\"String\",\"queryType\":\"EQ\",\"columnType\":\"varchar(32)\",\"createBy\":\"admin\",\"isPk\":\"0\",\"createTime\":1601949481000,\"tableId\":30,\"pk\":false,\"columnName\":\"extend_order_id\"},{\"usableColumn\":false,\"columnId\":434,\"isIncrement\":\"0\",\"increment\":false,\"insert\":true,\"dictType\":\"\",\"required\":false,\"superColumn\":false,\"updateBy\":\"\",\"isInsert\":\"1\",\"javaField\":\"userId\",\"htmlType\":\"input\",\"edit\":false,\"query\":false,\"columnComment\":\"用户id\",\"updateTime\":1602003269000,\"sort\":4,\"list\":false,\"params\":{},\"javaType\":\"Integer\",\"queryType\":\"EQ\",\"columnType\":\"int(10) unsigned\",\"createBy\":\"admin\",\"isPk\":\"0\",\"createTime\":16019494', '{\"msg\":\"操作成功\",\"code\":200}', 0, NULL, '2020-10-07 01:12:17');
INSERT INTO `sys_oper_log` VALUES (135, '代码生成', 8, 'cn.saberking.jvav.apm.generator.controller.GenController.batchGenCode()', 'GET', 1, 'admin', NULL, '/tool/gen/batchGenCode', '127.0.0.1', '内网IP', '{}', 'null', 0, NULL, '2020-10-07 01:12:23');
INSERT INTO `sys_oper_log` VALUES (136, '代码生成', 2, 'cn.saberking.jvav.apm.generator.controller.GenController.editSave()', 'PUT', 1, 'admin', NULL, '/tool/gen', '127.0.0.1', '内网IP', '{\"functionAuthor\":\"apm\",\"columns\":[{\"usableColumn\":false,\"columnId\":490,\"isIncrement\":\"1\",\"increment\":true,\"insert\":true,\"dictType\":\"\",\"required\":false,\"superColumn\":false,\"updateBy\":\"\",\"isInsert\":\"1\",\"javaField\":\"id\",\"htmlType\":\"input\",\"edit\":false,\"query\":false,\"columnComment\":\"商品id\",\"sort\":1,\"list\":false,\"params\":{},\"javaType\":\"Integer\",\"queryType\":\"EQ\",\"columnType\":\"mediumint(9)\",\"createBy\":\"admin\",\"isPk\":\"1\",\"createTime\":1601949481000,\"tableId\":33,\"pk\":true,\"columnName\":\"id\"},{\"usableColumn\":false,\"columnId\":491,\"isIncrement\":\"0\",\"increment\":false,\"insert\":true,\"isList\":\"1\",\"dictType\":\"\",\"required\":false,\"superColumn\":false,\"updateBy\":\"\",\"isInsert\":\"1\",\"javaField\":\"merId\",\"htmlType\":\"input\",\"edit\":true,\"query\":true,\"columnComment\":\"商户Id(0为总后台管理员创建,不为0的时候是商户后台创建)\",\"isQuery\":\"1\",\"sort\":2,\"list\":true,\"params\":{},\"javaType\":\"Integer\",\"queryType\":\"EQ\",\"columnType\":\"int(10) unsigned\",\"createBy\":\"admin\",\"isPk\":\"0\",\"createTime\":1601949481000,\"isEdit\":\"1\",\"tableId\":33,\"pk\":false,\"columnName\":\"mer_id\"},{\"usableColumn\":false,\"columnId\":492,\"isIncrement\":\"0\",\"increment\":false,\"insert\":true,\"isList\":\"1\",\"dictType\":\"\",\"required\":true,\"superColumn\":false,\"updateBy\":\"\",\"isInsert\":\"1\",\"isRequired\":\"1\",\"javaField\":\"category\",\"htmlType\":\"input\",\"edit\":true,\"query\":true,\"columnComment\":\"某种类型的商品(普通商品、二手闲置商品)\",\"isQuery\":\"1\",\"sort\":3,\"list\":true,\"params\":{},\"javaType\":\"String\",\"queryType\":\"EQ\",\"columnType\":\"varchar(32)\",\"createBy\":\"admin\",\"isPk\":\"0\",\"createTime\":1601949481000,\"isEdit\":\"1\",\"tableId\":33,\"pk\":false,\"columnName\":\"category\"},{\"usableColumn\":false,\"columnId\":493,\"isIncrement\":\"0\",\"increment\":false,\"insert\":true,\"isList\":\"1\",\"dictType\":\"\",\"required\":true,\"superColumn\":false,\"updateBy\":\"\",\"isInsert\":\"1\",\"isRequired\":\"1\",\"javaField\":\"image\",\"htmlType\":\"input\",\"edit\":true,\"query\":true,\"columnComment\":\"商品图片\",\"isQuery\":\"1\",\"sort\":4,\"list\":true,\"params\":{},\"javaType\":\"String\",\"queryType\":\"EQ\",\"columnType\":\"varchar(256)\",\"createBy\":\"admin\",\"isPk\":\"0\",\"createTime\":1601949481000,\"is', '{\"msg\":\"操作成功\",\"code\":200}', 0, NULL, '2020-10-07 01:12:45');
INSERT INTO `sys_oper_log` VALUES (137, '代码生成', 8, 'cn.saberking.jvav.apm.generator.controller.GenController.batchGenCode()', 'GET', 1, 'admin', NULL, '/tool/gen/batchGenCode', '127.0.0.1', '内网IP', '{}', 'null', 0, NULL, '2020-10-07 01:12:57');
INSERT INTO `sys_oper_log` VALUES (138, '商品', 1, 'cn.saberking.jvav.apm.mall.controller.ApmStoreProductController.add()', 'POST', 1, 'admin', NULL, '/mall/product', '127.0.0.1', '内网IP', '{\"price\":12,\"storeName\":\"123\",\"id\":26,\"keyword\":\"123\",\"image\":\"1\",\"params\":{},\"sliderImage\":\"1\",\"codePath\":\"12\",\"cateId\":\"1\",\"storeInfo\":\"123\",\"category\":\"普通商品\"}', '{\"msg\":\"操作成功\",\"code\":200}', 0, NULL, '2020-10-07 01:22:50');
INSERT INTO `sys_oper_log` VALUES (139, '商品', 3, 'cn.saberking.jvav.apm.mall.controller.ApmStoreProductController.remove()', 'DELETE', 1, 'admin', NULL, '/mall/product/19,24,25,26', '127.0.0.1', '内网IP', '{ids=19,24,25,26}', '{\"msg\":\"操作成功\",\"code\":200}', 0, NULL, '2020-10-07 01:26:57');
INSERT INTO `sys_oper_log` VALUES (140, '订单', 2, 'cn.saberking.jvav.apm.mall.controller.ApmStoreOrderController.edit()', 'PUT', 1, 'admin', NULL, '/mall/order', '127.0.0.1', '内网IP', '{\"addTime\":1602032872000,\"isChannel\":0,\"orderId\":\"1001\",\"payTime\":1602033411000,\"userPhone\":\"17852674856\",\"useIntegral\":0,\"couponId\":1003,\"id\":1001,\"freightPrice\":18,\"refundPrice\":0,\"cartId\":\"10\",\"params\":{},\"userAddress\":\"山东\",\"gainIntegral\":0,\"isRemind\":0,\"totalPostage\":20,\"extendOrderId\":\"1001\",\"status\":0,\"totalPrice\":55,\"shippingType\":1,\"refundStatus\":0,\"deductionPrice\":123,\"isMerCheck\":0,\"deliverySn\":\"\",\"payPrice\":18,\"isSystemDel\":0,\"verifyCode\":\"\",\"storeId\":0,\"userId\":123456,\"realName\":\"admin\",\"payPostage\":55,\"totalNum\":1,\"paid\":123,\"couponPrice\":0,\"isDel\":0}', '{\"msg\":\"操作成功\",\"code\":200}', 0, NULL, '2020-10-07 01:48:15');
INSERT INTO `sys_oper_log` VALUES (141, '字典类型', 1, 'cn.saberking.jvav.apm.web.controller.system.SysDictTypeController.add()', 'POST', 1, 'admin', NULL, '/system/dict/type', '127.0.0.1', '内网IP', '{\"remark\":\"顾客支付状态\",\"params\":{},\"dictType\":\"pay_status\",\"createBy\":\"admin\",\"dictName\":\"支付状态\",\"status\":\"0\"}', '{\"msg\":\"操作成功\",\"code\":200}', 0, NULL, '2020-10-07 01:54:27');
INSERT INTO `sys_oper_log` VALUES (142, '字典数据', 1, 'cn.saberking.jvav.apm.web.controller.system.SysDictDataController.add()', 'POST', 1, 'admin', NULL, '/system/dict/data', '127.0.0.1', '内网IP', '{\"dictValue\":\"0\",\"dictSort\":0,\"remark\":\"已支付\",\"params\":{},\"dictType\":\"pay_status\",\"dictLabel\":\"正常\",\"createBy\":\"admin\",\"default\":false,\"status\":\"0\"}', '{\"msg\":\"操作成功\",\"code\":200}', 0, NULL, '2020-10-07 01:55:46');
INSERT INTO `sys_oper_log` VALUES (143, '字典数据', 1, 'cn.saberking.jvav.apm.web.controller.system.SysDictDataController.add()', 'POST', 1, 'admin', NULL, '/system/dict/data', '127.0.0.1', '内网IP', '{\"dictValue\":\"1\",\"dictSort\":0,\"remark\":\"未支付\",\"params\":{},\"dictType\":\"pay_status\",\"dictLabel\":\"正常\",\"createBy\":\"admin\",\"default\":false,\"status\":\"0\"}', '{\"msg\":\"操作成功\",\"code\":200}', 0, NULL, '2020-10-07 01:56:02');
INSERT INTO `sys_oper_log` VALUES (144, '字典类型', 1, 'cn.saberking.jvav.apm.web.controller.system.SysDictTypeController.add()', 'POST', 1, 'admin', NULL, '/system/dict/type', '127.0.0.1', '内网IP', '{\"remark\":\"退款状态\",\"params\":{},\"dictType\":\"money_status\",\"createBy\":\"admin\",\"dictName\":\"退款状态\",\"status\":\"0\"}', '{\"msg\":\"操作成功\",\"code\":200}', 0, NULL, '2020-10-07 02:00:35');
INSERT INTO `sys_oper_log` VALUES (145, '字典数据', 1, 'cn.saberking.jvav.apm.web.controller.system.SysDictDataController.add()', 'POST', 1, 'admin', NULL, '/system/dict/data', '127.0.0.1', '内网IP', '{\"dictValue\":\"0\",\"dictSort\":0,\"remark\":\"未退款\",\"params\":{},\"dictType\":\"money_status\",\"dictLabel\":\"正常\",\"createBy\":\"admin\",\"default\":false,\"status\":\"0\"}', '{\"msg\":\"操作成功\",\"code\":200}', 0, NULL, '2020-10-07 02:01:17');
INSERT INTO `sys_oper_log` VALUES (146, '字典数据', 1, 'cn.saberking.jvav.apm.web.controller.system.SysDictDataController.add()', 'POST', 1, 'admin', NULL, '/system/dict/data', '127.0.0.1', '内网IP', '{\"dictValue\":\"1\",\"dictSort\":0,\"remark\":\"申请中\",\"params\":{},\"dictType\":\"money_status\",\"dictLabel\":\"正常\",\"createBy\":\"admin\",\"default\":false,\"status\":\"0\"}', '{\"msg\":\"操作成功\",\"code\":200}', 0, NULL, '2020-10-07 02:01:32');
INSERT INTO `sys_oper_log` VALUES (147, '字典数据', 1, 'cn.saberking.jvav.apm.web.controller.system.SysDictDataController.add()', 'POST', 1, 'admin', NULL, '/system/dict/data', '127.0.0.1', '内网IP', '{\"dictValue\":\"2\",\"dictSort\":0,\"remark\":\"已退款\",\"params\":{},\"dictType\":\"money_status\",\"dictLabel\":\"正常\",\"createBy\":\"admin\",\"default\":false,\"status\":\"0\"}', '{\"msg\":\"操作成功\",\"code\":200}', 0, NULL, '2020-10-07 02:01:54');
INSERT INTO `sys_oper_log` VALUES (148, '字典类型', 1, 'cn.saberking.jvav.apm.web.controller.system.SysDictTypeController.add()', 'POST', 1, 'admin', NULL, '/system/dict/type', '127.0.0.1', '内网IP', '{\"remark\":\"支付渠道\",\"params\":{},\"dictType\":\"payment_channels\",\"createBy\":\"admin\",\"dictName\":\"支付渠道\",\"status\":\"0\"}', '{\"msg\":\"操作成功\",\"code\":200}', 0, NULL, '2020-10-07 02:04:32');
INSERT INTO `sys_oper_log` VALUES (149, '字典数据', 1, 'cn.saberking.jvav.apm.web.controller.system.SysDictDataController.add()', 'POST', 1, 'admin', NULL, '/system/dict/data', '127.0.0.1', '内网IP', '{\"dictValue\":\"0\",\"dictSort\":0,\"remark\":\"微信公众号\",\"params\":{},\"dictType\":\"payment_channels\",\"dictLabel\":\"正常\",\"createBy\":\"admin\",\"default\":false,\"status\":\"0\"}', '{\"msg\":\"操作成功\",\"code\":200}', 0, NULL, '2020-10-07 02:04:58');
INSERT INTO `sys_oper_log` VALUES (150, '字典数据', 1, 'cn.saberking.jvav.apm.web.controller.system.SysDictDataController.add()', 'POST', 1, 'admin', NULL, '/system/dict/data', '127.0.0.1', '内网IP', '{\"dictValue\":\"1\",\"dictSort\":0,\"remark\":\"微信小程序\",\"params\":{},\"dictType\":\"payment_channels\",\"dictLabel\":\"正常\",\"createBy\":\"admin\",\"default\":false,\"status\":\"0\"}', '{\"msg\":\"操作成功\",\"code\":200}', 0, NULL, '2020-10-07 02:05:16');
INSERT INTO `sys_oper_log` VALUES (151, '字典类型', 1, 'cn.saberking.jvav.apm.web.controller.system.SysDictTypeController.add()', 'POST', 1, 'admin', NULL, '/system/dict/type', '127.0.0.1', '内网IP', '{\"remark\":\"配送方式\",\"params\":{},\"dictType\":\" dstribution_mode\",\"createBy\":\"admin\",\"dictName\":\"配送方式\",\"status\":\"0\"}', '{\"msg\":\"操作成功\",\"code\":200}', 0, NULL, '2020-10-07 02:08:25');
INSERT INTO `sys_oper_log` VALUES (152, '字典数据', 1, 'cn.saberking.jvav.apm.web.controller.system.SysDictDataController.add()', 'POST', 1, 'admin', NULL, '/system/dict/data', '127.0.0.1', '内网IP', '{\"dictValue\":\"0\",\"dictSort\":0,\"remark\":\"配送\",\"params\":{},\"dictType\":\" dstribution_mode\",\"dictLabel\":\"正常\",\"createBy\":\"admin\",\"default\":false,\"status\":\"0\"}', '{\"msg\":\"操作成功\",\"code\":200}', 0, NULL, '2020-10-07 02:11:16');
INSERT INTO `sys_oper_log` VALUES (153, '字典数据', 1, 'cn.saberking.jvav.apm.web.controller.system.SysDictDataController.add()', 'POST', 1, 'admin', NULL, '/system/dict/data', '127.0.0.1', '内网IP', '{\"dictValue\":\"0\",\"dictSort\":0,\"remark\":\"配送\",\"params\":{},\"dictType\":\" dstribution_mode\",\"dictLabel\":\"正常\",\"createBy\":\"admin\",\"default\":false,\"status\":\"0\"}', '{\"msg\":\"操作成功\",\"code\":200}', 0, NULL, '2020-10-07 02:11:41');
INSERT INTO `sys_oper_log` VALUES (154, '代码生成', 2, 'cn.saberking.jvav.apm.generator.controller.GenController.editSave()', 'PUT', 1, 'admin', NULL, '/tool/gen', '127.0.0.1', '内网IP', '{\"functionAuthor\":\"apm\",\"columns\":[{\"usableColumn\":false,\"columnId\":431,\"isIncrement\":\"1\",\"increment\":true,\"insert\":true,\"dictType\":\"\",\"required\":false,\"superColumn\":false,\"updateBy\":\"\",\"isInsert\":\"1\",\"javaField\":\"id\",\"htmlType\":\"input\",\"edit\":false,\"query\":false,\"columnComment\":\"订单ID\",\"updateTime\":1602004337000,\"sort\":1,\"list\":false,\"params\":{},\"javaType\":\"Integer\",\"queryType\":\"EQ\",\"columnType\":\"int(10) unsigned\",\"createBy\":\"admin\",\"isPk\":\"1\",\"createTime\":1601949481000,\"tableId\":30,\"pk\":true,\"columnName\":\"id\"},{\"usableColumn\":false,\"columnId\":432,\"isIncrement\":\"0\",\"increment\":false,\"insert\":true,\"isList\":\"1\",\"dictType\":\"\",\"required\":true,\"superColumn\":false,\"updateBy\":\"\",\"isInsert\":\"1\",\"isRequired\":\"1\",\"javaField\":\"orderId\",\"htmlType\":\"input\",\"edit\":true,\"query\":true,\"columnComment\":\"订单号\",\"isQuery\":\"1\",\"updateTime\":1602004337000,\"sort\":2,\"list\":true,\"params\":{},\"javaType\":\"String\",\"queryType\":\"EQ\",\"columnType\":\"varchar(32)\",\"createBy\":\"admin\",\"isPk\":\"0\",\"createTime\":1601949481000,\"isEdit\":\"1\",\"tableId\":30,\"pk\":false,\"columnName\":\"order_id\"},{\"usableColumn\":false,\"columnId\":433,\"isIncrement\":\"0\",\"increment\":false,\"insert\":true,\"dictType\":\"\",\"required\":false,\"superColumn\":false,\"updateBy\":\"\",\"isInsert\":\"1\",\"javaField\":\"extendOrderId\",\"htmlType\":\"input\",\"edit\":false,\"query\":false,\"columnComment\":\"额外订单号\",\"updateTime\":1602004337000,\"sort\":3,\"list\":false,\"params\":{},\"javaType\":\"String\",\"queryType\":\"EQ\",\"columnType\":\"varchar(32)\",\"createBy\":\"admin\",\"isPk\":\"0\",\"createTime\":1601949481000,\"tableId\":30,\"pk\":false,\"columnName\":\"extend_order_id\"},{\"usableColumn\":false,\"columnId\":434,\"isIncrement\":\"0\",\"increment\":false,\"insert\":true,\"dictType\":\"\",\"required\":false,\"superColumn\":false,\"updateBy\":\"\",\"isInsert\":\"1\",\"javaField\":\"userId\",\"htmlType\":\"input\",\"edit\":false,\"query\":false,\"columnComment\":\"用户id\",\"updateTime\":1602004337000,\"sort\":4,\"list\":false,\"params\":{},\"javaType\":\"Integer\",\"queryType\":\"EQ\",\"columnType\":\"int(10) unsigned\",\"createBy\":\"admin\",\"isPk\":\"0\",\"createTime\":16019494', '{\"msg\":\"操作成功\",\"code\":200}', 0, NULL, '2020-10-07 02:13:28');
INSERT INTO `sys_oper_log` VALUES (155, '代码生成', 8, 'cn.saberking.jvav.apm.generator.controller.GenController.batchGenCode()', 'GET', 1, 'admin', NULL, '/tool/gen/batchGenCode', '127.0.0.1', '内网IP', '{}', 'null', 0, NULL, '2020-10-07 02:13:35');
INSERT INTO `sys_oper_log` VALUES (156, '订单', 2, 'cn.saberking.jvav.apm.mall.controller.ApmStoreOrderController.edit()', 'PUT', 1, 'admin', NULL, '/mall/order', '127.0.0.1', '内网IP', '{\"addTime\":1602032872000,\"isChannel\":0,\"orderId\":\"1001\",\"payTime\":1602033411000,\"userPhone\":\"17852674856\",\"useIntegral\":0,\"couponId\":1003,\"id\":1001,\"freightPrice\":18,\"refundPrice\":0,\"cartId\":\"10\",\"params\":{},\"userAddress\":\"山东\",\"gainIntegral\":0,\"isRemind\":0,\"totalPostage\":20,\"extendOrderId\":\"1001\",\"status\":0,\"totalPrice\":55,\"shippingType\":1,\"refundStatus\":0,\"remark\":\"好的\",\"deductionPrice\":123,\"isMerCheck\":0,\"deliverySn\":\"\",\"payPrice\":18,\"isSystemDel\":0,\"verifyCode\":\"\",\"storeId\":0,\"userId\":123456,\"realName\":\"admin\",\"payPostage\":55,\"totalNum\":1,\"paid\":123,\"couponPrice\":0,\"isDel\":0}', '{\"msg\":\"操作成功\",\"code\":200}', 0, NULL, '2020-10-07 02:22:34');
INSERT INTO `sys_oper_log` VALUES (157, '订单', 2, 'cn.saberking.jvav.apm.mall.controller.ApmStoreOrderController.edit()', 'PUT', 1, 'admin', NULL, '/mall/order', '127.0.0.1', '内网IP', '{\"addTime\":1602032872000,\"isChannel\":0,\"orderId\":\"1001\",\"payTime\":1602033411000,\"userPhone\":\"17852674856\",\"useIntegral\":0,\"couponId\":1003,\"deliveryId\":\"1001\",\"id\":1001,\"freightPrice\":18,\"refundPrice\":1000,\"cartId\":\"10\",\"params\":{},\"userAddress\":\"山东\",\"gainIntegral\":0,\"isRemind\":0,\"totalPostage\":20,\"extendOrderId\":\"1001\",\"status\":0,\"totalPrice\":55,\"shippingType\":1,\"refundStatus\":0,\"remark\":\"好的\",\"deductionPrice\":123,\"isMerCheck\":0,\"deliverySn\":\"1001\",\"payPrice\":18,\"isSystemDel\":0,\"verifyCode\":\"\",\"storeId\":0,\"userId\":123456,\"realName\":\"admin\",\"refundReasonWap\":\"不要了\",\"payPostage\":55,\"totalNum\":1,\"paid\":123,\"couponPrice\":0,\"isDel\":0,\"mark\":\"无\"}', '{\"msg\":\"操作成功\",\"code\":200}', 0, NULL, '2020-10-07 02:28:36');
INSERT INTO `sys_oper_log` VALUES (158, '订单', 2, 'cn.saberking.jvav.apm.mall.controller.ApmStoreOrderController.edit()', 'PUT', 1, 'admin', NULL, '/mall/order', '127.0.0.1', '内网IP', '{\"addTime\":1602032872000,\"isChannel\":0,\"orderId\":\"1001\",\"payTime\":1602033411000,\"userPhone\":\"17852674856\",\"useIntegral\":0,\"couponId\":1003,\"deliveryId\":\"1001\",\"id\":1001,\"freightPrice\":18,\"refundPrice\":1000,\"cartId\":\"10\",\"params\":{},\"userAddress\":\"山东\",\"gainIntegral\":0,\"isRemind\":0,\"totalPostage\":20,\"extendOrderId\":\"1002\",\"status\":0,\"totalPrice\":55,\"shippingType\":1,\"refundStatus\":0,\"remark\":\"好的\",\"deductionPrice\":123,\"isMerCheck\":0,\"deliverySn\":\"1001\",\"payPrice\":18,\"isSystemDel\":0,\"verifyCode\":\"\",\"storeId\":0,\"userId\":123456,\"realName\":\"admin\",\"refundReasonWap\":\"不要了\",\"payPostage\":55,\"totalNum\":1,\"paid\":123,\"couponPrice\":0,\"isDel\":0,\"mark\":\"无\"}', '{\"msg\":\"操作成功\",\"code\":200}', 0, NULL, '2020-10-07 02:29:32');
INSERT INTO `sys_oper_log` VALUES (159, '订单', 2, 'cn.saberking.jvav.apm.mall.controller.ApmStoreOrderController.edit()', 'PUT', 1, 'admin', NULL, '/mall/order', '127.0.0.1', '内网IP', '{\"isChannel\":0,\"orderId\":\"1002\",\"payTime\":1602033415000,\"userPhone\":\"17852674856\",\"useIntegral\":0,\"couponId\":1005,\"id\":1002,\"freightPrice\":18,\"refundPrice\":0,\"cartId\":\"1\",\"params\":{},\"userAddress\":\"山东\",\"gainIntegral\":0,\"isRemind\":0,\"totalPostage\":20,\"extendOrderId\":\"1001\",\"status\":0,\"totalPrice\":55,\"shippingType\":1,\"refundStatus\":0,\"deductionPrice\":123,\"isMerCheck\":0,\"deliverySn\":\"\",\"payPrice\":18,\"isSystemDel\":0,\"verifyCode\":\"\",\"storeId\":0,\"userId\":123456,\"realName\":\"admin\",\"payPostage\":55,\"totalNum\":1,\"paid\":1,\"couponPrice\":0,\"isDel\":0}', '{\"msg\":\"操作成功\",\"code\":200}', 0, NULL, '2020-10-07 02:51:51');
INSERT INTO `sys_oper_log` VALUES (160, '订单', 1, 'cn.saberking.jvav.apm.mall.controller.ApmStoreOrderController.add()', 'POST', 1, 'admin', NULL, '/mall/order', '127.0.0.1', '内网IP', '{\"params\":{},\"status\":0,\"refundStatus\":0}', 'null', 1, '\r\n### Error updating database.  Cause: java.sql.SQLException: Field \'order_id\' doesn\'t have a default value\r\n### The error may involve cn.saberking.jvav.apm.mall.mapper.ApmStoreOrderMapper.insertApmStoreOrder-Inline\r\n### The error occurred while setting parameters\r\n### SQL: insert into apm_store_order          ( `status`,             refund_status )           values ( ?,             ? )\r\n### Cause: java.sql.SQLException: Field \'order_id\' doesn\'t have a default value\n; Field \'order_id\' doesn\'t have a default value; nested exception is java.sql.SQLException: Field \'order_id\' doesn\'t have a default value', '2020-10-07 02:51:56');
INSERT INTO `sys_oper_log` VALUES (161, '订单', 5, 'cn.saberking.jvav.apm.mall.controller.ApmStoreOrderController.export()', 'GET', 1, 'admin', NULL, '/mall/order/export', '127.0.0.1', '内网IP', '{}', '{\"msg\":\"9800576e-463e-464c-9a82-8820eb8cb2dd_order.xlsx\",\"code\":200}', 0, NULL, '2020-10-07 02:57:41');
INSERT INTO `sys_oper_log` VALUES (162, '代码生成', 2, 'cn.saberking.jvav.apm.generator.controller.GenController.editSave()', 'PUT', 1, 'admin', NULL, '/tool/gen', '127.0.0.1', '内网IP', '{\"functionAuthor\":\"apm\",\"columns\":[{\"usableColumn\":false,\"columnId\":574,\"isIncrement\":\"1\",\"increment\":true,\"insert\":false,\"dictType\":\"\",\"required\":false,\"superColumn\":false,\"updateBy\":\"\",\"javaField\":\"userId\",\"htmlType\":\"input\",\"edit\":false,\"query\":false,\"columnComment\":\"用户ID\",\"updateTime\":1601966610000,\"sort\":1,\"list\":false,\"params\":{},\"javaType\":\"Long\",\"queryType\":\"EQ\",\"columnType\":\"bigint(20)\",\"createBy\":\"admin\",\"isPk\":\"1\",\"createTime\":1601963796000,\"tableId\":40,\"pk\":true,\"columnName\":\"user_id\"},{\"usableColumn\":false,\"columnId\":575,\"isIncrement\":\"0\",\"increment\":false,\"insert\":false,\"isList\":\"1\",\"dictType\":\"\",\"required\":false,\"superColumn\":false,\"updateBy\":\"\",\"javaField\":\"userName\",\"htmlType\":\"input\",\"edit\":false,\"query\":false,\"columnComment\":\"用户账号\",\"updateTime\":1601966610000,\"sort\":2,\"list\":true,\"params\":{},\"javaType\":\"String\",\"queryType\":\"EQ\",\"columnType\":\"varchar(30)\",\"createBy\":\"admin\",\"isPk\":\"0\",\"createTime\":1601963796000,\"tableId\":40,\"pk\":false,\"columnName\":\"user_name\"},{\"usableColumn\":false,\"columnId\":576,\"isIncrement\":\"0\",\"increment\":false,\"insert\":false,\"isList\":\"1\",\"dictType\":\"\",\"required\":false,\"superColumn\":false,\"updateBy\":\"\",\"javaField\":\"nickName\",\"htmlType\":\"input\",\"edit\":false,\"query\":true,\"columnComment\":\"用户昵称\",\"isQuery\":\"1\",\"updateTime\":1601966610000,\"sort\":3,\"list\":true,\"params\":{},\"javaType\":\"String\",\"queryType\":\"LIKE\",\"columnType\":\"varchar(30)\",\"createBy\":\"admin\",\"isPk\":\"0\",\"createTime\":1601963796000,\"tableId\":40,\"pk\":false,\"columnName\":\"nick_name\"},{\"usableColumn\":false,\"columnId\":577,\"isIncrement\":\"0\",\"increment\":false,\"insert\":true,\"dictType\":\"sys_user_type\",\"required\":true,\"superColumn\":false,\"updateBy\":\"\",\"isInsert\":\"1\",\"isRequired\":\"1\",\"javaField\":\"userType\",\"htmlType\":\"select\",\"edit\":false,\"query\":false,\"columnComment\":\"用户类型（00普通用户）\",\"updateTime\":1601966610000,\"sort\":4,\"list\":false,\"params\":{},\"javaType\":\"String\",\"queryType\":\"EQ\",\"columnType\":\"varchar(2)\",\"createBy\":\"admin\",\"isPk\":\"0\",\"createTime\":1601963796000,\"tableId\":40,\"pk\":false,\"c', '{\"msg\":\"操作成功\",\"code\":200}', 0, NULL, '2020-10-07 03:11:11');
INSERT INTO `sys_oper_log` VALUES (163, '代码生成', 2, 'cn.saberking.jvav.apm.generator.controller.GenController.editSave()', 'PUT', 1, 'admin', NULL, '/tool/gen', '127.0.0.1', '内网IP', '{\"functionAuthor\":\"apm\",\"columns\":[{\"usableColumn\":false,\"columnId\":574,\"isIncrement\":\"1\",\"increment\":true,\"insert\":false,\"dictType\":\"\",\"required\":false,\"superColumn\":false,\"updateBy\":\"\",\"javaField\":\"userId\",\"htmlType\":\"input\",\"edit\":false,\"query\":false,\"columnComment\":\"用户ID\",\"updateTime\":1602011471000,\"sort\":1,\"list\":false,\"params\":{},\"javaType\":\"Long\",\"queryType\":\"EQ\",\"columnType\":\"bigint(20)\",\"createBy\":\"admin\",\"isPk\":\"1\",\"createTime\":1601963796000,\"tableId\":40,\"pk\":true,\"columnName\":\"user_id\"},{\"usableColumn\":false,\"columnId\":575,\"isIncrement\":\"0\",\"increment\":false,\"insert\":false,\"isList\":\"1\",\"dictType\":\"\",\"required\":false,\"superColumn\":false,\"updateBy\":\"\",\"javaField\":\"userName\",\"htmlType\":\"input\",\"edit\":false,\"query\":false,\"columnComment\":\"用户账号\",\"updateTime\":1602011471000,\"sort\":2,\"list\":true,\"params\":{},\"javaType\":\"String\",\"queryType\":\"EQ\",\"columnType\":\"varchar(30)\",\"createBy\":\"admin\",\"isPk\":\"0\",\"createTime\":1601963796000,\"tableId\":40,\"pk\":false,\"columnName\":\"user_name\"},{\"usableColumn\":false,\"columnId\":576,\"isIncrement\":\"0\",\"increment\":false,\"insert\":false,\"isList\":\"1\",\"dictType\":\"\",\"required\":false,\"superColumn\":false,\"updateBy\":\"\",\"javaField\":\"nickName\",\"htmlType\":\"input\",\"edit\":false,\"query\":true,\"columnComment\":\"用户昵称\",\"isQuery\":\"1\",\"updateTime\":1602011471000,\"sort\":3,\"list\":true,\"params\":{},\"javaType\":\"String\",\"queryType\":\"LIKE\",\"columnType\":\"varchar(30)\",\"createBy\":\"admin\",\"isPk\":\"0\",\"createTime\":1601963796000,\"tableId\":40,\"pk\":false,\"columnName\":\"nick_name\"},{\"usableColumn\":false,\"columnId\":577,\"isIncrement\":\"0\",\"increment\":false,\"insert\":true,\"dictType\":\"sys_user_type\",\"required\":true,\"superColumn\":false,\"updateBy\":\"\",\"isInsert\":\"1\",\"isRequired\":\"1\",\"javaField\":\"userType\",\"htmlType\":\"select\",\"edit\":false,\"query\":false,\"columnComment\":\"用户类型（00普通用户）\",\"updateTime\":1602011471000,\"sort\":4,\"list\":false,\"params\":{},\"javaType\":\"String\",\"queryType\":\"EQ\",\"columnType\":\"varchar(2)\",\"createBy\":\"admin\",\"isPk\":\"0\",\"createTime\":1601963796000,\"tableId\":40,\"pk\":false,\"c', '{\"msg\":\"操作成功\",\"code\":200}', 0, NULL, '2020-10-07 03:12:11');
INSERT INTO `sys_oper_log` VALUES (164, '代码生成', 8, 'cn.saberking.jvav.apm.generator.controller.GenController.batchGenCode()', 'GET', 1, 'admin', NULL, '/tool/gen/batchGenCode', '127.0.0.1', '内网IP', '{}', 'null', 0, NULL, '2020-10-07 03:12:17');
INSERT INTO `sys_oper_log` VALUES (165, '代码生成', 3, 'cn.saberking.jvav.apm.generator.controller.GenController.remove()', 'DELETE', 1, 'admin', NULL, '/tool/gen/28', '127.0.0.1', '内网IP', '{tableIds=28}', '{\"msg\":\"操作成功\",\"code\":200}', 0, NULL, '2020-10-07 03:16:38');
INSERT INTO `sys_oper_log` VALUES (166, '代码生成', 2, 'cn.saberking.jvav.apm.generator.controller.GenController.editSave()', 'PUT', 1, 'admin', NULL, '/tool/gen', '127.0.0.1', '内网IP', '{\"functionAuthor\":\"apm\",\"columns\":[{\"usableColumn\":false,\"columnId\":479,\"isIncrement\":\"1\",\"increment\":true,\"insert\":true,\"dictType\":\"\",\"required\":false,\"superColumn\":false,\"updateBy\":\"\",\"isInsert\":\"1\",\"javaField\":\"id\",\"htmlType\":\"input\",\"edit\":false,\"query\":false,\"sort\":1,\"list\":false,\"params\":{},\"javaType\":\"Integer\",\"queryType\":\"EQ\",\"columnType\":\"int(10) unsigned\",\"createBy\":\"admin\",\"isPk\":\"1\",\"createTime\":1601949481000,\"tableId\":31,\"pk\":true,\"columnName\":\"id\"},{\"usableColumn\":false,\"columnId\":480,\"isIncrement\":\"0\",\"increment\":false,\"insert\":true,\"isList\":\"1\",\"dictType\":\"\",\"required\":true,\"superColumn\":false,\"updateBy\":\"\",\"isInsert\":\"1\",\"isRequired\":\"1\",\"javaField\":\"orderId\",\"htmlType\":\"input\",\"edit\":true,\"query\":true,\"columnComment\":\"订单id\",\"isQuery\":\"1\",\"sort\":2,\"list\":true,\"params\":{},\"javaType\":\"Integer\",\"queryType\":\"EQ\",\"columnType\":\"int(10) unsigned\",\"createBy\":\"admin\",\"isPk\":\"0\",\"createTime\":1601949481000,\"isEdit\":\"1\",\"tableId\":31,\"pk\":false,\"columnName\":\"order_id\"},{\"usableColumn\":false,\"columnId\":481,\"isIncrement\":\"0\",\"increment\":false,\"insert\":true,\"isList\":\"1\",\"dictType\":\"\",\"required\":true,\"superColumn\":false,\"updateBy\":\"\",\"isInsert\":\"1\",\"isRequired\":\"1\",\"javaField\":\"cartId\",\"htmlType\":\"input\",\"edit\":true,\"query\":false,\"columnComment\":\"购物车id\",\"sort\":3,\"list\":true,\"params\":{},\"javaType\":\"Integer\",\"queryType\":\"EQ\",\"columnType\":\"int(10) unsigned\",\"createBy\":\"admin\",\"isPk\":\"0\",\"createTime\":1601949481000,\"isEdit\":\"1\",\"tableId\":31,\"pk\":false,\"columnName\":\"cart_id\"},{\"usableColumn\":false,\"columnId\":482,\"isIncrement\":\"0\",\"increment\":false,\"insert\":true,\"isList\":\"1\",\"dictType\":\"\",\"required\":true,\"superColumn\":false,\"updateBy\":\"\",\"isInsert\":\"1\",\"isRequired\":\"1\",\"javaField\":\"productId\",\"htmlType\":\"input\",\"edit\":true,\"query\":false,\"columnComment\":\"商品ID\",\"sort\":4,\"list\":true,\"params\":{},\"javaType\":\"Integer\",\"queryType\":\"EQ\",\"columnType\":\"int(10) unsigned\",\"createBy\":\"admin\",\"isPk\":\"0\",\"createTime\":1601949481000,\"isEdit\":\"1\",\"tableId\":31,\"pk\":false,\"columnName\":\"produc', '{\"msg\":\"操作成功\",\"code\":200}', 0, NULL, '2020-10-07 03:39:30');
INSERT INTO `sys_oper_log` VALUES (167, '代码生成', 8, 'cn.saberking.jvav.apm.generator.controller.GenController.batchGenCode()', 'GET', 1, 'admin', NULL, '/tool/gen/batchGenCode', '127.0.0.1', '内网IP', '{}', 'null', 0, NULL, '2020-10-07 03:39:38');
INSERT INTO `sys_oper_log` VALUES (168, '代码生成', 8, 'cn.saberking.jvav.apm.generator.controller.GenController.batchGenCode()', 'GET', 1, 'admin', NULL, '/tool/gen/batchGenCode', '127.0.0.1', '内网IP', '{}', 'null', 0, NULL, '2020-10-07 03:42:38');
INSERT INTO `sys_oper_log` VALUES (169, '代码生成', 8, 'cn.saberking.jvav.apm.generator.controller.GenController.batchGenCode()', 'GET', 1, 'admin', NULL, '/tool/gen/batchGenCode', '127.0.0.1', '内网IP', '{}', 'null', 0, NULL, '2020-10-07 03:42:45');
INSERT INTO `sys_oper_log` VALUES (170, '代码生成', 8, 'cn.saberking.jvav.apm.generator.controller.GenController.batchGenCode()', 'GET', 1, 'admin', NULL, '/tool/gen/batchGenCode', '127.0.0.1', '内网IP', '{}', 'null', 0, NULL, '2020-10-07 03:43:50');
INSERT INTO `sys_oper_log` VALUES (171, '代码生成', 2, 'cn.saberking.jvav.apm.generator.controller.GenController.editSave()', 'PUT', 1, 'admin', NULL, '/tool/gen', '127.0.0.1', '内网IP', '{\"functionAuthor\":\"apm\",\"columns\":[{\"usableColumn\":false,\"columnId\":479,\"isIncrement\":\"1\",\"increment\":true,\"insert\":true,\"dictType\":\"\",\"required\":false,\"superColumn\":false,\"updateBy\":\"\",\"isInsert\":\"1\",\"javaField\":\"id\",\"htmlType\":\"input\",\"edit\":false,\"query\":false,\"updateTime\":1602013170000,\"sort\":1,\"list\":false,\"params\":{},\"javaType\":\"Integer\",\"queryType\":\"EQ\",\"columnType\":\"int(10) unsigned\",\"createBy\":\"admin\",\"isPk\":\"1\",\"createTime\":1601949481000,\"tableId\":31,\"pk\":true,\"columnName\":\"id\"},{\"usableColumn\":false,\"columnId\":480,\"isIncrement\":\"0\",\"increment\":false,\"insert\":true,\"isList\":\"1\",\"dictType\":\"\",\"required\":true,\"superColumn\":false,\"updateBy\":\"\",\"isInsert\":\"1\",\"isRequired\":\"1\",\"javaField\":\"orderId\",\"htmlType\":\"input\",\"edit\":true,\"query\":true,\"columnComment\":\"订单id\",\"isQuery\":\"1\",\"updateTime\":1602013170000,\"sort\":2,\"list\":true,\"params\":{},\"javaType\":\"Integer\",\"queryType\":\"EQ\",\"columnType\":\"int(10) unsigned\",\"createBy\":\"admin\",\"isPk\":\"0\",\"createTime\":1601949481000,\"isEdit\":\"1\",\"tableId\":31,\"pk\":false,\"columnName\":\"order_id\"},{\"usableColumn\":false,\"columnId\":481,\"isIncrement\":\"0\",\"increment\":false,\"insert\":true,\"isList\":\"1\",\"dictType\":\"\",\"required\":true,\"superColumn\":false,\"updateBy\":\"\",\"isInsert\":\"1\",\"isRequired\":\"1\",\"javaField\":\"cartId\",\"htmlType\":\"input\",\"edit\":true,\"query\":false,\"columnComment\":\"购物车id\",\"updateTime\":1602013170000,\"sort\":3,\"list\":true,\"params\":{},\"javaType\":\"Integer\",\"queryType\":\"EQ\",\"columnType\":\"int(10) unsigned\",\"createBy\":\"admin\",\"isPk\":\"0\",\"createTime\":1601949481000,\"isEdit\":\"1\",\"tableId\":31,\"pk\":false,\"columnName\":\"cart_id\"},{\"usableColumn\":false,\"columnId\":482,\"isIncrement\":\"0\",\"increment\":false,\"insert\":true,\"isList\":\"1\",\"dictType\":\"\",\"required\":true,\"superColumn\":false,\"updateBy\":\"\",\"isInsert\":\"1\",\"isRequired\":\"1\",\"javaField\":\"productId\",\"htmlType\":\"input\",\"edit\":true,\"query\":false,\"columnComment\":\"商品ID\",\"updateTime\":1602013170000,\"sort\":4,\"list\":true,\"params\":{},\"javaType\":\"Integer\",\"queryType\":\"EQ\",\"columnType\":\"int(10) unsigned\",\"creat', '{\"msg\":\"操作成功\",\"code\":200}', 0, NULL, '2020-10-07 03:46:18');
INSERT INTO `sys_oper_log` VALUES (172, '代码生成', 8, 'cn.saberking.jvav.apm.generator.controller.GenController.batchGenCode()', 'GET', 1, 'admin', NULL, '/tool/gen/batchGenCode', '127.0.0.1', '内网IP', '{}', 'null', 0, NULL, '2020-10-07 03:46:37');
INSERT INTO `sys_oper_log` VALUES (173, '代码生成', 8, 'cn.saberking.jvav.apm.generator.controller.GenController.batchGenCode()', 'GET', 1, 'admin', NULL, '/tool/gen/batchGenCode', '127.0.0.1', '内网IP', '{}', 'null', 0, NULL, '2020-10-07 03:46:41');
INSERT INTO `sys_oper_log` VALUES (174, '订单', 2, 'cn.saberking.jvav.apm.mall.controller.ApmStoreOrderController.edit()', 'PUT', 1, 'admin', NULL, '/mall/order', '127.0.0.1', '内网IP', '{\"addTime\":1602032872000,\"isChannel\":0,\"orderId\":\"1001\",\"payTime\":1602033411000,\"userPhone\":\"17852674856\",\"useIntegral\":0,\"couponId\":1003,\"deliveryId\":\"1001\",\"id\":1001,\"freightPrice\":18,\"refundPrice\":1000,\"cartId\":\"10\",\"params\":{},\"userAddress\":\"山东\",\"gainIntegral\":0,\"isRemind\":0,\"totalPostage\":20,\"extendOrderId\":\"1002\",\"status\":0,\"totalPrice\":55,\"shippingType\":1,\"refundStatus\":0,\"remark\":\"好的\",\"deductionPrice\":123,\"isMerCheck\":0,\"deliverySn\":\"1001\",\"payPrice\":18,\"isSystemDel\":0,\"verifyCode\":\"\",\"storeId\":0,\"userId\":123456,\"realName\":\"admin\",\"refundReasonWap\":\"不要了\",\"payPostage\":55,\"totalNum\":1,\"paid\":0,\"couponPrice\":0,\"isDel\":0,\"mark\":\"无\"}', '{\"msg\":\"操作成功\",\"code\":200}', 0, NULL, '2020-10-07 04:03:28');
INSERT INTO `sys_oper_log` VALUES (175, '代码生成', 2, 'cn.saberking.jvav.apm.generator.controller.GenController.editSave()', 'PUT', 1, 'admin', NULL, '/tool/gen', '127.0.0.1', '内网IP', '{\"functionAuthor\":\"apm\",\"columns\":[{\"usableColumn\":false,\"columnId\":485,\"isIncrement\":\"1\",\"increment\":true,\"insert\":true,\"dictType\":\"\",\"required\":false,\"superColumn\":false,\"updateBy\":\"\",\"isInsert\":\"1\",\"javaField\":\"id\",\"htmlType\":\"input\",\"edit\":false,\"query\":false,\"sort\":1,\"list\":false,\"params\":{},\"javaType\":\"Integer\",\"queryType\":\"EQ\",\"columnType\":\"int(10) unsigned\",\"createBy\":\"admin\",\"isPk\":\"1\",\"createTime\":1601949481000,\"tableId\":32,\"pk\":true,\"columnName\":\"id\"},{\"usableColumn\":false,\"columnId\":486,\"isIncrement\":\"0\",\"increment\":false,\"insert\":true,\"isList\":\"1\",\"dictType\":\"\",\"required\":true,\"superColumn\":false,\"updateBy\":\"\",\"isInsert\":\"1\",\"isRequired\":\"1\",\"javaField\":\"oid\",\"htmlType\":\"input\",\"edit\":true,\"query\":true,\"columnComment\":\"订单id\",\"isQuery\":\"1\",\"sort\":2,\"list\":true,\"params\":{},\"javaType\":\"Integer\",\"queryType\":\"EQ\",\"columnType\":\"int(10) unsigned\",\"createBy\":\"admin\",\"isPk\":\"0\",\"createTime\":1601949481000,\"isEdit\":\"1\",\"tableId\":32,\"pk\":false,\"columnName\":\"oid\"},{\"usableColumn\":false,\"columnId\":487,\"isIncrement\":\"0\",\"increment\":false,\"insert\":true,\"isList\":\"1\",\"dictType\":\"\",\"required\":true,\"superColumn\":false,\"updateBy\":\"\",\"isInsert\":\"1\",\"isRequired\":\"1\",\"javaField\":\"changeType\",\"htmlType\":\"select\",\"edit\":true,\"query\":false,\"columnComment\":\"操作类型\",\"sort\":3,\"list\":true,\"params\":{},\"javaType\":\"String\",\"queryType\":\"EQ\",\"columnType\":\"varchar(32)\",\"createBy\":\"admin\",\"isPk\":\"0\",\"createTime\":1601949481000,\"isEdit\":\"1\",\"tableId\":32,\"pk\":false,\"columnName\":\"change_type\"},{\"usableColumn\":false,\"columnId\":488,\"isIncrement\":\"0\",\"increment\":false,\"insert\":true,\"isList\":\"1\",\"dictType\":\"\",\"required\":true,\"superColumn\":false,\"updateBy\":\"\",\"isInsert\":\"1\",\"isRequired\":\"1\",\"javaField\":\"changeMessage\",\"htmlType\":\"input\",\"edit\":true,\"query\":false,\"columnComment\":\"操作备注\",\"sort\":4,\"list\":true,\"params\":{},\"javaType\":\"String\",\"queryType\":\"EQ\",\"columnType\":\"varchar(256)\",\"createBy\":\"admin\",\"isPk\":\"0\",\"createTime\":1601949481000,\"isEdit\":\"1\",\"tableId\":32,\"pk\":false,\"columnName\":\"change_message', '{\"msg\":\"操作成功\",\"code\":200}', 0, NULL, '2020-10-07 04:06:37');
INSERT INTO `sys_oper_log` VALUES (176, '代码生成', 8, 'cn.saberking.jvav.apm.generator.controller.GenController.batchGenCode()', 'GET', 1, 'admin', NULL, '/tool/gen/batchGenCode', '127.0.0.1', '内网IP', '{}', 'null', 0, NULL, '2020-10-07 04:06:41');
INSERT INTO `sys_oper_log` VALUES (177, '菜单管理', 2, 'cn.saberking.jvav.apm.web.controller.system.SysMenuController.edit()', 'PUT', 1, 'admin', NULL, '/system/menu', '127.0.0.1', '内网IP', '{\"visible\":\"0\",\"icon\":\"user-circle\",\"orderNum\":\"1\",\"menuName\":\"用户信息\",\"params\":{},\"parentId\":1061,\"isCache\":\"0\",\"path\":\"user\",\"component\":\"mall/user/index\",\"children\":[],\"createTime\":1519833600000,\"updateBy\":\"admin\",\"isFrame\":\"1\",\"menuId\":1062,\"menuType\":\"C\",\"perms\":\"mall:user:list\",\"status\":\"0\"}', '{\"msg\":\"操作成功\",\"code\":200}', 0, NULL, '2020-10-07 06:06:41');
INSERT INTO `sys_oper_log` VALUES (178, '代码生成', 2, 'cn.saberking.jvav.apm.generator.controller.GenController.synchDb()', 'GET', 1, 'admin', NULL, '/tool/gen/synchDb/apm_user', '127.0.0.1', '内网IP', '{tableName=apm_user}', '{\"msg\":\"操作成功\",\"code\":200}', 0, NULL, '2020-10-07 06:14:44');
INSERT INTO `sys_oper_log` VALUES (179, '代码生成', 2, 'cn.saberking.jvav.apm.generator.controller.GenController.editSave()', 'PUT', 1, 'admin', NULL, '/tool/gen', '127.0.0.1', '内网IP', '{\"functionAuthor\":\"apm\",\"columns\":[{\"usableColumn\":false,\"columnId\":574,\"isIncrement\":\"1\",\"increment\":true,\"insert\":false,\"dictType\":\"\",\"required\":false,\"superColumn\":false,\"updateBy\":\"\",\"javaField\":\"userId\",\"htmlType\":\"input\",\"edit\":false,\"query\":false,\"columnComment\":\"用户ID\",\"updateTime\":1602011531000,\"sort\":1,\"list\":false,\"params\":{},\"javaType\":\"Long\",\"queryType\":\"EQ\",\"columnType\":\"bigint(20)\",\"createBy\":\"admin\",\"isPk\":\"1\",\"createTime\":1601963796000,\"tableId\":40,\"pk\":true,\"columnName\":\"user_id\"},{\"usableColumn\":false,\"columnId\":575,\"isIncrement\":\"0\",\"increment\":false,\"insert\":false,\"isList\":\"1\",\"dictType\":\"\",\"required\":false,\"superColumn\":false,\"updateBy\":\"\",\"javaField\":\"userName\",\"htmlType\":\"input\",\"edit\":false,\"query\":false,\"columnComment\":\"用户账号\",\"updateTime\":1602011531000,\"sort\":2,\"list\":true,\"params\":{},\"javaType\":\"String\",\"queryType\":\"EQ\",\"columnType\":\"varchar(30)\",\"createBy\":\"admin\",\"isPk\":\"0\",\"createTime\":1601963796000,\"tableId\":40,\"pk\":false,\"columnName\":\"user_name\"},{\"usableColumn\":false,\"columnId\":576,\"isIncrement\":\"0\",\"increment\":false,\"insert\":false,\"isList\":\"1\",\"dictType\":\"\",\"required\":false,\"superColumn\":false,\"updateBy\":\"\",\"javaField\":\"nickName\",\"htmlType\":\"input\",\"edit\":false,\"query\":true,\"columnComment\":\"用户昵称\",\"isQuery\":\"1\",\"updateTime\":1602011531000,\"sort\":3,\"list\":true,\"params\":{},\"javaType\":\"String\",\"queryType\":\"LIKE\",\"columnType\":\"varchar(30)\",\"createBy\":\"admin\",\"isPk\":\"0\",\"createTime\":1601963796000,\"tableId\":40,\"pk\":false,\"columnName\":\"nick_name\"},{\"usableColumn\":false,\"columnId\":577,\"isIncrement\":\"0\",\"increment\":false,\"insert\":true,\"dictType\":\"sys_user_type\",\"required\":true,\"superColumn\":false,\"updateBy\":\"\",\"isInsert\":\"1\",\"isRequired\":\"1\",\"javaField\":\"userType\",\"htmlType\":\"select\",\"edit\":false,\"query\":false,\"columnComment\":\"用户类型（00普通用户）\",\"updateTime\":1602011531000,\"sort\":4,\"list\":false,\"params\":{},\"javaType\":\"String\",\"queryType\":\"EQ\",\"columnType\":\"varchar(2)\",\"createBy\":\"admin\",\"isPk\":\"0\",\"createTime\":1601963796000,\"tableId\":40,\"pk\":false,\"c', '{\"msg\":\"操作成功\",\"code\":200}', 0, NULL, '2020-10-07 06:21:21');
INSERT INTO `sys_oper_log` VALUES (180, '商品', 1, 'cn.saberking.jvav.apm.mall.controller.ApmStoreProductController.add()', 'POST', 1, 'admin', NULL, '/mall/product', '127.0.0.1', '内网IP', '{\"price\":123,\"storeName\":\"123\",\"id\":1,\"keyword\":\"123\",\"image\":\"123\",\"params\":{},\"sliderImage\":\"123\",\"barCode\":\"\",\"codePath\":\"123\",\"cateId\":\"1\",\"storeInfo\":\"123\",\"category\":\"普通商品\"}', '{\"msg\":\"操作成功\",\"code\":200}', 0, NULL, '2020-10-07 07:27:32');
INSERT INTO `sys_oper_log` VALUES (181, '代码生成', 3, 'cn.saberking.jvav.apm.generator.controller.GenController.remove()', 'DELETE', 1, 'admin', NULL, '/tool/gen/40', '127.0.0.1', '内网IP', '{tableIds=40}', '{\"msg\":\"操作成功\",\"code\":200}', 0, NULL, '2020-10-07 07:49:05');
INSERT INTO `sys_oper_log` VALUES (182, '代码生成', 3, 'cn.saberking.jvav.apm.generator.controller.GenController.remove()', 'DELETE', 1, 'admin', NULL, '/tool/gen/38', '127.0.0.1', '内网IP', '{tableIds=38}', '{\"msg\":\"操作成功\",\"code\":200}', 0, NULL, '2020-10-07 07:49:37');
INSERT INTO `sys_oper_log` VALUES (183, '代码生成', 3, 'cn.saberking.jvav.apm.generator.controller.GenController.remove()', 'DELETE', 1, 'admin', NULL, '/tool/gen/39', '127.0.0.1', '内网IP', '{tableIds=39}', '{\"msg\":\"操作成功\",\"code\":200}', 0, NULL, '2020-10-07 07:49:41');
INSERT INTO `sys_oper_log` VALUES (184, '代码生成', 6, 'cn.saberking.jvav.apm.generator.controller.GenController.importTableSave()', 'POST', 1, 'admin', NULL, '/tool/gen/importTable', '127.0.0.1', '内网IP', 'apm_user,apm_user_address,apm_user_bill', '{\"msg\":\"操作成功\",\"code\":200}', 0, NULL, '2020-10-07 07:50:39');
INSERT INTO `sys_oper_log` VALUES (185, '代码生成', 2, 'cn.saberking.jvav.apm.generator.controller.GenController.editSave()', 'PUT', 1, 'admin', NULL, '/tool/gen', '127.0.0.1', '内网IP', '{\"functionAuthor\":\"apm\",\"columns\":[{\"usableColumn\":false,\"columnId\":600,\"isIncrement\":\"1\",\"increment\":true,\"insert\":false,\"dictType\":\"\",\"required\":false,\"superColumn\":false,\"updateBy\":\"\",\"javaField\":\"userId\",\"htmlType\":\"input\",\"edit\":false,\"query\":false,\"columnComment\":\"用户ID\",\"sort\":1,\"list\":false,\"params\":{},\"javaType\":\"Long\",\"queryType\":\"EQ\",\"columnType\":\"bigint(20)\",\"createBy\":\"admin\",\"isPk\":\"1\",\"createTime\":1602028239000,\"tableId\":41,\"pk\":true,\"columnName\":\"user_id\"},{\"usableColumn\":false,\"columnId\":601,\"isIncrement\":\"0\",\"increment\":false,\"insert\":false,\"isList\":\"1\",\"dictType\":\"\",\"required\":true,\"superColumn\":false,\"updateBy\":\"\",\"isRequired\":\"1\",\"javaField\":\"userName\",\"htmlType\":\"input\",\"edit\":false,\"query\":false,\"columnComment\":\"用户账号\",\"sort\":2,\"list\":true,\"params\":{},\"javaType\":\"String\",\"queryType\":\"EQ\",\"columnType\":\"varchar(30)\",\"createBy\":\"admin\",\"isPk\":\"0\",\"createTime\":1602028239000,\"tableId\":41,\"pk\":false,\"columnName\":\"user_name\"},{\"usableColumn\":false,\"columnId\":602,\"isIncrement\":\"0\",\"increment\":false,\"insert\":false,\"isList\":\"1\",\"dictType\":\"\",\"required\":true,\"superColumn\":false,\"updateBy\":\"\",\"isRequired\":\"1\",\"javaField\":\"nickName\",\"htmlType\":\"input\",\"edit\":false,\"query\":true,\"columnComment\":\"用户昵称\",\"isQuery\":\"1\",\"sort\":3,\"list\":true,\"params\":{},\"javaType\":\"String\",\"queryType\":\"LIKE\",\"columnType\":\"varchar(30)\",\"createBy\":\"admin\",\"isPk\":\"0\",\"createTime\":1602028239000,\"tableId\":41,\"pk\":false,\"columnName\":\"nick_name\"},{\"usableColumn\":false,\"columnId\":603,\"isIncrement\":\"0\",\"increment\":false,\"insert\":true,\"dictType\":\"sys_user_type\",\"required\":true,\"superColumn\":false,\"updateBy\":\"\",\"isInsert\":\"1\",\"isRequired\":\"1\",\"javaField\":\"userType\",\"htmlType\":\"select\",\"edit\":false,\"query\":false,\"columnComment\":\"用户类型（00普通用户）\",\"sort\":4,\"list\":false,\"params\":{},\"javaType\":\"String\",\"queryType\":\"EQ\",\"columnType\":\"varchar(2)\",\"createBy\":\"admin\",\"isPk\":\"0\",\"createTime\":1602028239000,\"tableId\":41,\"pk\":false,\"columnName\":\"user_type\"},{\"usableColumn\":false,\"columnId\":604,\"isIncrement\":\"', '{\"msg\":\"操作成功\",\"code\":200}', 0, NULL, '2020-10-07 08:05:31');
INSERT INTO `sys_oper_log` VALUES (186, '代码生成', 8, 'cn.saberking.jvav.apm.generator.controller.GenController.batchGenCode()', 'GET', 1, 'admin', NULL, '/tool/gen/batchGenCode', '127.0.0.1', '内网IP', '{}', 'null', 0, NULL, '2020-10-07 08:05:53');
INSERT INTO `sys_oper_log` VALUES (187, '用户管理', 2, 'cn.saberking.jvav.apm.mall.controller.ApmUserController.edit()', 'PUT', 1, 'admin', NULL, '/mall/user', '127.0.0.1', '内网IP', '{\"loginType\":\"\",\"delFlag\":\"0\",\"password\":\"123456\",\"updateBy\":\"\",\"integral\":0,\"loginIp\":\"\",\"payCount\":2,\"email\":\"\",\"address\":\"\",\"level\":0,\"nickName\":\"张开喜\",\"sex\":\"0\",\"updateTime\":1602058718295,\"avatar\":\"\",\"params\":{},\"userName\":\"zhangkaixi\",\"userId\":1,\"realName\":\"\",\"signNum\":0,\"phoneNumber\":\"15265457891\",\"createTime\":1601533884000,\"cardId\":\"\",\"userType\":\"01\",\"status\":\"0\"}', '{\"msg\":\"操作成功\",\"code\":200}', 0, NULL, '2020-10-07 08:18:38');
INSERT INTO `sys_oper_log` VALUES (188, '代码生成', 2, 'cn.saberking.jvav.apm.generator.controller.GenController.synchDb()', 'GET', 1, 'admin', NULL, '/tool/gen/synchDb/apm_user', '127.0.0.1', '内网IP', '{tableName=apm_user}', '{\"msg\":\"操作成功\",\"code\":200}', 0, NULL, '2020-10-07 08:22:43');
INSERT INTO `sys_oper_log` VALUES (189, '字典数据', 2, 'cn.saberking.jvav.apm.web.controller.system.SysDictDataController.edit()', 'PUT', 1, 'admin', NULL, '/system/dict/data', '127.0.0.1', '内网IP', '{\"dictValue\":\"app\",\"dictSort\":1,\"remark\":\"通过手机APP登录\",\"params\":{},\"dictType\":\"sys_user_login_type\",\"dictLabel\":\"移动端\",\"createBy\":\"admin\",\"default\":false,\"isDefault\":\"N\",\"createTime\":1601928716000,\"dictCode\":32,\"updateBy\":\"admin\",\"status\":\"0\"}', '{\"msg\":\"操作成功\",\"code\":200}', 0, NULL, '2020-10-07 08:45:20');
INSERT INTO `sys_oper_log` VALUES (190, '字典数据', 2, 'cn.saberking.jvav.apm.web.controller.system.SysDictDataController.edit()', 'PUT', 1, 'admin', NULL, '/system/dict/data', '127.0.0.1', '内网IP', '{\"dictValue\":\"web\",\"dictSort\":0,\"remark\":\"通过网站登录\",\"params\":{},\"dictType\":\"sys_user_login_type\",\"dictLabel\":\"网站\",\"createBy\":\"admin\",\"default\":false,\"isDefault\":\"N\",\"createTime\":1601928672000,\"dictCode\":31,\"updateBy\":\"admin\",\"status\":\"0\"}', '{\"msg\":\"操作成功\",\"code\":200}', 0, NULL, '2020-10-07 08:45:28');
INSERT INTO `sys_oper_log` VALUES (191, '字典数据', 2, 'cn.saberking.jvav.apm.web.controller.system.SysDictDataController.edit()', 'PUT', 1, 'admin', NULL, '/system/dict/data', '127.0.0.1', '内网IP', '{\"dictValue\":\"app\",\"dictSort\":1,\"remark\":\"通过移动端应用登录，如：手机APP\",\"params\":{},\"dictType\":\"sys_user_login_type\",\"dictLabel\":\"移动端\",\"createBy\":\"admin\",\"default\":false,\"isDefault\":\"N\",\"createTime\":1601928716000,\"dictCode\":32,\"updateBy\":\"admin\",\"status\":\"0\"}', '{\"msg\":\"操作成功\",\"code\":200}', 0, NULL, '2020-10-07 08:46:06');
INSERT INTO `sys_oper_log` VALUES (192, '菜单管理', 1, 'cn.saberking.jvav.apm.web.controller.system.SysMenuController.add()', 'POST', 1, 'admin', NULL, '/system/menu', '127.0.0.1', '内网IP', '{\"visible\":\"0\",\"orderNum\":\"6\",\"menuName\":\"用户密码重置\",\"params\":{},\"parentId\":1062,\"isCache\":\"0\",\"createBy\":\"admin\",\"children\":[],\"isFrame\":\"1\",\"menuType\":\"F\",\"perms\":\"mall:user:resetPwd\",\"status\":\"0\"}', '{\"msg\":\"操作成功\",\"code\":200}', 0, NULL, '2020-10-07 14:00:53');
INSERT INTO `sys_oper_log` VALUES (193, '菜单管理', 2, 'cn.saberking.jvav.apm.web.controller.system.SysMenuController.edit()', 'PUT', 1, 'admin', NULL, '/system/menu', '127.0.0.1', '内网IP', '{\"visible\":\"0\",\"icon\":\"#\",\"orderNum\":\"6\",\"menuName\":\"重置密码\",\"params\":{},\"parentId\":1062,\"isCache\":\"0\",\"path\":\"\",\"children\":[],\"createTime\":1602050453000,\"updateBy\":\"admin\",\"isFrame\":\"1\",\"menuId\":1083,\"menuType\":\"F\",\"perms\":\"mall:user:resetPwd\",\"status\":\"0\"}', '{\"msg\":\"操作成功\",\"code\":200}', 0, NULL, '2020-10-07 14:01:13');
INSERT INTO `sys_oper_log` VALUES (194, '菜单管理', 2, 'cn.saberking.jvav.apm.web.controller.system.SysMenuController.edit()', 'PUT', 1, 'admin', NULL, '/system/menu', '127.0.0.1', '内网IP', '{\"visible\":\"0\",\"icon\":\"#\",\"orderNum\":\"1\",\"menuName\":\"用户查询\",\"params\":{},\"parentId\":1062,\"isCache\":\"0\",\"path\":\"#\",\"component\":\"\",\"children\":[],\"createTime\":1519833600000,\"updateBy\":\"admin\",\"isFrame\":\"1\",\"menuId\":1063,\"menuType\":\"F\",\"perms\":\"mall:user:query\",\"status\":\"0\"}', '{\"msg\":\"操作成功\",\"code\":200}', 0, NULL, '2020-10-07 14:01:19');
INSERT INTO `sys_oper_log` VALUES (195, '菜单管理', 2, 'cn.saberking.jvav.apm.web.controller.system.SysMenuController.edit()', 'PUT', 1, 'admin', NULL, '/system/menu', '127.0.0.1', '内网IP', '{\"visible\":\"0\",\"icon\":\"#\",\"orderNum\":\"2\",\"menuName\":\"用户新增\",\"params\":{},\"parentId\":1062,\"isCache\":\"0\",\"path\":\"#\",\"component\":\"\",\"children\":[],\"createTime\":1519833600000,\"updateBy\":\"admin\",\"isFrame\":\"1\",\"menuId\":1064,\"menuType\":\"F\",\"perms\":\"mall:user:add\",\"status\":\"0\"}', '{\"msg\":\"操作成功\",\"code\":200}', 0, NULL, '2020-10-07 14:01:26');
INSERT INTO `sys_oper_log` VALUES (196, '菜单管理', 2, 'cn.saberking.jvav.apm.web.controller.system.SysMenuController.edit()', 'PUT', 1, 'admin', NULL, '/system/menu', '127.0.0.1', '内网IP', '{\"visible\":\"0\",\"icon\":\"#\",\"orderNum\":\"3\",\"menuName\":\"用户修改\",\"params\":{},\"parentId\":1062,\"isCache\":\"0\",\"path\":\"#\",\"component\":\"\",\"children\":[],\"createTime\":1519833600000,\"updateBy\":\"admin\",\"isFrame\":\"1\",\"menuId\":1065,\"menuType\":\"F\",\"perms\":\"mall:user:edit\",\"status\":\"0\"}', '{\"msg\":\"操作成功\",\"code\":200}', 0, NULL, '2020-10-07 14:01:32');
INSERT INTO `sys_oper_log` VALUES (197, '菜单管理', 2, 'cn.saberking.jvav.apm.web.controller.system.SysMenuController.edit()', 'PUT', 1, 'admin', NULL, '/system/menu', '127.0.0.1', '内网IP', '{\"visible\":\"0\",\"icon\":\"#\",\"orderNum\":\"4\",\"menuName\":\"用户删除\",\"params\":{},\"parentId\":1062,\"isCache\":\"0\",\"path\":\"#\",\"component\":\"\",\"children\":[],\"createTime\":1519833600000,\"updateBy\":\"admin\",\"isFrame\":\"1\",\"menuId\":1066,\"menuType\":\"F\",\"perms\":\"mall:user:remove\",\"status\":\"0\"}', '{\"msg\":\"操作成功\",\"code\":200}', 0, NULL, '2020-10-07 14:01:38');
INSERT INTO `sys_oper_log` VALUES (198, '菜单管理', 2, 'cn.saberking.jvav.apm.web.controller.system.SysMenuController.edit()', 'PUT', 1, 'admin', NULL, '/system/menu', '127.0.0.1', '内网IP', '{\"visible\":\"0\",\"icon\":\"#\",\"orderNum\":\"5\",\"menuName\":\"用户导出\",\"params\":{},\"parentId\":1062,\"isCache\":\"0\",\"path\":\"#\",\"component\":\"\",\"children\":[],\"createTime\":1519833600000,\"updateBy\":\"admin\",\"isFrame\":\"1\",\"menuId\":1067,\"menuType\":\"F\",\"perms\":\"mall:user:export\",\"status\":\"0\"}', '{\"msg\":\"操作成功\",\"code\":200}', 0, NULL, '2020-10-07 14:01:46');
INSERT INTO `sys_oper_log` VALUES (199, '菜单管理', 2, 'cn.saberking.jvav.apm.web.controller.system.SysMenuController.edit()', 'PUT', 1, 'admin', NULL, '/system/menu', '127.0.0.1', '内网IP', '{\"visible\":\"0\",\"icon\":\"user-circle\",\"orderNum\":\"1\",\"menuName\":\"用户管理\",\"params\":{},\"parentId\":1061,\"isCache\":\"0\",\"path\":\"user\",\"component\":\"mall/user/index\",\"children\":[],\"createTime\":1519833600000,\"updateBy\":\"admin\",\"isFrame\":\"1\",\"menuId\":1062,\"menuType\":\"C\",\"perms\":\"mall:user:list\",\"status\":\"0\"}', '{\"msg\":\"操作成功\",\"code\":200}', 0, NULL, '2020-10-07 14:02:03');
INSERT INTO `sys_oper_log` VALUES (200, '菜单管理', 2, 'cn.saberking.jvav.apm.web.controller.system.SysMenuController.edit()', 'PUT', 1, 'admin', NULL, '/system/menu', '127.0.0.1', '内网IP', '{\"visible\":\"0\",\"icon\":\"nested\",\"orderNum\":\"4\",\"menuName\":\"商城管理\",\"params\":{},\"parentId\":0,\"isCache\":\"0\",\"path\":\"business\",\"children\":[],\"createTime\":1601883107000,\"updateBy\":\"admin\",\"isFrame\":\"1\",\"menuId\":1061,\"menuType\":\"M\",\"perms\":\"\",\"status\":\"0\"}', '{\"msg\":\"操作成功\",\"code\":200}', 0, NULL, '2020-10-07 14:02:20');
INSERT INTO `sys_oper_log` VALUES (201, '商城用户管理', 2, 'cn.saberking.jvav.apm.mall.controller.ApmUserController.resetPwd()', 'PUT', 1, 'admin', NULL, '/mall/user/resetPwd', '127.0.0.1', '内网IP', '{\"password\":\"123456\",\"params\":{},\"userId\":1}', 'null', 1, '用户ID不能为空', '2020-10-07 14:06:20');
INSERT INTO `sys_oper_log` VALUES (202, '商城用户管理', 2, 'cn.saberking.jvav.apm.mall.controller.ApmUserController.resetPwd()', 'PUT', 1, 'admin', NULL, '/mall/user/resetPwd', '127.0.0.1', '内网IP', '{\"password\":\"$2a$10$6MYvszV6EH7ATdLPUjk0ReRfXHdJPR9iYKCzfWMWEp7wQOE3U2XA.\",\"updateBy\":\"admin\",\"params\":{},\"userId\":1}', '{\"msg\":\"操作成功\",\"code\":200}', 0, NULL, '2020-10-07 14:10:20');
INSERT INTO `sys_oper_log` VALUES (203, '商城用户管理', 2, 'cn.saberking.jvav.apm.mall.controller.ApmUserController.edit()', 'PUT', 1, 'admin', NULL, '/mall/user', '127.0.0.1', '内网IP', '{\"loginType\":\"web\",\"delFlag\":\"0\",\"password\":\"$2a$10$6MYvszV6EH7ATdLPUjk0ReRfXHdJPR9iYKCzfWMWEp7wQOE3U2XA.\",\"updateBy\":\"admin\",\"integral\":0,\"loginIp\":\"\",\"payCount\":2,\"email\":\"\",\"address\":\"\",\"level\":0,\"nickName\":\"张开喜\",\"sex\":\"0\",\"updateTime\":1602080019091,\"avatar\":\"\",\"params\":{},\"userName\":\"zhangkaixi\",\"userId\":1,\"realName\":\"\",\"signNum\":0,\"phoneNumber\":\"152654578911\",\"createTime\":1601533884000,\"cardId\":\"\",\"userType\":\"01\",\"status\":\"0\"}', 'null', 1, '\r\n### Error updating database.  Cause: com.mysql.cj.jdbc.exceptions.MysqlDataTruncation: Data truncation: Data too long for column \'phonenumber\' at row 1\r\n### The error may involve cn.saberking.jvav.apm.mall.mapper.ApmUserMapper.updateApmUser-Inline\r\n### The error occurred while setting parameters\r\n### SQL: update apm_user          SET user_name = ?,             nick_name = ?,             user_type = ?,             email = ?,             phonenumber = ?,             sex = ?,             avatar = ?,             password = ?,             status = ?,             del_flag = ?,             login_ip = ?,                          update_by = ?,             real_name = ?,                          card_id = ?,             integral = ?,             sign_num = ?,             level = ?,             pay_count = ?,             address = ?,             login_type = ?,                          update_time = sysdate()          where user_id = ?\r\n### Cause: com.mysql.cj.jdbc.exceptions.MysqlDataTruncation: Data truncation: Data too long for column \'phonenumber\' at row 1\n; Data truncation: Data too long for column \'phonenumber\' at row 1; nested exception is com.mysql.cj.jdbc.exceptions.MysqlDataTruncation: Data truncation: Data too long for column \'phonenumber\' at row 1', '2020-10-07 14:13:40');
INSERT INTO `sys_oper_log` VALUES (204, '商城用户管理', 2, 'cn.saberking.jvav.apm.mall.controller.ApmUserController.edit()', 'PUT', 1, 'admin', NULL, '/mall/user', '127.0.0.1', '内网IP', '{\"loginType\":\"web\",\"delFlag\":\"0\",\"password\":\"$2a$10$6MYvszV6EH7ATdLPUjk0ReRfXHdJPR9iYKCzfWMWEp7wQOE3U2XA.\",\"updateBy\":\"admin\",\"integral\":0,\"loginIp\":\"\",\"payCount\":2,\"email\":\"\",\"address\":\"\",\"level\":0,\"nickName\":\"张开喜\",\"sex\":\"0\",\"updateTime\":1602080333449,\"avatar\":\"\",\"params\":{},\"userName\":\"zhangkaixi\",\"userId\":1,\"realName\":\"\",\"signNum\":0,\"phoneNumber\":\"15265457892\",\"createTime\":1601533884000,\"cardId\":\"\",\"userType\":\"01\",\"status\":\"0\"}', '{\"msg\":\"操作成功\",\"code\":200}', 0, NULL, '2020-10-07 14:18:53');
INSERT INTO `sys_oper_log` VALUES (205, '商城用户管理', 2, 'cn.saberking.jvav.apm.mall.controller.ApmUserController.edit()', 'PUT', 1, 'admin', NULL, '/mall/user', '127.0.0.1', '内网IP', '{\"loginType\":\"web\",\"delFlag\":\"0\",\"password\":\"$2a$10$6MYvszV6EH7ATdLPUjk0ReRfXHdJPR9iYKCzfWMWEp7wQOE3U2XA.\",\"updateBy\":\"admin\",\"integral\":0,\"loginIp\":\"\",\"payCount\":2,\"email\":\"\",\"address\":\"\",\"level\":0,\"nickName\":\"张开喜\",\"sex\":\"0\",\"updateTime\":1602081225095,\"avatar\":\"\",\"params\":{},\"userName\":\"zhangkaixi\",\"userId\":1,\"realName\":\"\",\"signNum\":0,\"phoneNumber\":\"123456789\",\"createTime\":1601533884000,\"cardId\":\"\",\"userType\":\"01\",\"status\":\"0\"}', '{\"msg\":\"操作成功\",\"code\":200}', 0, NULL, '2020-10-07 14:33:44');
INSERT INTO `sys_oper_log` VALUES (206, '商城用户管理', 2, 'cn.saberking.jvav.apm.mall.controller.ApmUserController.edit()', 'PUT', 1, 'admin', NULL, '/mall/user', '127.0.0.1', '内网IP', '{\"loginType\":\"web\",\"delFlag\":\"0\",\"password\":\"$2a$10$6MYvszV6EH7ATdLPUjk0ReRfXHdJPR9iYKCzfWMWEp7wQOE3U2XA.\",\"updateBy\":\"admin\",\"integral\":0,\"loginIp\":\"\",\"payCount\":2,\"email\":\"\",\"address\":\"\",\"level\":0,\"nickName\":\"张开喜\",\"sex\":\"0\",\"updateTime\":1602081894993,\"avatar\":\"\",\"params\":{},\"userName\":\"zhangkaixi\",\"userId\":1,\"realName\":\"\",\"signNum\":0,\"phoneNumber\":\"123456789\",\"createTime\":1601533884000,\"cardId\":\"\",\"userType\":\"01\",\"status\":\"0\"}', '{\"msg\":\"操作成功\",\"code\":200}', 0, NULL, '2020-10-07 14:44:54');
INSERT INTO `sys_oper_log` VALUES (207, '商城用户管理', 2, 'cn.saberking.jvav.apm.mall.controller.ApmUserController.edit()', 'PUT', 1, 'admin', NULL, '/mall/user', '127.0.0.1', '内网IP', '{\"loginType\":\"web\",\"delFlag\":\"0\",\"password\":\"$2a$10$6MYvszV6EH7ATdLPUjk0ReRfXHdJPR9iYKCzfWMWEp7wQOE3U2XA.\",\"updateBy\":\"admin\",\"integral\":0,\"loginIp\":\"\",\"payCount\":2,\"email\":\"\",\"address\":\"\",\"level\":0,\"nickName\":\"张开喜\",\"sex\":\"0\",\"updateTime\":1602081989956,\"avatar\":\"\",\"params\":{},\"userName\":\"zhangkaixi\",\"userId\":1,\"realName\":\"\",\"signNum\":0,\"phoneNumber\":\"13568974561\",\"createTime\":1601533884000,\"cardId\":\"\",\"userType\":\"01\",\"status\":\"0\"}', '{\"msg\":\"操作成功\",\"code\":200}', 0, NULL, '2020-10-07 14:46:29');
INSERT INTO `sys_oper_log` VALUES (208, '菜单管理', 2, 'cn.saberking.jvav.apm.web.controller.system.SysMenuController.edit()', 'PUT', 1, 'admin', NULL, '/system/menu', '127.0.0.1', '内网IP', '{\"visible\":\"0\",\"icon\":\"#\",\"orderNum\":\"1\",\"menuName\":\"订单管理1\",\"params\":{},\"parentId\":1061,\"isCache\":\"0\",\"path\":\"order\",\"component\":\"mall/order/index\",\"children\":[],\"updateBy\":\"admin\",\"isFrame\":\"1\",\"menuId\":1074,\"menuType\":\"C\",\"perms\":\"\",\"status\":\"0\"}', '{\"msg\":\"操作成功\",\"code\":200}', 0, NULL, '2020-10-09 02:27:55');
INSERT INTO `sys_oper_log` VALUES (209, '菜单管理', 2, 'cn.saberking.jvav.apm.web.controller.system.SysMenuController.edit()', 'PUT', 1, 'admin', NULL, '/system/menu', '127.0.0.1', '内网IP', '{\"visible\":\"0\",\"icon\":\"#\",\"orderNum\":\"1\",\"menuName\":\"订单购物\",\"params\":{},\"parentId\":1061,\"isCache\":\"0\",\"path\":\"orderGoods\",\"component\":\"mall/order/goods/index\",\"children\":[],\"updateBy\":\"admin\",\"isFrame\":\"1\",\"menuId\":1081,\"menuType\":\"C\",\"perms\":\"\",\"status\":\"0\"}', '{\"msg\":\"操作成功\",\"code\":200}', 0, NULL, '2020-10-09 02:28:44');
INSERT INTO `sys_oper_log` VALUES (210, '菜单管理', 2, 'cn.saberking.jvav.apm.web.controller.system.SysMenuController.edit()', 'PUT', 1, 'admin', NULL, '/system/menu', '127.0.0.1', '内网IP', '{\"visible\":\"0\",\"icon\":\"#\",\"orderNum\":\"1\",\"menuName\":\"订单操作\",\"params\":{},\"parentId\":1061,\"isCache\":\"0\",\"path\":\"orderStatus\",\"component\":\"mall/order/status/index\",\"children\":[],\"updateBy\":\"admin\",\"isFrame\":\"1\",\"menuId\":1082,\"menuType\":\"C\",\"perms\":\"\",\"status\":\"0\"}', '{\"msg\":\"操作成功\",\"code\":200}', 0, NULL, '2020-10-09 02:29:06');
INSERT INTO `sys_oper_log` VALUES (211, '菜单管理', 1, 'cn.saberking.jvav.apm.web.controller.system.SysMenuController.add()', 'POST', 1, 'admin', NULL, '/system/menu', '127.0.0.1', '内网IP', '{\"visible\":\"0\",\"icon\":\"tab\",\"orderNum\":\"2\",\"menuName\":\"订单管理\",\"params\":{},\"parentId\":1061,\"isCache\":\"0\",\"path\":\"order\",\"createBy\":\"admin\",\"children\":[],\"isFrame\":\"1\",\"menuType\":\"M\",\"status\":\"0\"}', '{\"msg\":\"操作成功\",\"code\":200}', 0, NULL, '2020-10-09 02:33:15');
INSERT INTO `sys_oper_log` VALUES (212, '商品', 1, 'cn.saberking.jvav.apm.mall.controller.ApmStoreProductController.add()', 'POST', 1, 'admin', NULL, '/mall/product', '127.0.0.1', '内网IP', '{\"price\":13,\"storeName\":\"测试商品1\",\"id\":2,\"keyword\":\"测试\",\"image\":\"1.jpg\",\"params\":{},\"sliderImage\":\"1\",\"codePath\":\"1\",\"cateId\":\"2\",\"storeInfo\":\"测试简介\",\"category\":\"普通商品\"}', '{\"msg\":\"操作成功\",\"code\":200}', 0, NULL, '2020-10-09 03:46:48');
INSERT INTO `sys_oper_log` VALUES (213, '商品', 1, 'cn.saberking.jvav.apm.mall.controller.ApmStoreProductController.add()', 'POST', 1, 'admin', NULL, '/mall/product', '127.0.0.1', '内网IP', '{\"price\":13,\"storeName\":\"测试商品2\",\"id\":3,\"keyword\":\"测试\",\"image\":\"1.jpg\",\"params\":{},\"sliderImage\":\"1\",\"codePath\":\"1\",\"cateId\":\"3\",\"storeInfo\":\"测试简介\",\"category\":\"普通商品\"}', '{\"msg\":\"操作成功\",\"code\":200}', 0, NULL, '2020-10-09 03:47:48');
INSERT INTO `sys_oper_log` VALUES (214, '商品', 1, 'cn.saberking.jvav.apm.mall.controller.ApmStoreProductController.add()', 'POST', 1, 'admin', NULL, '/mall/product', '127.0.0.1', '内网IP', '{\"price\":12,\"storeName\":\"测试商品3\",\"id\":4,\"keyword\":\"测试\",\"image\":\"1.jpg\",\"params\":{},\"sliderImage\":\"1\",\"codePath\":\"1\",\"cateId\":\"4\",\"storeInfo\":\"测试简介\",\"category\":\"普通商品\"}', '{\"msg\":\"操作成功\",\"code\":200}', 0, NULL, '2020-10-09 03:49:14');
INSERT INTO `sys_oper_log` VALUES (215, '菜单管理', 2, 'cn.saberking.jvav.apm.web.controller.system.SysMenuController.edit()', 'PUT', 1, 'admin', NULL, '/system/menu', '127.0.0.1', '内网IP', '{\"visible\":\"0\",\"icon\":\"clipboard-list\",\"orderNum\":\"2\",\"menuName\":\"订单管理\",\"params\":{},\"parentId\":1061,\"isCache\":\"0\",\"path\":\"order\",\"children\":[],\"createTime\":1602181995000,\"updateBy\":\"admin\",\"isFrame\":\"1\",\"menuId\":1084,\"menuType\":\"M\",\"perms\":\"\",\"status\":\"0\"}', '{\"msg\":\"操作成功\",\"code\":200}', 0, NULL, '2020-10-09 03:57:37');
INSERT INTO `sys_oper_log` VALUES (216, '菜单管理', 2, 'cn.saberking.jvav.apm.web.controller.system.SysMenuController.edit()', 'PUT', 1, 'admin', NULL, '/system/menu', '127.0.0.1', '内网IP', '{\"visible\":\"0\",\"icon\":\"list-alt\",\"orderNum\":\"1\",\"menuName\":\"订单管理1\",\"params\":{},\"parentId\":1084,\"isCache\":\"0\",\"path\":\"list\",\"component\":\"mall/order/index\",\"children\":[],\"updateBy\":\"admin\",\"isFrame\":\"1\",\"menuId\":1074,\"menuType\":\"C\",\"perms\":\"\",\"status\":\"0\"}', '{\"msg\":\"操作成功\",\"code\":200}', 0, NULL, '2020-10-09 03:58:58');
INSERT INTO `sys_oper_log` VALUES (217, '菜单管理', 2, 'cn.saberking.jvav.apm.web.controller.system.SysMenuController.edit()', 'PUT', 1, 'admin', NULL, '/system/menu', '127.0.0.1', '内网IP', '{\"visible\":\"0\",\"icon\":\"shopping-basket\",\"orderNum\":\"2\",\"menuName\":\"订单购物\",\"params\":{},\"parentId\":1084,\"isCache\":\"0\",\"path\":\"orderGoods\",\"component\":\"mall/order/goods/index\",\"children\":[],\"updateBy\":\"admin\",\"isFrame\":\"1\",\"menuId\":1081,\"menuType\":\"C\",\"perms\":\"\",\"status\":\"0\"}', '{\"msg\":\"操作成功\",\"code\":200}', 0, NULL, '2020-10-09 03:59:46');
INSERT INTO `sys_oper_log` VALUES (218, '菜单管理', 2, 'cn.saberking.jvav.apm.web.controller.system.SysMenuController.edit()', 'PUT', 1, 'admin', NULL, '/system/menu', '127.0.0.1', '内网IP', '{\"visible\":\"0\",\"icon\":\"user-secret\",\"orderNum\":\"3\",\"menuName\":\"订单操作\",\"params\":{},\"parentId\":1084,\"isCache\":\"0\",\"path\":\"orderStatus\",\"component\":\"mall/order/status/index\",\"children\":[],\"updateBy\":\"admin\",\"isFrame\":\"1\",\"menuId\":1082,\"menuType\":\"C\",\"perms\":\"\",\"status\":\"0\"}', '{\"msg\":\"操作成功\",\"code\":200}', 0, NULL, '2020-10-09 04:01:43');
INSERT INTO `sys_oper_log` VALUES (219, '菜单管理', 2, 'cn.saberking.jvav.apm.web.controller.system.SysMenuController.edit()', 'PUT', 1, 'admin', NULL, '/system/menu', '127.0.0.1', '内网IP', '{\"visible\":\"0\",\"icon\":\"store\",\"orderNum\":\"4\",\"menuName\":\"商城管理\",\"params\":{},\"parentId\":0,\"isCache\":\"0\",\"path\":\"business\",\"children\":[],\"createTime\":1601883107000,\"updateBy\":\"admin\",\"isFrame\":\"1\",\"menuId\":1061,\"menuType\":\"M\",\"perms\":\"\",\"status\":\"0\"}', '{\"msg\":\"操作成功\",\"code\":200}', 0, NULL, '2020-10-09 04:02:35');
INSERT INTO `sys_oper_log` VALUES (220, '菜单管理', 2, 'cn.saberking.jvav.apm.web.controller.system.SysMenuController.edit()', 'PUT', 1, 'admin', NULL, '/system/menu', '127.0.0.1', '内网IP', '{\"visible\":\"0\",\"icon\":\"list-alt\",\"orderNum\":\"1\",\"menuName\":\"订单信息\",\"params\":{},\"parentId\":1084,\"isCache\":\"0\",\"path\":\"list\",\"component\":\"mall/order/index\",\"children\":[],\"updateBy\":\"admin\",\"isFrame\":\"1\",\"menuId\":1074,\"menuType\":\"C\",\"perms\":\"\",\"status\":\"0\"}', '{\"msg\":\"操作成功\",\"code\":200}', 0, NULL, '2020-10-09 04:03:18');
INSERT INTO `sys_oper_log` VALUES (221, '菜单管理', 2, 'cn.saberking.jvav.apm.web.controller.system.SysMenuController.edit()', 'PUT', 1, 'admin', NULL, '/system/menu', '127.0.0.1', '内网IP', '{\"visible\":\"0\",\"icon\":\"list-alt\",\"orderNum\":\"1\",\"menuName\":\"订单信息\",\"params\":{},\"parentId\":1084,\"isCache\":\"0\",\"path\":\"list\",\"component\":\"mall/order/list/index\",\"children\":[],\"updateBy\":\"admin\",\"isFrame\":\"1\",\"menuId\":1074,\"menuType\":\"C\",\"perms\":\"\",\"status\":\"0\"}', '{\"msg\":\"操作成功\",\"code\":200}', 0, NULL, '2020-10-09 04:09:38');
INSERT INTO `sys_oper_log` VALUES (222, '菜单管理', 2, 'cn.saberking.jvav.apm.web.controller.system.SysMenuController.edit()', 'PUT', 1, 'admin', NULL, '/system/menu', '127.0.0.1', '内网IP', '{\"visible\":\"0\",\"icon\":\"clipboard-list\",\"orderNum\":\"2\",\"menuName\":\"订单管理\",\"params\":{},\"parentId\":1061,\"isCache\":\"0\",\"path\":\"orders\",\"children\":[],\"createTime\":1602181995000,\"updateBy\":\"admin\",\"isFrame\":\"1\",\"menuId\":1084,\"menuType\":\"M\",\"perms\":\"\",\"status\":\"0\"}', '{\"msg\":\"操作成功\",\"code\":200}', 0, NULL, '2020-10-09 04:12:06');
INSERT INTO `sys_oper_log` VALUES (223, '菜单管理', 2, 'cn.saberking.jvav.apm.web.controller.system.SysMenuController.edit()', 'PUT', 1, 'admin', NULL, '/system/menu', '127.0.0.1', '内网IP', '{\"visible\":\"0\",\"icon\":\"list-alt\",\"orderNum\":\"1\",\"menuName\":\"订单信息\",\"params\":{},\"parentId\":1084,\"isCache\":\"0\",\"path\":\"list\",\"component\":\"mall/order/index\",\"children\":[],\"updateBy\":\"admin\",\"isFrame\":\"1\",\"menuId\":1074,\"menuType\":\"C\",\"perms\":\"\",\"status\":\"0\"}', '{\"msg\":\"操作成功\",\"code\":200}', 0, NULL, '2020-10-09 04:12:29');
INSERT INTO `sys_oper_log` VALUES (224, '菜单管理', 2, 'cn.saberking.jvav.apm.web.controller.system.SysMenuController.edit()', 'PUT', 1, 'admin', NULL, '/system/menu', '127.0.0.1', '内网IP', '{\"visible\":\"0\",\"icon\":\"list-alt\",\"orderNum\":\"1\",\"menuName\":\"订单信息\",\"params\":{},\"parentId\":1084,\"isCache\":\"0\",\"path\":\"order\",\"component\":\"mall/order/index\",\"children\":[],\"updateBy\":\"admin\",\"isFrame\":\"1\",\"menuId\":1074,\"menuType\":\"C\",\"perms\":\"\",\"status\":\"0\"}', '{\"msg\":\"操作成功\",\"code\":200}', 0, NULL, '2020-10-09 04:16:05');
INSERT INTO `sys_oper_log` VALUES (225, '菜单管理', 2, 'cn.saberking.jvav.apm.web.controller.system.SysMenuController.edit()', 'PUT', 1, 'admin', NULL, '/system/menu', '127.0.0.1', '内网IP', '{\"visible\":\"0\",\"icon\":\"users\",\"orderNum\":\"1\",\"menuName\":\"用户管理\",\"params\":{},\"parentId\":1061,\"isCache\":\"0\",\"path\":\"user\",\"component\":\"mall/user/index\",\"children\":[],\"createTime\":1519833600000,\"updateBy\":\"admin\",\"isFrame\":\"1\",\"menuId\":1062,\"menuType\":\"C\",\"perms\":\"mall:user:list\",\"status\":\"0\"}', '{\"msg\":\"操作成功\",\"code\":200}', 0, NULL, '2020-10-09 06:31:17');
INSERT INTO `sys_oper_log` VALUES (226, '用户管理', 2, 'cn.saberking.jvav.apm.mall.controller.ApmUserController.changeStatus()', 'PUT', 1, 'admin', NULL, '/mall/user/changeStatus', '127.0.0.1', '内网IP', '{\"params\":{},\"userId\":1,\"status\":\"1\"}', 'null', 1, '用户ID不能为空', '2020-10-09 11:11:31');
INSERT INTO `sys_oper_log` VALUES (227, '用户管理', 2, 'cn.saberking.jvav.apm.mall.controller.ApmUserController.changeStatus()', 'PUT', 1, 'admin', NULL, '/mall/user/changeStatus', '127.0.0.1', '内网IP', '{\"updateBy\":\"admin\",\"params\":{},\"userId\":1,\"status\":\"1\"}', '{\"msg\":\"操作成功\",\"code\":200}', 0, NULL, '2020-10-09 11:12:28');
INSERT INTO `sys_oper_log` VALUES (228, '商城用户管理', 2, 'cn.saberking.jvav.apm.mall.controller.ApmUserController.edit()', 'PUT', 1, 'admin', NULL, '/mall/user', '127.0.0.1', '内网IP', '{\"loginType\":\"web\",\"delFlag\":\"0\",\"password\":\"$2a$10$6MYvszV6EH7ATdLPUjk0ReRfXHdJPR9iYKCzfWMWEp7wQOE3U2XA.\",\"updateBy\":\"admin\",\"integral\":0,\"loginIp\":\"\",\"payCount\":2,\"email\":\"\",\"address\":\"\",\"level\":0,\"nickName\":\"张开喜\",\"sex\":\"0\",\"updateTime\":1602241953167,\"avatar\":\"\",\"params\":{},\"userName\":\"zhangkaixi\",\"userId\":1,\"realName\":\"\",\"signNum\":0,\"phoneNumber\":\"13568974561\",\"createTime\":1601533884000,\"cardId\":\"\",\"userType\":\"01\",\"status\":\"0\"}', '{\"msg\":\"操作成功\",\"code\":200}', 0, NULL, '2020-10-09 11:12:33');
INSERT INTO `sys_oper_log` VALUES (229, '商城用户管理', 5, 'cn.saberking.jvav.apm.mall.controller.ApmUserController.export()', 'GET', 1, 'admin', NULL, '/mall/user/export', '127.0.0.1', '内网IP', '{}', '{\"msg\":\"4a5a6e3c-69fc-444e-8746-8c2360bb793d_user.xlsx\",\"code\":200}', 0, NULL, '2020-10-09 12:08:31');
INSERT INTO `sys_oper_log` VALUES (230, '用户头像', 2, 'cn.saberking.jvav.apm.web.controller.system.SysProfileController.avatar()', 'POST', 1, 'admin', NULL, '/system/user/profile/avatar', '127.0.0.1', '内网IP', '', '{\"msg\":\"操作成功\",\"imgUrl\":\"/profile/avatar/2020/10/09/dd9f9fc5-f74b-41e2-baff-6312573f77a3.jpeg\",\"code\":200}', 0, NULL, '2020-10-09 13:58:00');
INSERT INTO `sys_oper_log` VALUES (231, '个人信息', 2, 'cn.saberking.jvav.apm.web.controller.system.SysProfileController.updateProfile()', 'PUT', 1, 'admin', NULL, '/system/user/profile', '127.0.0.1', '内网IP', '{\"roles\":[{\"flag\":false,\"roleId\":1,\"admin\":true,\"dataScope\":\"1\",\"params\":{},\"roleSort\":\"1\",\"deptCheckStrictly\":false,\"menuCheckStrictly\":false,\"roleKey\":\"admin\",\"roleName\":\"超级管理员\",\"status\":\"0\"}],\"phonenumber\":\"15888888888\",\"admin\":true,\"loginDate\":1521171180000,\"remark\":\"管理员\",\"delFlag\":\"0\",\"loginIp\":\"127.0.0.1\",\"email\":\"apm@163.com\",\"nickName\":\"超级管理员\",\"sex\":\"0\",\"deptId\":103,\"avatar\":\"\",\"dept\":{\"deptName\":\"研发部门\",\"leader\":\"动漫周边商城\",\"deptId\":103,\"orderNum\":\"1\",\"params\":{},\"parentId\":101,\"children\":[],\"status\":\"0\"},\"params\":{},\"userName\":\"admin\",\"userId\":1,\"createBy\":\"admin\",\"createTime\":1521171180000,\"status\":\"0\"}', '{\"msg\":\"操作成功\",\"code\":200}', 0, NULL, '2020-10-09 13:58:28');
INSERT INTO `sys_oper_log` VALUES (232, '个人信息', 2, 'cn.saberking.jvav.apm.web.controller.system.SysProfileController.updatePwd()', 'PUT', 1, 'admin', NULL, '/system/user/profile/updatePwd', '127.0.0.1', '内网IP', 'admin123 admin123', '{\"msg\":\"新密码不能与旧密码相同\",\"code\":500}', 0, NULL, '2020-10-09 14:03:50');
INSERT INTO `sys_oper_log` VALUES (233, '商品', 1, 'cn.saberking.jvav.apm.mall.controller.ApmStoreProductController.add()', 'POST', 1, 'admin', NULL, '/mall/product', '127.0.0.1', '内网IP', '{\"price\":123,\"storeName\":\"测试商品4\",\"id\":5,\"keyword\":\"测试\",\"image\":\"1.jpg\",\"params\":{},\"sliderImage\":\"123\",\"codePath\":\"1\",\"cateId\":\"2\",\"storeInfo\":\"测试\",\"category\":\"普通商品\"}', '{\"msg\":\"操作成功\",\"code\":200}', 0, NULL, '2020-10-10 03:22:46');
INSERT INTO `sys_oper_log` VALUES (234, '商品', 1, 'cn.saberking.jvav.apm.mall.controller.ApmStoreProductController.add()', 'POST', 1, 'admin', NULL, '/mall/product', '127.0.0.1', '内网IP', '{\"price\":123,\"storeName\":\"123\",\"id\":6,\"keyword\":\"123\",\"image\":\"1.jpg\",\"params\":{},\"sliderImage\":\"123\",\"codePath\":\"qwe\",\"cateId\":\"2\",\"storeInfo\":\"13\",\"category\":\"普通商品\"}', '{\"msg\":\"操作成功\",\"code\":200}', 0, NULL, '2020-10-10 09:37:20');
INSERT INTO `sys_oper_log` VALUES (235, '订单', 2, 'cn.saberking.jvav.apm.web.controller.mall.ApmStoreOrderController.edit()', 'PUT', 1, 'admin', NULL, '/mall/order', '127.0.0.1', '内网IP', '{\"isChannel\":0,\"orderId\":\"1001\",\"payTime\":1602329337000,\"useIntegral\":0,\"couponId\":0,\"id\":1004,\"freightPrice\":0,\"refundPrice\":0,\"params\":{},\"gainIntegral\":0,\"isRemind\":0,\"totalPostage\":0,\"status\":4,\"totalPrice\":0,\"shippingType\":1,\"refundStatus\":0,\"deductionPrice\":0,\"isMerCheck\":0,\"deliverySn\":\"\",\"payPrice\":0,\"isSystemDel\":0,\"verifyCode\":\"\",\"storeId\":0,\"userId\":111111,\"payPostage\":0,\"totalNum\":0,\"paid\":5,\"couponPrice\":0,\"isDel\":0}', 'null', 1, 'Mapper method \'cn.saberking.jvav.apm.mall.mapper.ApmStoreOrderMapper.updateApmStoreOrder\' has an unsupported return type: class cn.saberking.jvav.apm.mall.domain.ApmStoreOrder', '2020-10-10 11:31:23');
INSERT INTO `sys_oper_log` VALUES (236, '订单', 2, 'cn.saberking.jvav.apm.web.controller.mall.ApmStoreOrderController.edit()', 'PUT', 1, 'admin', NULL, '/mall/order', '127.0.0.1', '内网IP', '{\"isChannel\":0,\"orderId\":\"1001\",\"payTime\":1602329337000,\"useIntegral\":0,\"couponId\":0,\"id\":1004,\"freightPrice\":0,\"refundPrice\":0,\"params\":{},\"gainIntegral\":0,\"isRemind\":0,\"totalPostage\":0,\"status\":4,\"totalPrice\":0,\"shippingType\":1,\"refundStatus\":0,\"deductionPrice\":0,\"isMerCheck\":0,\"deliverySn\":\"\",\"payPrice\":0,\"isSystemDel\":0,\"verifyCode\":\"\",\"storeId\":0,\"userId\":111111,\"payPostage\":0,\"totalNum\":0,\"paid\":0,\"couponPrice\":0,\"isDel\":0}', 'null', 1, 'Mapper method \'cn.saberking.jvav.apm.mall.mapper.ApmStoreOrderMapper.updateApmStoreOrder\' has an unsupported return type: class cn.saberking.jvav.apm.mall.domain.ApmStoreOrder', '2020-10-10 11:31:33');
INSERT INTO `sys_oper_log` VALUES (237, '订单', 2, 'cn.saberking.jvav.apm.web.controller.mall.ApmStoreOrderController.edit()', 'PUT', 1, 'admin', NULL, '/mall/order', '127.0.0.1', '内网IP', '{\"isChannel\":0,\"orderId\":\"1001\",\"payTime\":1602329337000,\"useIntegral\":0,\"couponId\":0,\"id\":1004,\"freightPrice\":0,\"refundPrice\":0,\"params\":{},\"gainIntegral\":0,\"isRemind\":0,\"totalPostage\":0,\"status\":4,\"totalPrice\":0,\"shippingType\":1,\"refundStatus\":0,\"deductionPrice\":0,\"isMerCheck\":0,\"deliverySn\":\"\",\"payPrice\":0,\"isSystemDel\":0,\"verifyCode\":\"\",\"storeId\":0,\"userId\":111111,\"payPostage\":0,\"totalNum\":0,\"paid\":0,\"couponPrice\":0,\"isDel\":0}', 'null', 1, 'Mapper method \'cn.saberking.jvav.apm.mall.mapper.ApmStoreOrderMapper.updateApmStoreOrder\' has an unsupported return type: class cn.saberking.jvav.apm.mall.domain.ApmStoreOrder', '2020-10-10 11:31:37');
INSERT INTO `sys_oper_log` VALUES (238, '订单', 2, 'cn.saberking.jvav.apm.web.controller.mall.ApmStoreOrderController.edit()', 'PUT', 1, 'admin', NULL, '/mall/order', '127.0.0.1', '内网IP', '{\"isChannel\":0,\"orderId\":\"1001\",\"payTime\":1602329337000,\"useIntegral\":0,\"couponId\":0,\"id\":1004,\"freightPrice\":0,\"refundPrice\":0,\"params\":{},\"gainIntegral\":0,\"isRemind\":0,\"totalPostage\":0,\"status\":4,\"totalPrice\":0,\"shippingType\":1,\"refundStatus\":0,\"deductionPrice\":0,\"isMerCheck\":0,\"deliverySn\":\"\",\"payPrice\":0,\"isSystemDel\":0,\"verifyCode\":\"\",\"storeId\":0,\"userId\":111111,\"payPostage\":0,\"totalNum\":0,\"paid\":0,\"couponPrice\":0,\"isDel\":0}', 'null', 1, 'Mapper method \'cn.saberking.jvav.apm.mall.mapper.ApmStoreOrderMapper.updateApmStoreOrder\' has an unsupported return type: class cn.saberking.jvav.apm.mall.domain.ApmStoreOrder', '2020-10-10 11:31:39');
INSERT INTO `sys_oper_log` VALUES (239, '订单', 2, 'cn.saberking.jvav.apm.web.controller.mall.ApmStoreOrderController.edit()', 'PUT', 1, 'admin', NULL, '/mall/order', '127.0.0.1', '内网IP', '{\"isChannel\":0,\"orderId\":\"1002\",\"payTime\":1602033415000,\"userPhone\":\"17852674856\",\"useIntegral\":0,\"couponId\":1005,\"id\":1002,\"freightPrice\":18,\"refundPrice\":0,\"cartId\":\"1\",\"params\":{},\"userAddress\":\"山东\",\"gainIntegral\":0,\"isRemind\":0,\"totalPostage\":20,\"extendOrderId\":\"1001\",\"status\":1,\"totalPrice\":55,\"shippingType\":1,\"refundStatus\":1,\"deductionPrice\":123,\"isMerCheck\":0,\"deliverySn\":\"\",\"payPrice\":18,\"isSystemDel\":0,\"verifyCode\":\"\",\"storeId\":0,\"userId\":1234567,\"realName\":\"admin\",\"payPostage\":55,\"totalNum\":1,\"paid\":1,\"couponPrice\":0,\"isDel\":0}', 'null', 1, 'Mapper method \'cn.saberking.jvav.apm.mall.mapper.ApmStoreOrderMapper.updateApmStoreOrder\' has an unsupported return type: class cn.saberking.jvav.apm.mall.domain.ApmStoreOrder', '2020-10-10 11:32:25');
INSERT INTO `sys_oper_log` VALUES (240, '订单', 2, 'cn.saberking.jvav.apm.web.controller.mall.ApmStoreOrderController.edit()', 'PUT', 1, 'admin', NULL, '/mall/order', '127.0.0.1', '内网IP', '{\"isChannel\":0,\"orderId\":\"1001\",\"payTime\":1602329337000,\"useIntegral\":0,\"couponId\":0,\"id\":1004,\"freightPrice\":0,\"refundPrice\":0,\"params\":{},\"gainIntegral\":0,\"isRemind\":0,\"totalPostage\":0,\"status\":4,\"totalPrice\":0,\"shippingType\":1,\"refundStatus\":0,\"deductionPrice\":0,\"isMerCheck\":0,\"deliverySn\":\"\",\"payPrice\":0,\"isSystemDel\":0,\"verifyCode\":\"\",\"storeId\":0,\"userId\":12345678,\"payPostage\":0,\"totalNum\":0,\"paid\":0,\"couponPrice\":0,\"isDel\":0}', 'null', 1, '', '2020-10-10 11:35:59');
INSERT INTO `sys_oper_log` VALUES (241, '订单', 2, 'cn.saberking.jvav.apm.web.controller.mall.ApmStoreOrderController.edit()', 'PUT', 1, 'admin', NULL, '/mall/order', '127.0.0.1', '内网IP', '{\"addTime\":1602032872000,\"isChannel\":0,\"orderId\":\"1003\",\"payTime\":1602033411000,\"userPhone\":\"17852674856\",\"useIntegral\":0,\"couponId\":1003,\"id\":1003,\"freightPrice\":18,\"refundPrice\":1000,\"cartId\":\"10\",\"params\":{},\"userAddress\":\"山东\",\"gainIntegral\":0,\"isRemind\":0,\"totalPostage\":20,\"extendOrderId\":\"1002\",\"status\":2,\"totalPrice\":55,\"shippingType\":1,\"refundStatus\":2,\"deductionPrice\":123,\"isMerCheck\":0,\"deliverySn\":\"1001\",\"payPrice\":18,\"isSystemDel\":0,\"verifyCode\":\"\",\"storeId\":0,\"userId\":1111112,\"realName\":\"admin\",\"refundReasonWap\":\"不要了\",\"payPostage\":55,\"totalNum\":1,\"paid\":0,\"couponPrice\":0,\"isDel\":0}', 'null', 1, '', '2020-10-10 11:37:47');
INSERT INTO `sys_oper_log` VALUES (242, '订单', 2, 'cn.saberking.jvav.apm.web.controller.mall.ApmStoreOrderController.edit()', 'PUT', 1, 'admin', NULL, '/mall/order', '127.0.0.1', '内网IP', '{\"addTime\":1602032872000,\"isChannel\":0,\"orderId\":\"1003\",\"payTime\":1602033411000,\"userPhone\":\"17852674856\",\"useIntegral\":0,\"couponId\":1003,\"id\":1003,\"freightPrice\":18,\"refundPrice\":1000,\"cartId\":\"10\",\"params\":{},\"userAddress\":\"山东\",\"gainIntegral\":0,\"isRemind\":0,\"totalPostage\":20,\"extendOrderId\":\"1002\",\"status\":2,\"totalPrice\":55,\"shippingType\":1,\"refundStatus\":2,\"deductionPrice\":123,\"isMerCheck\":0,\"deliverySn\":\"1001\",\"payPrice\":18,\"isSystemDel\":0,\"verifyCode\":\"\",\"storeId\":0,\"userId\":1111112,\"realName\":\"admin\",\"refundReasonWap\":\"不要了\",\"payPostage\":55,\"totalNum\":1,\"paid\":0,\"couponPrice\":0,\"isDel\":0}', 'null', 1, '', '2020-10-10 11:39:08');
INSERT INTO `sys_oper_log` VALUES (243, '订单', 2, 'cn.saberking.jvav.apm.web.controller.mall.ApmStoreOrderController.edit()', 'PUT', 1, 'admin', NULL, '/mall/order', '127.0.0.1', '内网IP', '{\"addTime\":1602032872000,\"isChannel\":0,\"orderId\":\"1003\",\"payTime\":1602033411000,\"userPhone\":\"17852674856\",\"useIntegral\":0,\"couponId\":1003,\"id\":1003,\"freightPrice\":18,\"refundPrice\":1000,\"cartId\":\"10\",\"params\":{},\"userAddress\":\"山东\",\"gainIntegral\":0,\"isRemind\":0,\"totalPostage\":20,\"extendOrderId\":\"1002\",\"status\":2,\"totalPrice\":55,\"shippingType\":1,\"refundStatus\":2,\"deductionPrice\":123,\"isMerCheck\":0,\"deliverySn\":\"1001\",\"payPrice\":18,\"isSystemDel\":0,\"verifyCode\":\"\",\"storeId\":0,\"userId\":1111112,\"realName\":\"admin\",\"refundReasonWap\":\"不要了\",\"payPostage\":55,\"totalNum\":1,\"paid\":0,\"couponPrice\":0,\"isDel\":0}', 'null', 1, '', '2020-10-10 11:39:42');
INSERT INTO `sys_oper_log` VALUES (244, '订单', 2, 'cn.saberking.jvav.apm.web.controller.mall.ApmStoreOrderController.edit()', 'PUT', 1, 'admin', NULL, '/mall/order', '127.0.0.1', '内网IP', '{\"addTime\":1602032872000,\"isChannel\":0,\"orderId\":\"1003\",\"payTime\":1602033411000,\"userPhone\":\"17852674856\",\"useIntegral\":0,\"couponId\":1003,\"id\":1003,\"freightPrice\":18,\"refundPrice\":1000,\"cartId\":\"10\",\"params\":{},\"userAddress\":\"山东\",\"gainIntegral\":0,\"isRemind\":0,\"totalPostage\":20,\"extendOrderId\":\"1002\",\"status\":2,\"totalPrice\":55,\"shippingType\":1,\"refundStatus\":2,\"deductionPrice\":123,\"isMerCheck\":0,\"deliverySn\":\"1001\",\"payPrice\":18,\"isSystemDel\":0,\"verifyCode\":\"\",\"storeId\":0,\"userId\":1111112,\"realName\":\"admin\",\"refundReasonWap\":\"不要了\",\"payPostage\":55,\"totalNum\":1,\"paid\":0,\"couponPrice\":0,\"isDel\":0}', '{\"msg\":\"操作成功\",\"code\":200}', 0, NULL, '2020-10-10 11:41:58');
INSERT INTO `sys_oper_log` VALUES (245, '订单', 2, 'cn.saberking.jvav.apm.web.controller.mall.ApmStoreOrderController.edit()', 'PUT', 1, 'admin', NULL, '/mall/order', '127.0.0.1', '内网IP', '{\"isChannel\":0,\"orderId\":\"1001\",\"payTime\":1602329337000,\"useIntegral\":0,\"couponId\":0,\"id\":1004,\"freightPrice\":0,\"refundPrice\":0,\"params\":{},\"gainIntegral\":0,\"isRemind\":0,\"totalPostage\":0,\"status\":4,\"totalPrice\":0,\"shippingType\":1,\"refundStatus\":0,\"deductionPrice\":0,\"isMerCheck\":0,\"deliverySn\":\"\",\"payPrice\":0,\"isSystemDel\":0,\"verifyCode\":\"\",\"storeId\":0,\"userId\":12345678,\"payPostage\":0,\"totalNum\":0,\"paid\":4,\"couponPrice\":0,\"isDel\":0}', '{\"msg\":\"操作成功\",\"code\":200}', 0, NULL, '2020-10-10 11:42:11');
INSERT INTO `sys_oper_log` VALUES (246, '订单', 2, 'cn.saberking.jvav.apm.web.controller.mall.ApmStoreOrderController.edit()', 'PUT', 1, 'admin', NULL, '/mall/order', '127.0.0.1', '内网IP', '{\"isChannel\":0,\"orderId\":\"1001\",\"payTime\":1602329337000,\"useIntegral\":0,\"couponId\":0,\"id\":1004,\"freightPrice\":0,\"refundPrice\":0,\"params\":{},\"gainIntegral\":0,\"isRemind\":0,\"totalPostage\":0,\"status\":4,\"totalPrice\":0,\"shippingType\":1,\"refundStatus\":0,\"deductionPrice\":0,\"isMerCheck\":0,\"deliverySn\":\"\",\"payPrice\":0,\"isSystemDel\":0,\"verifyCode\":\"\",\"storeId\":0,\"userId\":12345678,\"payPostage\":0,\"totalNum\":0,\"paid\":0,\"couponPrice\":0,\"isDel\":0}', '{\"msg\":\"操作成功\",\"code\":200}', 0, NULL, '2020-10-10 11:42:21');
INSERT INTO `sys_oper_log` VALUES (247, '订单', 2, 'cn.saberking.jvav.apm.web.controller.mall.ApmStoreOrderController.edit()', 'PUT', 1, 'admin', NULL, '/mall/order', '127.0.0.1', '内网IP', '{\"addTime\":1602032872000,\"isChannel\":0,\"orderId\":\"1003\",\"payTime\":1602033411000,\"userPhone\":\"17852674856\",\"useIntegral\":0,\"couponId\":1003,\"id\":1003,\"freightPrice\":18,\"refundPrice\":1000,\"cartId\":\"10\",\"params\":{},\"userAddress\":\"山东\",\"gainIntegral\":0,\"isRemind\":0,\"totalPostage\":20,\"extendOrderId\":\"1002\",\"status\":4,\"totalPrice\":55,\"shippingType\":1,\"refundStatus\":2,\"deductionPrice\":123,\"isMerCheck\":0,\"deliverySn\":\"1001\",\"payPrice\":18,\"isSystemDel\":0,\"verifyCode\":\"\",\"storeId\":0,\"userId\":1111112,\"realName\":\"admin\",\"refundReasonWap\":\"不要了\",\"payPostage\":55,\"totalNum\":1,\"paid\":0,\"couponPrice\":0,\"isDel\":0}', '{\"msg\":\"操作成功\",\"code\":200}', 0, NULL, '2020-10-10 11:46:54');
INSERT INTO `sys_oper_log` VALUES (248, '订单', 2, 'cn.saberking.jvav.apm.web.controller.mall.ApmStoreOrderController.edit()', 'PUT', 1, 'admin', NULL, '/mall/order', '127.0.0.1', '内网IP', '{\"isChannel\":0,\"orderId\":\"1001\",\"payTime\":1602329337000,\"useIntegral\":0,\"couponId\":0,\"id\":1004,\"freightPrice\":0,\"refundPrice\":0,\"params\":{},\"gainIntegral\":0,\"isRemind\":0,\"totalPostage\":0,\"status\":4,\"totalPrice\":0,\"shippingType\":1,\"refundStatus\":0,\"deductionPrice\":0,\"isMerCheck\":0,\"deliverySn\":\"\",\"payPrice\":0,\"isSystemDel\":0,\"verifyCode\":\"\",\"storeId\":0,\"userId\":12345678,\"payPostage\":0,\"totalNum\":0,\"paid\":0,\"couponPrice\":0,\"isDel\":0}', '{\"msg\":\"操作成功\",\"code\":200}', 0, NULL, '2020-10-10 11:49:21');
INSERT INTO `sys_oper_log` VALUES (249, '商城用户管理', 3, 'cn.saberking.jvav.apm.web.controller.mall.ApmUserController.remove()', 'DELETE', 1, 'admin', NULL, '/mall/user/3', '127.0.0.1', '内网IP', '{userIds=3}', '{\"msg\":\"操作成功\",\"code\":200}', 0, NULL, '2020-10-10 11:50:57');
INSERT INTO `sys_oper_log` VALUES (250, '订单', 2, 'cn.saberking.jvav.apm.web.controller.mall.ApmStoreOrderController.edit()', 'PUT', 1, 'admin', NULL, '/mall/order', '127.0.0.1', '内网IP', '{\"isChannel\":0,\"orderId\":\"1001\",\"payTime\":1602329337000,\"useIntegral\":0,\"couponId\":0,\"id\":1004,\"freightPrice\":0,\"refundPrice\":0,\"params\":{},\"gainIntegral\":0,\"isRemind\":0,\"totalPostage\":0,\"status\":4,\"totalPrice\":0,\"shippingType\":1,\"refundStatus\":0,\"deductionPrice\":0,\"isMerCheck\":0,\"deliverySn\":\"\",\"payPrice\":0,\"isSystemDel\":0,\"verifyCode\":\"\",\"storeId\":0,\"userId\":12345678,\"payPostage\":0,\"totalNum\":0,\"paid\":0,\"couponPrice\":0,\"isDel\":0}', '{\"msg\":\"操作成功\",\"code\":200}', 0, NULL, '2020-10-10 11:51:12');
INSERT INTO `sys_oper_log` VALUES (251, '商城用户管理', 3, 'cn.saberking.jvav.apm.web.controller.mall.ApmUserController.remove()', 'DELETE', 1, 'admin', NULL, '/mall/user/2', '127.0.0.1', '内网IP', '{userIds=2}', '{\"msg\":\"操作成功\",\"code\":200}', 0, NULL, '2020-10-10 11:51:55');
INSERT INTO `sys_oper_log` VALUES (252, '订单', 2, 'cn.saberking.jvav.apm.web.controller.mall.ApmStoreOrderController.edit()', 'PUT', 1, 'admin', NULL, '/mall/order', '127.0.0.1', '内网IP', '{\"isChannel\":0,\"orderId\":\"1001\",\"payTime\":1602329337000,\"useIntegral\":0,\"couponId\":0,\"id\":1004,\"freightPrice\":0,\"refundPrice\":0,\"params\":{},\"gainIntegral\":0,\"isRemind\":0,\"totalPostage\":0,\"status\":4,\"totalPrice\":0,\"shippingType\":1,\"refundStatus\":0,\"deductionPrice\":0,\"isMerCheck\":0,\"deliverySn\":\"\",\"payPrice\":0,\"isSystemDel\":0,\"verifyCode\":\"\",\"storeId\":0,\"userId\":12345678,\"payPostage\":0,\"totalNum\":0,\"paid\":0,\"couponPrice\":0,\"isDel\":0}', '{\"msg\":\"操作成功\",\"code\":200}', 0, NULL, '2020-10-10 11:53:58');
INSERT INTO `sys_oper_log` VALUES (253, '订单', 2, 'cn.saberking.jvav.apm.web.controller.mall.ApmStoreOrderController.edit()', 'PUT', 1, 'admin', NULL, '/mall/order', '127.0.0.1', '内网IP', '{\"isChannel\":0,\"orderId\":\"1004\",\"payTime\":1602329337000,\"useIntegral\":0,\"couponId\":0,\"id\":1004,\"freightPrice\":0,\"refundPrice\":0,\"params\":{},\"gainIntegral\":0,\"isRemind\":0,\"totalPostage\":0,\"status\":4,\"totalPrice\":0,\"shippingType\":1,\"refundStatus\":0,\"deductionPrice\":0,\"isMerCheck\":0,\"deliverySn\":\"\",\"payPrice\":0,\"isSystemDel\":0,\"verifyCode\":\"\",\"storeId\":0,\"userId\":12345678,\"payPostage\":0,\"totalNum\":0,\"paid\":0,\"couponPrice\":0,\"isDel\":0}', '{\"msg\":\"操作成功\",\"code\":200}', 0, NULL, '2020-10-10 11:55:45');
INSERT INTO `sys_oper_log` VALUES (254, '字典数据', 2, 'cn.saberking.jvav.apm.web.controller.system.SysDictDataController.edit()', 'PUT', 1, 'admin', NULL, '/system/dict/data', '127.0.0.1', '内网IP', '{\"dictValue\":\"0\",\"dictSort\":0,\"remark\":\"已支付\",\"params\":{},\"dictType\":\"pay_status\",\"dictLabel\":\"已支付\",\"createBy\":\"admin\",\"default\":false,\"isDefault\":\"N\",\"createTime\":1602006946000,\"dictCode\":48,\"updateBy\":\"admin\",\"status\":\"0\"}', '{\"msg\":\"操作成功\",\"code\":200}', 0, NULL, '2020-10-10 13:18:08');
INSERT INTO `sys_oper_log` VALUES (255, '字典数据', 2, 'cn.saberking.jvav.apm.web.controller.system.SysDictDataController.edit()', 'PUT', 1, 'admin', NULL, '/system/dict/data', '127.0.0.1', '内网IP', '{\"dictValue\":\"1\",\"dictSort\":0,\"remark\":\"未支付\",\"params\":{},\"dictType\":\"pay_status\",\"dictLabel\":\"未支付\",\"createBy\":\"admin\",\"default\":false,\"isDefault\":\"N\",\"createTime\":1602006962000,\"dictCode\":49,\"updateBy\":\"admin\",\"status\":\"0\"}', '{\"msg\":\"操作成功\",\"code\":200}', 0, NULL, '2020-10-10 13:18:17');
INSERT INTO `sys_oper_log` VALUES (256, '字典数据', 2, 'cn.saberking.jvav.apm.web.controller.system.SysDictDataController.edit()', 'PUT', 1, 'admin', NULL, '/system/dict/data', '127.0.0.1', '内网IP', '{\"dictValue\":\"0\",\"dictSort\":0,\"remark\":\"微信公众号\",\"params\":{},\"dictType\":\"payment_channels\",\"dictLabel\":\"微信公众号\",\"createBy\":\"admin\",\"default\":false,\"isDefault\":\"N\",\"createTime\":1602007497000,\"dictCode\":53,\"updateBy\":\"admin\",\"status\":\"0\"}', '{\"msg\":\"操作成功\",\"code\":200}', 0, NULL, '2020-10-10 13:19:02');
INSERT INTO `sys_oper_log` VALUES (257, '字典数据', 2, 'cn.saberking.jvav.apm.web.controller.system.SysDictDataController.edit()', 'PUT', 1, 'admin', NULL, '/system/dict/data', '127.0.0.1', '内网IP', '{\"dictValue\":\"1\",\"dictSort\":0,\"remark\":\"微信小程序\",\"params\":{},\"dictType\":\"payment_channels\",\"dictLabel\":\"微信小程序\",\"createBy\":\"admin\",\"default\":false,\"isDefault\":\"N\",\"createTime\":1602007516000,\"dictCode\":54,\"updateBy\":\"admin\",\"status\":\"0\"}', '{\"msg\":\"操作成功\",\"code\":200}', 0, NULL, '2020-10-10 13:19:24');
INSERT INTO `sys_oper_log` VALUES (258, '字典数据', 2, 'cn.saberking.jvav.apm.web.controller.system.SysDictDataController.edit()', 'PUT', 1, 'admin', NULL, '/system/dict/data', '127.0.0.1', '内网IP', '{\"dictValue\":\"0\",\"dictSort\":0,\"remark\":\"未退款\",\"params\":{},\"dictType\":\"money_status\",\"dictLabel\":\"未退款\",\"createBy\":\"admin\",\"default\":false,\"isDefault\":\"N\",\"createTime\":1602007277000,\"dictCode\":50,\"updateBy\":\"admin\",\"status\":\"0\"}', '{\"msg\":\"操作成功\",\"code\":200}', 0, NULL, '2020-10-10 13:19:54');
INSERT INTO `sys_oper_log` VALUES (259, '字典数据', 2, 'cn.saberking.jvav.apm.web.controller.system.SysDictDataController.edit()', 'PUT', 1, 'admin', NULL, '/system/dict/data', '127.0.0.1', '内网IP', '{\"dictValue\":\"1\",\"dictSort\":0,\"remark\":\"申请中\",\"params\":{},\"dictType\":\"money_status\",\"dictLabel\":\"申请中\",\"createBy\":\"admin\",\"default\":false,\"isDefault\":\"N\",\"createTime\":1602007292000,\"dictCode\":51,\"updateBy\":\"admin\",\"status\":\"0\"}', '{\"msg\":\"操作成功\",\"code\":200}', 0, NULL, '2020-10-10 13:20:22');
INSERT INTO `sys_oper_log` VALUES (260, '字典数据', 2, 'cn.saberking.jvav.apm.web.controller.system.SysDictDataController.edit()', 'PUT', 1, 'admin', NULL, '/system/dict/data', '127.0.0.1', '内网IP', '{\"dictValue\":\"2\",\"dictSort\":0,\"remark\":\"已退款\",\"params\":{},\"dictType\":\"money_status\",\"dictLabel\":\"已退款\",\"createBy\":\"admin\",\"default\":false,\"isDefault\":\"N\",\"createTime\":1602007313000,\"dictCode\":52,\"updateBy\":\"admin\",\"status\":\"0\"}', '{\"msg\":\"操作成功\",\"code\":200}', 0, NULL, '2020-10-10 13:20:37');
INSERT INTO `sys_oper_log` VALUES (261, '字典数据', 2, 'cn.saberking.jvav.apm.web.controller.system.SysDictDataController.edit()', 'PUT', 1, 'admin', NULL, '/system/dict/data', '127.0.0.1', '内网IP', '{\"dictValue\":\"4\",\"dictSort\":0,\"remark\":\"取消订单\",\"params\":{},\"dictType\":\"order_status\",\"dictLabel\":\"正常\",\"createBy\":\"admin\",\"default\":false,\"isDefault\":\"N\",\"createTime\":1601953968000,\"dictCode\":41,\"updateBy\":\"admin\",\"status\":\"0\"}', '{\"msg\":\"操作成功\",\"code\":200}', 0, NULL, '2020-10-10 13:21:50');
INSERT INTO `sys_oper_log` VALUES (262, '字典数据', 2, 'cn.saberking.jvav.apm.web.controller.system.SysDictDataController.edit()', 'PUT', 1, 'admin', NULL, '/system/dict/data', '127.0.0.1', '内网IP', '{\"dictValue\":\"4\",\"dictSort\":0,\"remark\":\"取消订单\",\"params\":{},\"dictType\":\"order_status\",\"dictLabel\":\"取消订单\",\"createBy\":\"admin\",\"default\":false,\"isDefault\":\"N\",\"createTime\":1601953968000,\"dictCode\":41,\"updateBy\":\"admin\",\"status\":\"0\"}', '{\"msg\":\"操作成功\",\"code\":200}', 0, NULL, '2020-10-10 13:22:00');
INSERT INTO `sys_oper_log` VALUES (263, '字典数据', 2, 'cn.saberking.jvav.apm.web.controller.system.SysDictDataController.edit()', 'PUT', 1, 'admin', NULL, '/system/dict/data', '127.0.0.1', '内网IP', '{\"dictValue\":\"3\",\"dictSort\":0,\"remark\":\"待评价\",\"params\":{},\"dictType\":\"order_status\",\"dictLabel\":\"待评价\",\"createBy\":\"admin\",\"default\":false,\"isDefault\":\"N\",\"createTime\":1601953948000,\"dictCode\":40,\"updateBy\":\"admin\",\"status\":\"0\"}', '{\"msg\":\"操作成功\",\"code\":200}', 0, NULL, '2020-10-10 13:22:11');
INSERT INTO `sys_oper_log` VALUES (264, '字典数据', 2, 'cn.saberking.jvav.apm.web.controller.system.SysDictDataController.edit()', 'PUT', 1, 'admin', NULL, '/system/dict/data', '127.0.0.1', '内网IP', '{\"dictValue\":\"2\",\"dictSort\":0,\"remark\":\"已收货\",\"params\":{},\"dictType\":\"order_status\",\"dictLabel\":\"已收货\",\"createBy\":\"admin\",\"default\":false,\"isDefault\":\"N\",\"createTime\":1601953930000,\"dictCode\":39,\"updateBy\":\"admin\",\"status\":\"0\"}', '{\"msg\":\"操作成功\",\"code\":200}', 0, NULL, '2020-10-10 13:22:19');
INSERT INTO `sys_oper_log` VALUES (265, '字典数据', 2, 'cn.saberking.jvav.apm.web.controller.system.SysDictDataController.edit()', 'PUT', 1, 'admin', NULL, '/system/dict/data', '127.0.0.1', '内网IP', '{\"dictValue\":\"1\",\"dictSort\":0,\"remark\":\"待收货\",\"params\":{},\"dictType\":\"order_status\",\"dictLabel\":\"待收货\",\"createBy\":\"admin\",\"default\":false,\"isDefault\":\"N\",\"createTime\":1601953899000,\"dictCode\":38,\"updateBy\":\"admin\",\"status\":\"0\"}', '{\"msg\":\"操作成功\",\"code\":200}', 0, NULL, '2020-10-10 13:22:36');
INSERT INTO `sys_oper_log` VALUES (266, '字典数据', 2, 'cn.saberking.jvav.apm.web.controller.system.SysDictDataController.edit()', 'PUT', 1, 'admin', NULL, '/system/dict/data', '127.0.0.1', '内网IP', '{\"dictValue\":\"0\",\"dictSort\":0,\"remark\":\"待发货\",\"params\":{},\"dictType\":\"order_status\",\"dictLabel\":\"待发货\",\"createBy\":\"admin\",\"default\":false,\"isDefault\":\"N\",\"createTime\":1601953878000,\"dictCode\":37,\"updateBy\":\"admin\",\"status\":\"0\"}', '{\"msg\":\"操作成功\",\"code\":200}', 0, NULL, '2020-10-10 13:22:49');
INSERT INTO `sys_oper_log` VALUES (267, '字典数据', 2, 'cn.saberking.jvav.apm.web.controller.system.SysDictDataController.edit()', 'PUT', 1, 'admin', NULL, '/system/dict/data', '127.0.0.1', '内网IP', '{\"dictValue\":\"-2\",\"dictSort\":0,\"remark\":\"退货成功\",\"params\":{},\"dictType\":\"order_status\",\"dictLabel\":\"退货成功\",\"createBy\":\"admin\",\"default\":false,\"isDefault\":\"N\",\"createTime\":1601953853000,\"dictCode\":36,\"updateBy\":\"admin\",\"status\":\"0\"}', '{\"msg\":\"操作成功\",\"code\":200}', 0, NULL, '2020-10-10 13:22:55');
INSERT INTO `sys_oper_log` VALUES (268, '字典数据', 2, 'cn.saberking.jvav.apm.web.controller.system.SysDictDataController.edit()', 'PUT', 1, 'admin', NULL, '/system/dict/data', '127.0.0.1', '内网IP', '{\"dictValue\":\"-1\",\"dictSort\":0,\"remark\":\"申请退款\",\"params\":{},\"dictType\":\"order_status\",\"dictLabel\":\"申请退款\",\"createBy\":\"admin\",\"default\":false,\"isDefault\":\"N\",\"createTime\":1601953833000,\"dictCode\":35,\"updateBy\":\"admin\",\"status\":\"0\"}', '{\"msg\":\"操作成功\",\"code\":200}', 0, NULL, '2020-10-10 13:23:01');
INSERT INTO `sys_oper_log` VALUES (269, '字典类型', 3, 'cn.saberking.jvav.apm.web.controller.system.SysDictDataController.remove()', 'DELETE', 1, 'admin', NULL, '/system/dict/data/41', '127.0.0.1', '内网IP', '{dictCodes=41}', '{\"msg\":\"操作成功\",\"code\":200}', 0, NULL, '2020-10-10 13:24:48');
INSERT INTO `sys_oper_log` VALUES (270, '字典类型', 2, 'cn.saberking.jvav.apm.web.controller.system.SysDictTypeController.edit()', 'PUT', 1, 'admin', NULL, '/system/dict/type', '127.0.0.1', '内网IP', '{\"remark\":\"退货状态\",\"dictId\":19,\"params\":{},\"dictType\":\"money_status\",\"createBy\":\"admin\",\"createTime\":1602007235000,\"updateBy\":\"admin\",\"dictName\":\"退货状态\",\"status\":\"0\"}', '{\"msg\":\"操作成功\",\"code\":200}', 0, NULL, '2020-10-10 13:35:10');
INSERT INTO `sys_oper_log` VALUES (271, '字典类型', 2, 'cn.saberking.jvav.apm.web.controller.system.SysDictTypeController.edit()', 'PUT', 1, 'admin', NULL, '/system/dict/type', '127.0.0.1', '内网IP', '{\"remark\":\"退货状态\",\"dictId\":19,\"params\":{},\"dictType\":\"order_refund_status\",\"createBy\":\"admin\",\"createTime\":1602007235000,\"updateBy\":\"admin\",\"dictName\":\"退货状态\",\"status\":\"0\"}', '{\"msg\":\"操作成功\",\"code\":200}', 0, NULL, '2020-10-10 13:36:00');
INSERT INTO `sys_oper_log` VALUES (272, '订单', 2, 'cn.saberking.jvav.apm.web.controller.mall.ApmStoreOrderController.edit()', 'PUT', 1, 'admin', NULL, '/mall/order', '127.0.0.1', '内网IP', '{\"addTime\":1602032872000,\"isChannel\":0,\"orderId\":\"1001\",\"payTime\":1602033411000,\"userPhone\":\"17852674856\",\"useIntegral\":0,\"couponId\":1003,\"deliveryId\":\"1001\",\"id\":1001,\"freightPrice\":18,\"refundPrice\":1000,\"cartId\":\"10\",\"params\":{},\"userAddress\":\"山东\",\"gainIntegral\":0,\"isRemind\":0,\"totalPostage\":20,\"extendOrderId\":\"1002\",\"status\":1,\"totalPrice\":55,\"shippingType\":1,\"refundStatus\":0,\"remark\":\"好的\",\"deductionPrice\":123,\"isMerCheck\":0,\"deliverySn\":\"1001\",\"payPrice\":18,\"isSystemDel\":0,\"verifyCode\":\"\",\"storeId\":0,\"userId\":123456,\"realName\":\"admin\",\"refundReasonWap\":\"不要了\",\"payPostage\":55,\"totalNum\":1,\"paid\":0,\"couponPrice\":0,\"isDel\":0,\"mark\":\"无\"}', '{\"msg\":\"操作成功\",\"code\":200}', 0, NULL, '2020-10-10 14:35:25');
INSERT INTO `sys_oper_log` VALUES (273, '字典数据', 2, 'cn.saberking.jvav.apm.web.controller.system.SysDictDataController.edit()', 'PUT', 1, 'admin', NULL, '/system/dict/data', '127.0.0.1', '内网IP', '{\"dictValue\":\"-2\",\"dictSort\":1,\"remark\":\"退货成功\",\"params\":{},\"dictType\":\"order_status\",\"dictLabel\":\"退货成功\",\"createBy\":\"admin\",\"default\":false,\"isDefault\":\"N\",\"createTime\":1601953853000,\"dictCode\":36,\"updateBy\":\"admin\",\"status\":\"0\"}', '{\"msg\":\"操作成功\",\"code\":200}', 0, NULL, '2020-10-10 14:46:25');
INSERT INTO `sys_oper_log` VALUES (274, '字典数据', 2, 'cn.saberking.jvav.apm.web.controller.system.SysDictDataController.edit()', 'PUT', 1, 'admin', NULL, '/system/dict/data', '127.0.0.1', '内网IP', '{\"dictValue\":\"0\",\"dictSort\":2,\"remark\":\"待发货\",\"params\":{},\"dictType\":\"order_status\",\"dictLabel\":\"待发货\",\"createBy\":\"admin\",\"default\":false,\"isDefault\":\"N\",\"createTime\":1601953878000,\"dictCode\":37,\"updateBy\":\"admin\",\"status\":\"0\"}', '{\"msg\":\"操作成功\",\"code\":200}', 0, NULL, '2020-10-10 14:46:31');
INSERT INTO `sys_oper_log` VALUES (275, '字典数据', 2, 'cn.saberking.jvav.apm.web.controller.system.SysDictDataController.edit()', 'PUT', 1, 'admin', NULL, '/system/dict/data', '127.0.0.1', '内网IP', '{\"dictValue\":\"1\",\"dictSort\":3,\"remark\":\"待收货\",\"params\":{},\"dictType\":\"order_status\",\"dictLabel\":\"待收货\",\"createBy\":\"admin\",\"default\":false,\"isDefault\":\"N\",\"createTime\":1601953899000,\"dictCode\":38,\"updateBy\":\"admin\",\"status\":\"0\"}', '{\"msg\":\"操作成功\",\"code\":200}', 0, NULL, '2020-10-10 14:46:35');
INSERT INTO `sys_oper_log` VALUES (276, '字典数据', 2, 'cn.saberking.jvav.apm.web.controller.system.SysDictDataController.edit()', 'PUT', 1, 'admin', NULL, '/system/dict/data', '127.0.0.1', '内网IP', '{\"dictValue\":\"2\",\"dictSort\":4,\"remark\":\"已收货\",\"params\":{},\"dictType\":\"order_status\",\"dictLabel\":\"已收货\",\"createBy\":\"admin\",\"default\":false,\"isDefault\":\"N\",\"createTime\":1601953930000,\"dictCode\":39,\"updateBy\":\"admin\",\"status\":\"0\"}', '{\"msg\":\"操作成功\",\"code\":200}', 0, NULL, '2020-10-10 14:46:39');
INSERT INTO `sys_oper_log` VALUES (277, '字典数据', 2, 'cn.saberking.jvav.apm.web.controller.system.SysDictDataController.edit()', 'PUT', 1, 'admin', NULL, '/system/dict/data', '127.0.0.1', '内网IP', '{\"dictValue\":\"3\",\"dictSort\":5,\"remark\":\"待评价\",\"params\":{},\"dictType\":\"order_status\",\"dictLabel\":\"待评价\",\"createBy\":\"admin\",\"default\":false,\"isDefault\":\"N\",\"createTime\":1601953948000,\"dictCode\":40,\"updateBy\":\"admin\",\"status\":\"0\"}', '{\"msg\":\"操作成功\",\"code\":200}', 0, NULL, '2020-10-10 14:46:45');
INSERT INTO `sys_oper_log` VALUES (278, '代码生成', 2, 'cn.saberking.jvav.apm.generator.controller.GenController.editSave()', 'PUT', 1, 'admin', NULL, '/tool/gen', '127.0.0.1', '内网IP', '{\"functionAuthor\":\"apm\",\"columns\":[{\"usableColumn\":false,\"columnId\":525,\"isIncrement\":\"1\",\"increment\":true,\"insert\":false,\"dictType\":\"\",\"required\":false,\"superColumn\":false,\"updateBy\":\"\",\"javaField\":\"id\",\"htmlType\":\"input\",\"edit\":false,\"query\":false,\"sort\":1,\"list\":false,\"params\":{},\"javaType\":\"Integer\",\"queryType\":\"EQ\",\"columnType\":\"int(10) unsigned\",\"createBy\":\"admin\",\"isPk\":\"1\",\"createTime\":1601949481000,\"tableId\":34,\"pk\":true,\"columnName\":\"id\"},{\"usableColumn\":false,\"columnId\":526,\"isIncrement\":\"0\",\"increment\":false,\"insert\":true,\"isList\":\"1\",\"dictType\":\"\",\"required\":true,\"superColumn\":false,\"updateBy\":\"\",\"isInsert\":\"1\",\"isRequired\":\"1\",\"javaField\":\"productId\",\"htmlType\":\"input\",\"edit\":true,\"query\":true,\"columnComment\":\"商品ID\",\"isQuery\":\"1\",\"sort\":2,\"list\":true,\"params\":{},\"javaType\":\"Integer\",\"queryType\":\"EQ\",\"columnType\":\"int(10) unsigned\",\"createBy\":\"admin\",\"isPk\":\"0\",\"createTime\":1601949481000,\"isEdit\":\"1\",\"tableId\":34,\"pk\":false,\"columnName\":\"product_id\"},{\"usableColumn\":false,\"columnId\":527,\"isIncrement\":\"0\",\"increment\":false,\"insert\":true,\"isList\":\"1\",\"dictType\":\"\",\"required\":true,\"superColumn\":false,\"updateBy\":\"\",\"isInsert\":\"1\",\"isRequired\":\"1\",\"javaField\":\"attrName\",\"htmlType\":\"input\",\"edit\":true,\"query\":true,\"columnComment\":\"属性名\",\"isQuery\":\"1\",\"sort\":3,\"list\":true,\"params\":{},\"javaType\":\"String\",\"queryType\":\"LIKE\",\"columnType\":\"varchar(32)\",\"createBy\":\"admin\",\"isPk\":\"0\",\"createTime\":1601949481000,\"isEdit\":\"1\",\"tableId\":34,\"pk\":false,\"columnName\":\"attr_name\"},{\"usableColumn\":false,\"columnId\":528,\"isIncrement\":\"0\",\"increment\":false,\"insert\":true,\"isList\":\"1\",\"dictType\":\"\",\"required\":true,\"superColumn\":false,\"updateBy\":\"\",\"isInsert\":\"1\",\"isRequired\":\"1\",\"javaField\":\"attrValues\",\"htmlType\":\"input\",\"edit\":true,\"query\":true,\"columnComment\":\"属性值\",\"isQuery\":\"1\",\"sort\":4,\"list\":true,\"params\":{},\"javaType\":\"String\",\"queryType\":\"EQ\",\"columnType\":\"varchar(256)\",\"createBy\":\"admin\",\"isPk\":\"0\",\"createTime\":1601949481000,\"isEdit\":\"1\",\"tableId\":34,\"pk\":false,\"columnName', '{\"msg\":\"操作成功\",\"code\":200}', 0, NULL, '2020-10-11 02:03:30');
INSERT INTO `sys_oper_log` VALUES (279, '代码生成', 2, 'cn.saberking.jvav.apm.generator.controller.GenController.synchDb()', 'GET', 1, 'admin', NULL, '/tool/gen/synchDb/apm_store_product_attr', '127.0.0.1', '内网IP', '{tableName=apm_store_product_attr}', '{\"msg\":\"操作成功\",\"code\":200}', 0, NULL, '2020-10-11 02:03:53');
INSERT INTO `sys_oper_log` VALUES (280, '代码生成', 2, 'cn.saberking.jvav.apm.generator.controller.GenController.editSave()', 'PUT', 1, 'admin', NULL, '/tool/gen', '127.0.0.1', '内网IP', '{\"functionAuthor\":\"apm\",\"columns\":[{\"usableColumn\":false,\"columnId\":525,\"isIncrement\":\"1\",\"increment\":true,\"insert\":false,\"dictType\":\"\",\"required\":false,\"superColumn\":false,\"updateBy\":\"\",\"javaField\":\"id\",\"htmlType\":\"input\",\"edit\":false,\"query\":false,\"updateTime\":1602353010000,\"sort\":1,\"list\":false,\"params\":{},\"javaType\":\"Integer\",\"queryType\":\"EQ\",\"columnType\":\"int(10) unsigned\",\"createBy\":\"admin\",\"isPk\":\"1\",\"createTime\":1601949481000,\"tableId\":34,\"pk\":true,\"columnName\":\"id\"},{\"usableColumn\":false,\"columnId\":526,\"isIncrement\":\"0\",\"increment\":false,\"insert\":true,\"isList\":\"1\",\"dictType\":\"\",\"required\":true,\"superColumn\":false,\"updateBy\":\"\",\"isInsert\":\"1\",\"isRequired\":\"1\",\"javaField\":\"productId\",\"htmlType\":\"input\",\"edit\":true,\"query\":true,\"columnComment\":\"商品ID\",\"isQuery\":\"1\",\"updateTime\":1602353010000,\"sort\":2,\"list\":true,\"params\":{},\"javaType\":\"Integer\",\"queryType\":\"EQ\",\"columnType\":\"int(10) unsigned\",\"createBy\":\"admin\",\"isPk\":\"0\",\"createTime\":1601949481000,\"isEdit\":\"1\",\"tableId\":34,\"pk\":false,\"columnName\":\"product_id\"},{\"usableColumn\":false,\"columnId\":527,\"isIncrement\":\"0\",\"increment\":false,\"insert\":true,\"isList\":\"1\",\"dictType\":\"\",\"required\":true,\"superColumn\":false,\"updateBy\":\"\",\"isInsert\":\"1\",\"isRequired\":\"1\",\"javaField\":\"attrName\",\"htmlType\":\"input\",\"edit\":true,\"query\":true,\"columnComment\":\"属性名\",\"isQuery\":\"1\",\"updateTime\":1602353010000,\"sort\":3,\"list\":true,\"params\":{},\"javaType\":\"String\",\"queryType\":\"LIKE\",\"columnType\":\"varchar(32)\",\"createBy\":\"admin\",\"isPk\":\"0\",\"createTime\":1601949481000,\"isEdit\":\"1\",\"tableId\":34,\"pk\":false,\"columnName\":\"attr_name\"},{\"usableColumn\":false,\"columnId\":528,\"isIncrement\":\"0\",\"increment\":false,\"insert\":true,\"isList\":\"1\",\"dictType\":\"\",\"required\":true,\"superColumn\":false,\"updateBy\":\"\",\"isInsert\":\"1\",\"isRequired\":\"1\",\"javaField\":\"attrValues\",\"htmlType\":\"input\",\"edit\":true,\"query\":true,\"columnComment\":\"属性值\",\"isQuery\":\"1\",\"updateTime\":1602353010000,\"sort\":4,\"list\":true,\"params\":{},\"javaType\":\"String\",\"queryType\":\"EQ\",\"columnType\":\"varchar(256', '{\"msg\":\"操作成功\",\"code\":200}', 0, NULL, '2020-10-11 02:04:12');
INSERT INTO `sys_oper_log` VALUES (281, '代码生成', 8, 'cn.saberking.jvav.apm.generator.controller.GenController.batchGenCode()', 'GET', 1, 'admin', NULL, '/tool/gen/batchGenCode', '127.0.0.1', '内网IP', '{}', 'null', 0, NULL, '2020-10-11 02:04:33');
INSERT INTO `sys_oper_log` VALUES (282, '代码生成', 2, 'cn.saberking.jvav.apm.generator.controller.GenController.synchDb()', 'GET', 1, 'admin', NULL, '/tool/gen/synchDb/apm_store_product_attr_value', '127.0.0.1', '内网IP', '{tableName=apm_store_product_attr_value}', '{\"msg\":\"操作成功\",\"code\":200}', 0, NULL, '2020-10-11 03:05:34');
INSERT INTO `sys_oper_log` VALUES (283, '代码生成', 2, 'cn.saberking.jvav.apm.generator.controller.GenController.editSave()', 'PUT', 1, 'admin', NULL, '/tool/gen', '127.0.0.1', '内网IP', '{\"functionAuthor\":\"apm\",\"columns\":[{\"usableColumn\":false,\"columnId\":533,\"isIncrement\":\"1\",\"increment\":true,\"insert\":true,\"dictType\":\"\",\"required\":false,\"superColumn\":false,\"updateBy\":\"\",\"isInsert\":\"1\",\"javaField\":\"id\",\"htmlType\":\"input\",\"edit\":false,\"query\":false,\"sort\":1,\"list\":false,\"params\":{},\"javaType\":\"Integer\",\"queryType\":\"EQ\",\"columnType\":\"int(10) unsigned\",\"createBy\":\"admin\",\"isPk\":\"1\",\"createTime\":1601949481000,\"tableId\":36,\"pk\":true,\"columnName\":\"id\"},{\"usableColumn\":false,\"columnId\":534,\"isIncrement\":\"0\",\"increment\":false,\"insert\":true,\"isList\":\"1\",\"dictType\":\"\",\"required\":true,\"superColumn\":false,\"updateBy\":\"\",\"isInsert\":\"1\",\"isRequired\":\"1\",\"javaField\":\"productId\",\"htmlType\":\"input\",\"edit\":true,\"query\":true,\"columnComment\":\"商品ID\",\"isQuery\":\"1\",\"sort\":2,\"list\":true,\"params\":{},\"javaType\":\"Integer\",\"queryType\":\"EQ\",\"columnType\":\"int(10) unsigned\",\"createBy\":\"admin\",\"isPk\":\"0\",\"createTime\":1601949481000,\"isEdit\":\"1\",\"tableId\":36,\"pk\":false,\"columnName\":\"product_id\"},{\"usableColumn\":false,\"columnId\":535,\"isIncrement\":\"0\",\"increment\":false,\"insert\":true,\"isList\":\"1\",\"dictType\":\"\",\"required\":true,\"superColumn\":false,\"updateBy\":\"\",\"isInsert\":\"1\",\"isRequired\":\"1\",\"javaField\":\"suk\",\"htmlType\":\"input\",\"edit\":true,\"query\":true,\"columnComment\":\"商品属性索引值 (attr_value|attr_value[|....])\",\"isQuery\":\"1\",\"sort\":3,\"list\":true,\"params\":{},\"javaType\":\"String\",\"queryType\":\"EQ\",\"columnType\":\"varchar(128)\",\"createBy\":\"admin\",\"isPk\":\"0\",\"createTime\":1601949481000,\"isEdit\":\"1\",\"tableId\":36,\"pk\":false,\"columnName\":\"suk\"},{\"usableColumn\":false,\"columnId\":536,\"isIncrement\":\"0\",\"increment\":false,\"insert\":true,\"isList\":\"1\",\"dictType\":\"\",\"required\":true,\"superColumn\":false,\"updateBy\":\"\",\"isInsert\":\"1\",\"isRequired\":\"1\",\"javaField\":\"stock\",\"htmlType\":\"input\",\"edit\":true,\"query\":true,\"columnComment\":\"属性对应的库存\",\"isQuery\":\"1\",\"sort\":4,\"list\":true,\"params\":{},\"javaType\":\"Integer\",\"queryType\":\"EQ\",\"columnType\":\"int(10) unsigned\",\"createBy\":\"admin\",\"isPk\":\"0\",\"createTime\":1601949481000,\"isEdit', '{\"msg\":\"操作成功\",\"code\":200}', 0, NULL, '2020-10-11 03:06:12');
INSERT INTO `sys_oper_log` VALUES (284, '代码生成', 8, 'cn.saberking.jvav.apm.generator.controller.GenController.batchGenCode()', 'GET', 1, 'admin', NULL, '/tool/gen/batchGenCode', '127.0.0.1', '内网IP', '{}', 'null', 0, NULL, '2020-10-11 03:06:19');
INSERT INTO `sys_oper_log` VALUES (285, '菜单管理', 2, 'cn.saberking.jvav.apm.web.controller.system.SysMenuController.edit()', 'PUT', 1, 'admin', NULL, '/system/menu', '127.0.0.1', '内网IP', '{\"visible\":\"0\",\"icon\":\"#\",\"orderNum\":\"1\",\"menuName\":\"商品属性值\",\"params\":{},\"parentId\":1075,\"isCache\":\"0\",\"path\":\"value\",\"component\":\"mall/value/index\",\"children\":[],\"createTime\":1519833600000,\"updateBy\":\"admin\",\"isFrame\":\"1\",\"menuId\":1090,\"menuType\":\"C\",\"perms\":\"mall:value:list\",\"status\":\"0\"}', '{\"msg\":\"操作成功\",\"code\":200}', 0, NULL, '2020-10-11 03:43:02');
INSERT INTO `sys_oper_log` VALUES (286, '菜单管理', 2, 'cn.saberking.jvav.apm.web.controller.system.SysMenuController.edit()', 'PUT', 1, 'admin', NULL, '/system/menu', '127.0.0.1', '内网IP', '{\"visible\":\"0\",\"icon\":\"#\",\"orderNum\":\"1\",\"menuName\":\"商品属性值\",\"params\":{},\"parentId\":1061,\"isCache\":\"0\",\"path\":\"value\",\"component\":\"mall/value/index\",\"children\":[],\"createTime\":1519833600000,\"updateBy\":\"admin\",\"isFrame\":\"1\",\"menuId\":1090,\"menuType\":\"C\",\"perms\":\"mall:value:list\",\"status\":\"0\"}', '{\"msg\":\"操作成功\",\"code\":200}', 0, NULL, '2020-10-11 03:43:58');
INSERT INTO `sys_oper_log` VALUES (287, '字典数据', 2, 'cn.saberking.jvav.apm.web.controller.system.SysDictDataController.edit()', 'PUT', 1, 'admin', NULL, '/system/dict/data', '127.0.0.1', '内网IP', '{\"dictValue\":\"-1\",\"listClass\":\"warning\",\"dictSort\":0,\"remark\":\"申请退款\",\"params\":{},\"dictType\":\"order_status\",\"dictLabel\":\"申请退款\",\"createBy\":\"admin\",\"default\":false,\"isDefault\":\"N\",\"cssClass\":\"\",\"createTime\":1601953833000,\"dictCode\":35,\"updateBy\":\"admin\",\"status\":\"0\"}', '{\"msg\":\"操作成功\",\"code\":200}', 0, NULL, '2020-10-11 03:53:45');
INSERT INTO `sys_oper_log` VALUES (288, '字典数据', 2, 'cn.saberking.jvav.apm.web.controller.system.SysDictDataController.edit()', 'PUT', 1, 'admin', NULL, '/system/dict/data', '127.0.0.1', '内网IP', '{\"dictValue\":\"-2\",\"listClass\":\"danger\",\"dictSort\":1,\"remark\":\"退货成功\",\"params\":{},\"dictType\":\"order_status\",\"dictLabel\":\"退货成功\",\"createBy\":\"admin\",\"default\":false,\"isDefault\":\"N\",\"createTime\":1601953853000,\"dictCode\":36,\"updateBy\":\"admin\",\"status\":\"0\"}', '{\"msg\":\"操作成功\",\"code\":200}', 0, NULL, '2020-10-11 03:54:13');
INSERT INTO `sys_oper_log` VALUES (289, '字典数据', 2, 'cn.saberking.jvav.apm.web.controller.system.SysDictDataController.edit()', 'PUT', 1, 'admin', NULL, '/system/dict/data', '127.0.0.1', '内网IP', '{\"dictValue\":\"1\",\"listClass\":\"success\",\"dictSort\":3,\"remark\":\"待收货\",\"params\":{},\"dictType\":\"order_status\",\"dictLabel\":\"待收货\",\"createBy\":\"admin\",\"default\":false,\"isDefault\":\"N\",\"createTime\":1601953899000,\"dictCode\":38,\"updateBy\":\"admin\",\"status\":\"0\"}', '{\"msg\":\"操作成功\",\"code\":200}', 0, NULL, '2020-10-11 03:54:34');
INSERT INTO `sys_oper_log` VALUES (290, '字典数据', 2, 'cn.saberking.jvav.apm.web.controller.system.SysDictDataController.edit()', 'PUT', 1, 'admin', NULL, '/system/dict/data', '127.0.0.1', '内网IP', '{\"dictValue\":\"2\",\"listClass\":\"info\",\"dictSort\":4,\"remark\":\"已收货\",\"params\":{},\"dictType\":\"order_status\",\"dictLabel\":\"已收货\",\"createBy\":\"admin\",\"default\":false,\"isDefault\":\"N\",\"createTime\":1601953930000,\"dictCode\":39,\"updateBy\":\"admin\",\"status\":\"0\"}', '{\"msg\":\"操作成功\",\"code\":200}', 0, NULL, '2020-10-11 03:54:43');
INSERT INTO `sys_oper_log` VALUES (291, '字典数据', 2, 'cn.saberking.jvav.apm.web.controller.system.SysDictDataController.edit()', 'PUT', 1, 'admin', NULL, '/system/dict/data', '127.0.0.1', '内网IP', '{\"dictValue\":\"3\",\"listClass\":\"info\",\"dictSort\":5,\"remark\":\"待评价\",\"params\":{},\"dictType\":\"order_status\",\"dictLabel\":\"待评价\",\"createBy\":\"admin\",\"default\":false,\"isDefault\":\"N\",\"createTime\":1601953948000,\"dictCode\":40,\"updateBy\":\"admin\",\"status\":\"0\"}', '{\"msg\":\"操作成功\",\"code\":200}', 0, NULL, '2020-10-11 03:54:46');
INSERT INTO `sys_oper_log` VALUES (292, '字典数据', 2, 'cn.saberking.jvav.apm.web.controller.system.SysDictDataController.edit()', 'PUT', 1, 'admin', NULL, '/system/dict/data', '127.0.0.1', '内网IP', '{\"dictValue\":\"0\",\"listClass\":\"primary\",\"dictSort\":2,\"remark\":\"待发货\",\"params\":{},\"dictType\":\"order_status\",\"dictLabel\":\"待发货\",\"createBy\":\"admin\",\"default\":false,\"isDefault\":\"N\",\"createTime\":1601953878000,\"dictCode\":37,\"updateBy\":\"admin\",\"status\":\"0\"}', '{\"msg\":\"操作成功\",\"code\":200}', 0, NULL, '2020-10-11 03:54:55');
INSERT INTO `sys_oper_log` VALUES (293, '订单', 5, 'cn.saberking.jvav.apm.web.controller.mall.ApmStoreOrderController.export()', 'GET', 1, 'admin', NULL, '/mall/order/export', '127.0.0.1', '内网IP', '{}', '{\"msg\":\"fc0a0160-0915-4c6d-aaf7-b71062626c3f_order.xlsx\",\"code\":200}', 0, NULL, '2020-10-11 05:21:53');
INSERT INTO `sys_oper_log` VALUES (294, '字典数据', 2, 'cn.saberking.jvav.apm.web.controller.system.SysDictDataController.edit()', 'PUT', 1, 'admin', NULL, '/system/dict/data', '127.0.0.1', '内网IP', '{\"dictValue\":\"0\",\"listClass\":\"primary\",\"dictSort\":0,\"remark\":\"已支付\",\"params\":{},\"dictType\":\"pay_status\",\"dictLabel\":\"已支付\",\"createBy\":\"admin\",\"default\":false,\"isDefault\":\"N\",\"createTime\":1602006946000,\"dictCode\":48,\"updateBy\":\"admin\",\"status\":\"0\"}', '{\"msg\":\"操作成功\",\"code\":200}', 0, NULL, '2020-10-11 06:08:00');
INSERT INTO `sys_oper_log` VALUES (295, '字典数据', 2, 'cn.saberking.jvav.apm.web.controller.system.SysDictDataController.edit()', 'PUT', 1, 'admin', NULL, '/system/dict/data', '127.0.0.1', '内网IP', '{\"dictValue\":\"1\",\"listClass\":\"warning\",\"dictSort\":0,\"remark\":\"未支付\",\"params\":{},\"dictType\":\"pay_status\",\"dictLabel\":\"未支付\",\"createBy\":\"admin\",\"default\":false,\"isDefault\":\"N\",\"createTime\":1602006962000,\"dictCode\":49,\"updateBy\":\"admin\",\"status\":\"0\"}', '{\"msg\":\"操作成功\",\"code\":200}', 0, NULL, '2020-10-11 06:08:10');
INSERT INTO `sys_oper_log` VALUES (296, '字典数据', 2, 'cn.saberking.jvav.apm.web.controller.system.SysDictDataController.edit()', 'PUT', 1, 'admin', NULL, '/system/dict/data', '127.0.0.1', '内网IP', '{\"dictValue\":\"1\",\"listClass\":\"warning\",\"dictSort\":1,\"remark\":\"未支付\",\"params\":{},\"dictType\":\"pay_status\",\"dictLabel\":\"未支付\",\"createBy\":\"admin\",\"default\":false,\"isDefault\":\"N\",\"createTime\":1602006962000,\"dictCode\":49,\"updateBy\":\"admin\",\"status\":\"0\"}', '{\"msg\":\"操作成功\",\"code\":200}', 0, NULL, '2020-10-11 06:08:50');
INSERT INTO `sys_oper_log` VALUES (297, '字典数据', 2, 'cn.saberking.jvav.apm.web.controller.system.SysDictDataController.edit()', 'PUT', 1, 'admin', NULL, '/system/dict/data', '127.0.0.1', '内网IP', '{\"dictValue\":\"1\",\"dictSort\":1,\"remark\":\"申请中\",\"params\":{},\"dictType\":\"order_refund_status\",\"dictLabel\":\"申请中\",\"createBy\":\"admin\",\"default\":false,\"isDefault\":\"N\",\"createTime\":1602007292000,\"dictCode\":51,\"updateBy\":\"admin\",\"status\":\"0\"}', '{\"msg\":\"操作成功\",\"code\":200}', 0, NULL, '2020-10-11 06:09:09');
INSERT INTO `sys_oper_log` VALUES (298, '字典数据', 2, 'cn.saberking.jvav.apm.web.controller.system.SysDictDataController.edit()', 'PUT', 1, 'admin', NULL, '/system/dict/data', '127.0.0.1', '内网IP', '{\"dictValue\":\"2\",\"dictSort\":2,\"remark\":\"已退款\",\"params\":{},\"dictType\":\"order_refund_status\",\"dictLabel\":\"已退款\",\"createBy\":\"admin\",\"default\":false,\"isDefault\":\"N\",\"createTime\":1602007313000,\"dictCode\":52,\"updateBy\":\"admin\",\"status\":\"0\"}', '{\"msg\":\"操作成功\",\"code\":200}', 0, NULL, '2020-10-11 06:09:15');
INSERT INTO `sys_oper_log` VALUES (299, '字典数据', 2, 'cn.saberking.jvav.apm.web.controller.system.SysDictDataController.edit()', 'PUT', 1, 'admin', NULL, '/system/dict/data', '127.0.0.1', '内网IP', '{\"dictValue\":\"0\",\"listClass\":\"danger\",\"dictSort\":0,\"remark\":\"未退款\",\"params\":{},\"dictType\":\"order_refund_status\",\"dictLabel\":\"未退款\",\"createBy\":\"admin\",\"default\":false,\"isDefault\":\"N\",\"createTime\":1602007277000,\"dictCode\":50,\"updateBy\":\"admin\",\"status\":\"0\"}', '{\"msg\":\"操作成功\",\"code\":200}', 0, NULL, '2020-10-11 06:11:25');
INSERT INTO `sys_oper_log` VALUES (300, '字典数据', 2, 'cn.saberking.jvav.apm.web.controller.system.SysDictDataController.edit()', 'PUT', 1, 'admin', NULL, '/system/dict/data', '127.0.0.1', '内网IP', '{\"dictValue\":\"1\",\"listClass\":\"warning\",\"dictSort\":1,\"remark\":\"申请中\",\"params\":{},\"dictType\":\"order_refund_status\",\"dictLabel\":\"申请中\",\"createBy\":\"admin\",\"default\":false,\"isDefault\":\"N\",\"createTime\":1602007292000,\"dictCode\":51,\"updateBy\":\"admin\",\"status\":\"0\"}', '{\"msg\":\"操作成功\",\"code\":200}', 0, NULL, '2020-10-11 06:11:35');
INSERT INTO `sys_oper_log` VALUES (301, '字典数据', 2, 'cn.saberking.jvav.apm.web.controller.system.SysDictDataController.edit()', 'PUT', 1, 'admin', NULL, '/system/dict/data', '127.0.0.1', '内网IP', '{\"dictValue\":\"2\",\"listClass\":\"success\",\"dictSort\":2,\"remark\":\"已退款\",\"params\":{},\"dictType\":\"order_refund_status\",\"dictLabel\":\"已退款\",\"createBy\":\"admin\",\"default\":false,\"isDefault\":\"N\",\"createTime\":1602007313000,\"dictCode\":52,\"updateBy\":\"admin\",\"status\":\"0\"}', '{\"msg\":\"操作成功\",\"code\":200}', 0, NULL, '2020-10-11 06:11:43');
INSERT INTO `sys_oper_log` VALUES (302, '字典数据', 2, 'cn.saberking.jvav.apm.web.controller.system.SysDictDataController.edit()', 'PUT', 1, 'admin', NULL, '/system/dict/data', '127.0.0.1', '内网IP', '{\"dictValue\":\"0\",\"listClass\":\"success\",\"dictSort\":0,\"remark\":\"已支付\",\"params\":{},\"dictType\":\"pay_status\",\"dictLabel\":\"已支付\",\"createBy\":\"admin\",\"default\":false,\"isDefault\":\"N\",\"createTime\":1602006946000,\"dictCode\":48,\"updateBy\":\"admin\",\"status\":\"0\"}', '{\"msg\":\"操作成功\",\"code\":200}', 0, NULL, '2020-10-11 06:11:57');
INSERT INTO `sys_oper_log` VALUES (303, '字典数据', 2, 'cn.saberking.jvav.apm.web.controller.system.SysDictDataController.edit()', 'PUT', 1, 'admin', NULL, '/system/dict/data', '127.0.0.1', '内网IP', '{\"dictValue\":\"0\",\"listClass\":\"primary\",\"dictSort\":1,\"remark\":\"性别男\",\"params\":{},\"dictType\":\"sys_user_sex\",\"dictLabel\":\"男\",\"createBy\":\"admin\",\"default\":true,\"isDefault\":\"Y\",\"cssClass\":\"\",\"createTime\":1521171180000,\"dictCode\":1,\"updateBy\":\"admin\",\"status\":\"0\"}', '{\"msg\":\"操作成功\",\"code\":200}', 0, NULL, '2020-10-11 06:42:26');
INSERT INTO `sys_oper_log` VALUES (304, '字典数据', 2, 'cn.saberking.jvav.apm.web.controller.system.SysDictDataController.edit()', 'PUT', 1, 'admin', NULL, '/system/dict/data', '127.0.0.1', '内网IP', '{\"dictValue\":\"1\",\"listClass\":\"danger\",\"dictSort\":2,\"remark\":\"性别女\",\"params\":{},\"dictType\":\"sys_user_sex\",\"dictLabel\":\"女\",\"createBy\":\"admin\",\"default\":false,\"isDefault\":\"N\",\"cssClass\":\"\",\"createTime\":1521171180000,\"dictCode\":2,\"updateBy\":\"admin\",\"status\":\"0\"}', '{\"msg\":\"操作成功\",\"code\":200}', 0, NULL, '2020-10-11 06:42:39');
INSERT INTO `sys_oper_log` VALUES (305, '字典数据', 2, 'cn.saberking.jvav.apm.web.controller.system.SysDictDataController.edit()', 'PUT', 1, 'admin', NULL, '/system/dict/data', '127.0.0.1', '内网IP', '{\"dictValue\":\"2\",\"listClass\":\"info\",\"dictSort\":3,\"remark\":\"性别未知\",\"params\":{},\"dictType\":\"sys_user_sex\",\"dictLabel\":\"未知\",\"createBy\":\"admin\",\"default\":false,\"isDefault\":\"N\",\"cssClass\":\"\",\"createTime\":1521171180000,\"dictCode\":3,\"updateBy\":\"admin\",\"status\":\"0\"}', '{\"msg\":\"操作成功\",\"code\":200}', 0, NULL, '2020-10-11 06:43:23');
INSERT INTO `sys_oper_log` VALUES (306, '字典数据', 2, 'cn.saberking.jvav.apm.web.controller.system.SysDictDataController.edit()', 'PUT', 1, 'admin', NULL, '/system/dict/data', '127.0.0.1', '内网IP', '{\"dictValue\":\"web\",\"listClass\":\"primary\",\"dictSort\":0,\"remark\":\"通过网站登录\",\"params\":{},\"dictType\":\"sys_user_login_type\",\"dictLabel\":\"网站\",\"createBy\":\"admin\",\"default\":false,\"isDefault\":\"N\",\"createTime\":1601928672000,\"dictCode\":31,\"updateBy\":\"admin\",\"status\":\"0\"}', '{\"msg\":\"操作成功\",\"code\":200}', 0, NULL, '2020-10-11 06:44:10');
INSERT INTO `sys_oper_log` VALUES (307, '字典数据', 2, 'cn.saberking.jvav.apm.web.controller.system.SysDictDataController.edit()', 'PUT', 1, 'admin', NULL, '/system/dict/data', '127.0.0.1', '内网IP', '{\"dictValue\":\"app\",\"listClass\":\"success\",\"dictSort\":1,\"remark\":\"通过移动端应用登录，如：手机APP\",\"params\":{},\"dictType\":\"sys_user_login_type\",\"dictLabel\":\"移动端\",\"createBy\":\"admin\",\"default\":false,\"isDefault\":\"N\",\"createTime\":1601928716000,\"dictCode\":32,\"updateBy\":\"admin\",\"status\":\"0\"}', '{\"msg\":\"操作成功\",\"code\":200}', 0, NULL, '2020-10-11 06:44:19');
INSERT INTO `sys_oper_log` VALUES (308, '商品', 1, 'cn.saberking.jvav.apm.mall.controller.ApmStoreProductController.add()', 'POST', 1, 'admin', NULL, '/mall/product', '127.0.0.1', '内网IP', '{\"price\":123,\"storeName\":\"11111\",\"id\":7,\"keyword\":\"1111\",\"image\":\"/profile/upload/2020/10/11/d9cd3d8c-1e43-4b21-babc-91ea125d001b.jpg\",\"params\":{},\"sliderImage\":\"1\",\"codePath\":\"123\",\"cateId\":\"2\",\"storeInfo\":\"1111\",\"category\":\"普通商品\"}', '{\"msg\":\"操作成功\",\"code\":200}', 0, NULL, '2020-10-11 07:09:33');
INSERT INTO `sys_oper_log` VALUES (309, '字典类型', 1, 'cn.saberking.jvav.apm.web.controller.system.SysDictTypeController.add()', 'POST', 1, 'admin', NULL, '/system/dict/type', '127.0.0.1', '内网IP', '{\"remark\":\"商城用户类型列表\",\"params\":{},\"dictType\":\"apm_user_type\",\"createBy\":\"admin\",\"dictName\":\"商城用户类型\",\"status\":\"0\"}', '{\"msg\":\"操作成功\",\"code\":200}', 0, NULL, '2020-10-11 10:24:59');
INSERT INTO `sys_oper_log` VALUES (310, '字典类型', 2, 'cn.saberking.jvav.apm.web.controller.system.SysDictTypeController.edit()', 'PUT', 1, 'admin', NULL, '/system/dict/type', '127.0.0.1', '内网IP', '{\"remark\":\"订单状态列表\",\"dictId\":14,\"params\":{},\"dictType\":\"order_status\",\"createBy\":\"admin\",\"createTime\":1601953757000,\"updateBy\":\"admin\",\"dictName\":\"订单状态\",\"status\":\"0\"}', '{\"msg\":\"操作成功\",\"code\":200}', 0, NULL, '2020-10-11 10:25:43');
INSERT INTO `sys_oper_log` VALUES (311, '字典类型', 2, 'cn.saberking.jvav.apm.web.controller.system.SysDictTypeController.edit()', 'PUT', 1, 'admin', NULL, '/system/dict/type', '127.0.0.1', '内网IP', '{\"remark\":\"用户删除状态列表\",\"dictId\":17,\"params\":{},\"dictType\":\"sys_user_del_flag\",\"createBy\":\"admin\",\"createTime\":1601966499000,\"updateBy\":\"admin\",\"dictName\":\"用户删除状态\",\"status\":\"0\"}', '{\"msg\":\"操作成功\",\"code\":200}', 0, NULL, '2020-10-11 10:25:56');
INSERT INTO `sys_oper_log` VALUES (312, '字典类型', 2, 'cn.saberking.jvav.apm.web.controller.system.SysDictTypeController.edit()', 'PUT', 1, 'admin', NULL, '/system/dict/type', '127.0.0.1', '内网IP', '{\"remark\":\"顾客支付状态列表\",\"dictId\":18,\"params\":{},\"dictType\":\"pay_status\",\"createBy\":\"admin\",\"createTime\":1602006867000,\"updateBy\":\"admin\",\"dictName\":\"支付状态\",\"status\":\"0\"}', '{\"msg\":\"操作成功\",\"code\":200}', 0, NULL, '2020-10-11 10:26:06');
INSERT INTO `sys_oper_log` VALUES (313, '字典类型', 2, 'cn.saberking.jvav.apm.web.controller.system.SysDictTypeController.edit()', 'PUT', 1, 'admin', NULL, '/system/dict/type', '127.0.0.1', '内网IP', '{\"remark\":\"退货状态列表\",\"dictId\":19,\"params\":{},\"dictType\":\"order_refund_status\",\"createBy\":\"admin\",\"createTime\":1602007235000,\"updateBy\":\"admin\",\"dictName\":\"退货状态\",\"status\":\"0\"}', '{\"msg\":\"操作成功\",\"code\":200}', 0, NULL, '2020-10-11 10:26:12');
INSERT INTO `sys_oper_log` VALUES (314, '字典类型', 2, 'cn.saberking.jvav.apm.web.controller.system.SysDictTypeController.edit()', 'PUT', 1, 'admin', NULL, '/system/dict/type', '127.0.0.1', '内网IP', '{\"remark\":\"支付渠道列表\",\"dictId\":20,\"params\":{},\"dictType\":\"payment_channels\",\"createBy\":\"admin\",\"createTime\":1602007472000,\"updateBy\":\"admin\",\"dictName\":\"支付渠道\",\"status\":\"0\"}', '{\"msg\":\"操作成功\",\"code\":200}', 0, NULL, '2020-10-11 10:26:18');
INSERT INTO `sys_oper_log` VALUES (315, '字典类型', 2, 'cn.saberking.jvav.apm.web.controller.system.SysDictTypeController.edit()', 'PUT', 1, 'admin', NULL, '/system/dict/type', '127.0.0.1', '内网IP', '{\"remark\":\"配送方式列表\",\"dictId\":21,\"params\":{},\"dictType\":\" dstribution_mode\",\"createBy\":\"admin\",\"createTime\":1602007705000,\"updateBy\":\"admin\",\"dictName\":\"配送方式\",\"status\":\"0\"}', '{\"msg\":\"操作成功\",\"code\":200}', 0, NULL, '2020-10-11 10:26:24');
INSERT INTO `sys_oper_log` VALUES (316, '字典数据', 1, 'cn.saberking.jvav.apm.web.controller.system.SysDictDataController.add()', 'POST', 1, 'admin', NULL, '/system/dict/data', '127.0.0.1', '内网IP', '{\"dictValue\":\"00\",\"dictSort\":0,\"remark\":\"商城普通用户\",\"params\":{},\"dictType\":\"apm_user_type\",\"dictLabel\":\"普通用户\",\"createBy\":\"admin\",\"default\":false,\"status\":\"0\"}', '{\"msg\":\"操作成功\",\"code\":200}', 0, NULL, '2020-10-11 10:27:07');
INSERT INTO `sys_oper_log` VALUES (317, '字典数据', 1, 'cn.saberking.jvav.apm.web.controller.system.SysDictDataController.add()', 'POST', 1, 'admin', NULL, '/system/dict/data', '127.0.0.1', '内网IP', '{\"dictValue\":\"01\",\"dictSort\":1,\"remark\":\"商城会员用户\",\"params\":{},\"dictType\":\"apm_user_type\",\"dictLabel\":\"会员用户\",\"createBy\":\"admin\",\"default\":false,\"status\":\"0\"}', '{\"msg\":\"操作成功\",\"code\":200}', 0, NULL, '2020-10-11 10:27:25');
INSERT INTO `sys_oper_log` VALUES (318, '商城用户管理', 2, 'cn.saberking.jvav.apm.web.controller.mall.ApmUserController.edit()', 'PUT', 1, 'admin', NULL, '/mall/user', '127.0.0.1', '内网IP', '{\"loginType\":\"web\",\"delFlag\":\"0\",\"password\":\"$2a$10$6MYvszV6EH7ATdLPUjk0ReRfXHdJPR9iYKCzfWMWEp7wQOE3U2XA.\",\"updateBy\":\"admin\",\"integral\":0,\"loginIp\":\"\",\"payCount\":2,\"email\":\"\",\"address\":\"\",\"level\":0,\"nickName\":\"张开喜\",\"sex\":\"0\",\"updateTime\":1602412112713,\"avatar\":\"\",\"params\":{},\"userName\":\"zhangkaixi\",\"userId\":1,\"realName\":\"\",\"signNum\":0,\"phoneNumber\":\"13568974561\",\"createTime\":1601533884000,\"cardId\":\"\",\"userType\":\"00\",\"status\":\"0\"}', '{\"msg\":\"操作成功\",\"code\":200}', 0, NULL, '2020-10-11 10:28:32');
INSERT INTO `sys_oper_log` VALUES (319, '商城用户管理', 2, 'cn.saberking.jvav.apm.web.controller.mall.ApmUserController.edit()', 'PUT', 1, 'admin', NULL, '/mall/user', '127.0.0.1', '内网IP', '{\"loginType\":\"web\",\"remark\":\"微山扛把子\",\"delFlag\":\"0\",\"password\":\"admin123\",\"updateBy\":\"\",\"integral\":0,\"loginIp\":\"\",\"payCount\":0,\"email\":\"\",\"address\":\"\",\"level\":0,\"nickName\":\"张开喜\",\"sex\":\"0\",\"updateTime\":1602412118143,\"avatar\":\"\",\"params\":{},\"userName\":\"admin\",\"userId\":2,\"realName\":\"\",\"signNum\":0,\"phoneNumber\":\"13568974561\",\"createTime\":1602559340000,\"cardId\":\"\",\"userType\":\"00\",\"status\":\"0\"}', '{\"msg\":\"操作成功\",\"code\":200}', 0, NULL, '2020-10-11 10:28:37');
INSERT INTO `sys_oper_log` VALUES (320, '商城用户管理', 2, 'cn.saberking.jvav.apm.web.controller.mall.ApmUserController.edit()', 'PUT', 1, 'admin', NULL, '/mall/user', '127.0.0.1', '内网IP', '{\"birthday\":1602000000000,\"loginType\":\"web\",\"remark\":\"张加峰不要脸\",\"delFlag\":\"0\",\"password\":\"qwezxc123\",\"updateBy\":\"\",\"integral\":0,\"loginIp\":\"\",\"payCount\":0,\"email\":\"1162170757@qq.com\",\"address\":\"[\\\"370000\\\", \\\"370200\\\"]\",\"level\":0,\"nickName\":\"apm_18266336565\",\"sex\":\"0\",\"updateTime\":1602412122794,\"avatar\":\"\",\"params\":{},\"userName\":\"apm_18266336565\",\"userId\":5,\"realName\":\"峰大大\",\"signNum\":0,\"phoneNumber\":\"18266336565\",\"createTime\":1602367430000,\"cardId\":\"\",\"userType\":\"00\",\"status\":\"0\"}', '{\"msg\":\"操作成功\",\"code\":200}', 0, NULL, '2020-10-11 10:28:42');
INSERT INTO `sys_oper_log` VALUES (321, '字典数据', 2, 'cn.saberking.jvav.apm.web.controller.system.SysDictDataController.edit()', 'PUT', 1, 'admin', NULL, '/system/dict/data', '127.0.0.1', '内网IP', '{\"dictValue\":\"00\",\"listClass\":\"info\",\"dictSort\":0,\"remark\":\"商城普通用户\",\"params\":{},\"dictType\":\"apm_user_type\",\"dictLabel\":\"普通用户\",\"createBy\":\"admin\",\"default\":false,\"isDefault\":\"N\",\"createTime\":1602383227000,\"dictCode\":57,\"updateBy\":\"admin\",\"status\":\"0\"}', '{\"msg\":\"操作成功\",\"code\":200}', 0, NULL, '2020-10-11 10:36:07');
INSERT INTO `sys_oper_log` VALUES (322, '字典数据', 2, 'cn.saberking.jvav.apm.web.controller.system.SysDictDataController.edit()', 'PUT', 1, 'admin', NULL, '/system/dict/data', '127.0.0.1', '内网IP', '{\"dictValue\":\"01\",\"listClass\":\"warning\",\"dictSort\":1,\"remark\":\"商城会员用户\",\"params\":{},\"dictType\":\"apm_user_type\",\"dictLabel\":\"会员用户\",\"createBy\":\"admin\",\"default\":false,\"isDefault\":\"N\",\"createTime\":1602383245000,\"dictCode\":58,\"updateBy\":\"admin\",\"status\":\"0\"}', '{\"msg\":\"操作成功\",\"code\":200}', 0, NULL, '2020-10-11 10:36:18');
INSERT INTO `sys_oper_log` VALUES (323, '字典数据', 2, 'cn.saberking.jvav.apm.web.controller.system.SysDictDataController.edit()', 'PUT', 1, 'admin', NULL, '/system/dict/data', '127.0.0.1', '内网IP', '{\"dictValue\":\"01\",\"listClass\":\"primary\",\"dictSort\":1,\"remark\":\"商城会员用户\",\"params\":{},\"dictType\":\"apm_user_type\",\"dictLabel\":\"会员用户\",\"createBy\":\"admin\",\"default\":false,\"isDefault\":\"N\",\"createTime\":1602383245000,\"dictCode\":58,\"updateBy\":\"admin\",\"status\":\"0\"}', '{\"msg\":\"操作成功\",\"code\":200}', 0, NULL, '2020-10-11 10:36:36');
INSERT INTO `sys_oper_log` VALUES (324, '商城用户管理', 2, 'cn.saberking.jvav.apm.web.controller.mall.ApmUserController.edit()', 'PUT', 1, 'admin', NULL, '/mall/user', '127.0.0.1', '内网IP', '{\"loginType\":\"web\",\"delFlag\":\"0\",\"password\":\"$2a$10$6MYvszV6EH7ATdLPUjk0ReRfXHdJPR9iYKCzfWMWEp7wQOE3U2XA.\",\"updateBy\":\"admin\",\"integral\":0,\"loginIp\":\"\",\"payCount\":2,\"email\":\"\",\"address\":\"\",\"level\":0,\"nickName\":\"张开喜\",\"sex\":\"0\",\"updateTime\":1602412630456,\"avatar\":\"\",\"params\":{},\"userName\":\"zhangkaixi\",\"userId\":1,\"realName\":\"\",\"signNum\":0,\"phoneNumber\":\"13568974561\",\"createTime\":1601533884000,\"cardId\":\"\",\"userType\":\"01\",\"status\":\"0\"}', '{\"msg\":\"操作成功\",\"code\":200}', 0, NULL, '2020-10-11 10:37:10');
INSERT INTO `sys_oper_log` VALUES (325, '商城用户管理', 2, 'cn.saberking.jvav.apm.web.controller.mall.ApmUserController.edit()', 'PUT', 1, 'admin', NULL, '/mall/user', '127.0.0.1', '内网IP', '{\"loginType\":\"web\",\"delFlag\":\"0\",\"password\":\"$2a$10$6MYvszV6EH7ATdLPUjk0ReRfXHdJPR9iYKCzfWMWEp7wQOE3U2XA.\",\"updateBy\":\"admin\",\"integral\":0,\"loginIp\":\"\",\"payCount\":2,\"email\":\"\",\"address\":\"\",\"level\":0,\"nickName\":\"张开喜\",\"sex\":\"0\",\"updateTime\":1602412637550,\"avatar\":\"\",\"params\":{},\"userName\":\"zhangkaixi\",\"userId\":1,\"realName\":\"\",\"signNum\":0,\"phoneNumber\":\"13568974561\",\"createTime\":1601533884000,\"cardId\":\"\",\"userType\":\"00\",\"status\":\"0\"}', '{\"msg\":\"操作成功\",\"code\":200}', 0, NULL, '2020-10-11 10:37:17');
INSERT INTO `sys_oper_log` VALUES (326, '商城用户管理', 2, 'cn.saberking.jvav.apm.web.controller.mall.ApmUserController.edit()', 'PUT', 1, 'admin', NULL, '/mall/user', '127.0.0.1', '内网IP', '{\"loginType\":\"web\",\"remark\":\"微山扛把子\",\"delFlag\":\"0\",\"password\":\"admin123\",\"updateBy\":\"\",\"integral\":0,\"loginIp\":\"\",\"payCount\":0,\"email\":\"\",\"address\":\"\",\"level\":0,\"nickName\":\"张开喜\",\"sex\":\"0\",\"updateTime\":1602383317000,\"avatar\":\"\",\"params\":{},\"userName\":\"admin\",\"userId\":2,\"realName\":\"\",\"signNum\":0,\"phoneNumber\":\"13568974561\",\"createTime\":1602559340000,\"cardId\":\"\",\"userType\":\"00\",\"status\":\"0\"}', '{\"msg\":\"修改用户\'admin\'失败，手机号码已存在\",\"code\":500}', 0, NULL, '2020-10-11 10:46:09');
INSERT INTO `sys_oper_log` VALUES (327, '商城用户管理', 2, 'cn.saberking.jvav.apm.web.controller.mall.ApmUserController.edit()', 'PUT', 1, 'admin', NULL, '/mall/user', '127.0.0.1', '内网IP', '{\"loginType\":\"web\",\"remark\":\"微山扛把子\",\"delFlag\":\"0\",\"password\":\"admin123\",\"updateBy\":\"admin\",\"integral\":0,\"loginIp\":\"\",\"payCount\":0,\"email\":\"\",\"address\":\"\",\"level\":0,\"nickName\":\"张开喜\",\"sex\":\"0\",\"updateTime\":1602413188879,\"avatar\":\"\",\"params\":{},\"userName\":\"admin\",\"userId\":2,\"realName\":\"\",\"signNum\":0,\"phoneNumber\":\"13568974562\",\"createTime\":1602559340000,\"cardId\":\"\",\"userType\":\"00\",\"status\":\"0\"}', '{\"msg\":\"操作成功\",\"code\":200}', 0, NULL, '2020-10-11 10:46:28');
INSERT INTO `sys_oper_log` VALUES (328, '商城用户管理', 2, 'cn.saberking.jvav.apm.web.controller.mall.ApmUserController.edit()', 'PUT', 1, 'admin', NULL, '/mall/user', '127.0.0.1', '内网IP', '{\"loginType\":\"web\",\"delFlag\":\"0\",\"password\":\"$2a$10$6MYvszV6EH7ATdLPUjk0ReRfXHdJPR9iYKCzfWMWEp7wQOE3U2XA.\",\"updateBy\":\"admin\",\"integral\":0,\"loginIp\":\"\",\"payCount\":2,\"email\":\"\",\"address\":\"\",\"level\":0,\"nickName\":\"张开喜\",\"sex\":\"0\",\"updateTime\":1602383837000,\"avatar\":\"\",\"params\":{},\"userName\":\"zhangkaixi\",\"userId\":1,\"realName\":\"\",\"signNum\":0,\"phoneNumber\":\"13568974562\",\"createTime\":1601533884000,\"cardId\":\"\",\"userType\":\"00\",\"status\":\"0\"}', '{\"msg\":\"修改用户账号为\'zhangkaixi\'失败，手机号码已存在\",\"code\":500}', 0, NULL, '2020-10-11 10:47:41');
INSERT INTO `sys_oper_log` VALUES (329, '代码生成', 3, 'cn.saberking.jvav.apm.generator.controller.GenController.remove()', 'DELETE', 1, 'admin', NULL, '/tool/gen/36,35,34,33,29', '127.0.0.1', '内网IP', '{tableIds=36,35,34,33,29}', '{\"msg\":\"操作成功\",\"code\":200}', 0, NULL, '2020-10-11 10:56:52');
INSERT INTO `sys_oper_log` VALUES (330, '代码生成', 6, 'cn.saberking.jvav.apm.generator.controller.GenController.importTableSave()', 'POST', 1, 'admin', NULL, '/tool/gen/importTable', '127.0.0.1', '内网IP', 'apm_store_category', '{\"msg\":\"操作成功\",\"code\":200}', 0, NULL, '2020-10-11 11:21:15');
INSERT INTO `sys_oper_log` VALUES (331, '代码生成', 2, 'cn.saberking.jvav.apm.generator.controller.GenController.editSave()', 'PUT', 1, 'admin', NULL, '/tool/gen', '127.0.0.1', '内网IP', '{\"functionAuthor\":\"apm\",\"columns\":[{\"usableColumn\":false,\"columnId\":659,\"isIncrement\":\"1\",\"increment\":true,\"insert\":false,\"isList\":\"1\",\"dictType\":\"\",\"required\":false,\"superColumn\":false,\"updateBy\":\"\",\"javaField\":\"id\",\"htmlType\":\"input\",\"edit\":false,\"query\":false,\"columnComment\":\"商品分类表ID\",\"sort\":1,\"list\":true,\"params\":{},\"javaType\":\"Integer\",\"queryType\":\"EQ\",\"columnType\":\"mediumint(9)\",\"createBy\":\"admin\",\"isPk\":\"1\",\"createTime\":1602386475000,\"tableId\":44,\"pk\":true,\"columnName\":\"id\"},{\"usableColumn\":false,\"columnId\":660,\"isIncrement\":\"0\",\"increment\":false,\"insert\":true,\"isList\":\"1\",\"dictType\":\"\",\"required\":true,\"superColumn\":false,\"updateBy\":\"\",\"isInsert\":\"1\",\"isRequired\":\"1\",\"javaField\":\"pid\",\"htmlType\":\"input\",\"edit\":true,\"query\":false,\"columnComment\":\"父id\",\"sort\":2,\"list\":true,\"params\":{},\"javaType\":\"Integer\",\"queryType\":\"EQ\",\"columnType\":\"mediumint(9)\",\"createBy\":\"admin\",\"isPk\":\"0\",\"createTime\":1602386475000,\"isEdit\":\"1\",\"tableId\":44,\"pk\":false,\"columnName\":\"pid\"},{\"usableColumn\":false,\"columnId\":661,\"isIncrement\":\"0\",\"increment\":false,\"insert\":true,\"isList\":\"1\",\"dictType\":\"\",\"required\":true,\"superColumn\":false,\"updateBy\":\"\",\"isInsert\":\"1\",\"isRequired\":\"1\",\"javaField\":\"cateName\",\"htmlType\":\"input\",\"edit\":true,\"query\":true,\"columnComment\":\"分类名称\",\"isQuery\":\"1\",\"sort\":3,\"list\":true,\"params\":{},\"javaType\":\"String\",\"queryType\":\"LIKE\",\"columnType\":\"varchar(100)\",\"createBy\":\"admin\",\"isPk\":\"0\",\"createTime\":1602386475000,\"isEdit\":\"1\",\"tableId\":44,\"pk\":false,\"columnName\":\"cate_name\"},{\"usableColumn\":false,\"columnId\":662,\"isIncrement\":\"0\",\"increment\":false,\"insert\":true,\"isList\":\"1\",\"dictType\":\"\",\"required\":false,\"superColumn\":false,\"updateBy\":\"\",\"isInsert\":\"1\",\"javaField\":\"sort\",\"htmlType\":\"input\",\"edit\":true,\"query\":false,\"columnComment\":\"排序\",\"sort\":4,\"list\":true,\"params\":{},\"javaType\":\"Integer\",\"queryType\":\"EQ\",\"columnType\":\"mediumint(9)\",\"createBy\":\"admin\",\"isPk\":\"0\",\"createTime\":1602386475000,\"isEdit\":\"1\",\"tableId\":44,\"pk\":false,\"columnName\":\"sort\"},{\"usableColumn\":fals', '{\"msg\":\"操作成功\",\"code\":200}', 0, NULL, '2020-10-11 11:28:12');
INSERT INTO `sys_oper_log` VALUES (332, '代码生成', 2, 'cn.saberking.jvav.apm.generator.controller.GenController.editSave()', 'PUT', 1, 'admin', NULL, '/tool/gen', '127.0.0.1', '内网IP', '{\"functionAuthor\":\"apm\",\"columns\":[{\"usableColumn\":false,\"columnId\":659,\"isIncrement\":\"1\",\"increment\":true,\"insert\":false,\"isList\":\"1\",\"dictType\":\"\",\"required\":false,\"superColumn\":false,\"updateBy\":\"\",\"javaField\":\"id\",\"htmlType\":\"input\",\"edit\":false,\"query\":false,\"columnComment\":\"商品分类表ID\",\"updateTime\":1602386892000,\"sort\":1,\"list\":true,\"params\":{},\"javaType\":\"Integer\",\"queryType\":\"EQ\",\"columnType\":\"mediumint(9)\",\"createBy\":\"admin\",\"isPk\":\"1\",\"createTime\":1602386475000,\"tableId\":44,\"pk\":true,\"columnName\":\"id\"},{\"usableColumn\":false,\"columnId\":660,\"isIncrement\":\"0\",\"increment\":false,\"insert\":true,\"isList\":\"1\",\"dictType\":\"\",\"required\":true,\"superColumn\":false,\"updateBy\":\"\",\"isInsert\":\"1\",\"isRequired\":\"1\",\"javaField\":\"pid\",\"htmlType\":\"input\",\"edit\":true,\"query\":false,\"columnComment\":\"父id\",\"updateTime\":1602386892000,\"sort\":2,\"list\":true,\"params\":{},\"javaType\":\"Integer\",\"queryType\":\"EQ\",\"columnType\":\"mediumint(9)\",\"createBy\":\"admin\",\"isPk\":\"0\",\"createTime\":1602386475000,\"isEdit\":\"1\",\"tableId\":44,\"pk\":false,\"columnName\":\"pid\"},{\"usableColumn\":false,\"columnId\":661,\"isIncrement\":\"0\",\"increment\":false,\"insert\":true,\"isList\":\"1\",\"dictType\":\"\",\"required\":true,\"superColumn\":false,\"updateBy\":\"\",\"isInsert\":\"1\",\"isRequired\":\"1\",\"javaField\":\"cateName\",\"htmlType\":\"input\",\"edit\":true,\"query\":true,\"columnComment\":\"分类名称\",\"isQuery\":\"1\",\"updateTime\":1602386892000,\"sort\":3,\"list\":true,\"params\":{},\"javaType\":\"String\",\"queryType\":\"LIKE\",\"columnType\":\"varchar(100)\",\"createBy\":\"admin\",\"isPk\":\"0\",\"createTime\":1602386475000,\"isEdit\":\"1\",\"tableId\":44,\"pk\":false,\"columnName\":\"cate_name\"},{\"usableColumn\":false,\"columnId\":662,\"isIncrement\":\"0\",\"increment\":false,\"insert\":true,\"isList\":\"1\",\"dictType\":\"\",\"required\":false,\"superColumn\":false,\"updateBy\":\"\",\"isInsert\":\"1\",\"javaField\":\"sort\",\"htmlType\":\"input\",\"edit\":true,\"query\":false,\"columnComment\":\"排序\",\"updateTime\":1602386892000,\"sort\":4,\"list\":true,\"params\":{},\"javaType\":\"Integer\",\"queryType\":\"EQ\",\"columnType\":\"mediumint(9)\",\"createBy\":\"admin\",\"isPk\":\"', 'null', 1, '树编码字段不能为空', '2020-10-11 11:28:42');
INSERT INTO `sys_oper_log` VALUES (333, '代码生成', 2, 'cn.saberking.jvav.apm.generator.controller.GenController.editSave()', 'PUT', 1, 'admin', NULL, '/tool/gen', '127.0.0.1', '内网IP', '{\"functionAuthor\":\"apm\",\"columns\":[{\"usableColumn\":false,\"columnId\":659,\"isIncrement\":\"1\",\"increment\":true,\"insert\":false,\"isList\":\"1\",\"dictType\":\"\",\"required\":false,\"superColumn\":false,\"updateBy\":\"\",\"javaField\":\"id\",\"htmlType\":\"input\",\"edit\":false,\"query\":false,\"columnComment\":\"商品分类表ID\",\"updateTime\":1602386892000,\"sort\":1,\"list\":true,\"params\":{},\"javaType\":\"Integer\",\"queryType\":\"EQ\",\"columnType\":\"mediumint(9)\",\"createBy\":\"admin\",\"isPk\":\"1\",\"createTime\":1602386475000,\"tableId\":44,\"pk\":true,\"columnName\":\"id\"},{\"usableColumn\":false,\"columnId\":660,\"isIncrement\":\"0\",\"increment\":false,\"insert\":true,\"isList\":\"1\",\"dictType\":\"\",\"required\":true,\"superColumn\":false,\"updateBy\":\"\",\"isInsert\":\"1\",\"isRequired\":\"1\",\"javaField\":\"pid\",\"htmlType\":\"input\",\"edit\":true,\"query\":false,\"columnComment\":\"父id\",\"updateTime\":1602386892000,\"sort\":2,\"list\":true,\"params\":{},\"javaType\":\"Integer\",\"queryType\":\"EQ\",\"columnType\":\"mediumint(9)\",\"createBy\":\"admin\",\"isPk\":\"0\",\"createTime\":1602386475000,\"isEdit\":\"1\",\"tableId\":44,\"pk\":false,\"columnName\":\"pid\"},{\"usableColumn\":false,\"columnId\":661,\"isIncrement\":\"0\",\"increment\":false,\"insert\":true,\"isList\":\"1\",\"dictType\":\"\",\"required\":true,\"superColumn\":false,\"updateBy\":\"\",\"isInsert\":\"1\",\"isRequired\":\"1\",\"javaField\":\"cateName\",\"htmlType\":\"input\",\"edit\":true,\"query\":true,\"columnComment\":\"分类名称\",\"isQuery\":\"1\",\"updateTime\":1602386892000,\"sort\":3,\"list\":true,\"params\":{},\"javaType\":\"String\",\"queryType\":\"LIKE\",\"columnType\":\"varchar(100)\",\"createBy\":\"admin\",\"isPk\":\"0\",\"createTime\":1602386475000,\"isEdit\":\"1\",\"tableId\":44,\"pk\":false,\"columnName\":\"cate_name\"},{\"usableColumn\":false,\"columnId\":662,\"isIncrement\":\"0\",\"increment\":false,\"insert\":true,\"isList\":\"1\",\"dictType\":\"\",\"required\":false,\"superColumn\":false,\"updateBy\":\"\",\"isInsert\":\"1\",\"javaField\":\"sort\",\"htmlType\":\"input\",\"edit\":true,\"query\":false,\"columnComment\":\"排序\",\"updateTime\":1602386892000,\"sort\":4,\"list\":true,\"params\":{},\"javaType\":\"Integer\",\"queryType\":\"EQ\",\"columnType\":\"mediumint(9)\",\"createBy\":\"admin\",\"isPk\":\"', '{\"msg\":\"操作成功\",\"code\":200}', 0, NULL, '2020-10-11 11:29:41');
INSERT INTO `sys_oper_log` VALUES (334, '代码生成', 8, 'cn.saberking.jvav.apm.generator.controller.GenController.batchGenCode()', 'GET', 1, 'admin', NULL, '/tool/gen/batchGenCode', '127.0.0.1', '内网IP', '{}', 'null', 0, NULL, '2020-10-11 11:29:47');
INSERT INTO `sys_oper_log` VALUES (335, '代码生成', 8, 'cn.saberking.jvav.apm.generator.controller.GenController.batchGenCode()', 'GET', 1, 'admin', NULL, '/tool/gen/batchGenCode', '127.0.0.1', '内网IP', '{}', 'null', 0, NULL, '2020-10-11 11:30:41');
INSERT INTO `sys_oper_log` VALUES (336, '字典类型', 1, 'cn.saberking.jvav.apm.web.controller.system.SysDictTypeController.add()', 'POST', 1, 'admin', NULL, '/system/dict/type', '127.0.0.1', '内网IP', '{\"params\":{},\"dictType\":\"是否\",\"createBy\":\"admin\",\"dictName\":\"是否\",\"status\":\"0\"}', '{\"msg\":\"操作成功\",\"code\":200}', 0, NULL, '2020-10-11 12:16:06');
INSERT INTO `sys_oper_log` VALUES (337, '字典数据', 1, 'cn.saberking.jvav.apm.web.controller.system.SysDictDataController.add()', 'POST', 1, 'admin', NULL, '/system/dict/data', '127.0.0.1', '内网IP', '{\"dictValue\":\"1\",\"dictSort\":0,\"params\":{},\"dictType\":\"是否\",\"dictLabel\":\"是\",\"createBy\":\"admin\",\"default\":false,\"status\":\"0\"}', '{\"msg\":\"操作成功\",\"code\":200}', 0, NULL, '2020-10-11 12:16:24');
INSERT INTO `sys_oper_log` VALUES (338, '字典数据', 1, 'cn.saberking.jvav.apm.web.controller.system.SysDictDataController.add()', 'POST', 1, 'admin', NULL, '/system/dict/data', '127.0.0.1', '内网IP', '{\"dictValue\":\"0\",\"dictSort\":0,\"params\":{},\"dictType\":\"是否\",\"dictLabel\":\"否\",\"createBy\":\"admin\",\"default\":false,\"status\":\"0\"}', '{\"msg\":\"操作成功\",\"code\":200}', 0, NULL, '2020-10-11 12:16:34');
INSERT INTO `sys_oper_log` VALUES (339, '代码生成', 2, 'cn.saberking.jvav.apm.generator.controller.GenController.editSave()', 'PUT', 1, 'admin', NULL, '/tool/gen', '127.0.0.1', '内网IP', '{\"functionAuthor\":\"apm\",\"columns\":[{\"usableColumn\":false,\"columnId\":659,\"isIncrement\":\"1\",\"increment\":true,\"insert\":false,\"isList\":\"1\",\"dictType\":\"\",\"required\":false,\"superColumn\":false,\"updateBy\":\"\",\"javaField\":\"id\",\"htmlType\":\"input\",\"edit\":false,\"query\":false,\"columnComment\":\"商品分类表ID\",\"updateTime\":1602386981000,\"sort\":1,\"list\":true,\"params\":{},\"javaType\":\"Integer\",\"queryType\":\"EQ\",\"columnType\":\"mediumint(9)\",\"createBy\":\"admin\",\"isPk\":\"1\",\"createTime\":1602386475000,\"tableId\":44,\"pk\":true,\"columnName\":\"id\"},{\"usableColumn\":false,\"columnId\":660,\"isIncrement\":\"0\",\"increment\":false,\"insert\":true,\"isList\":\"1\",\"dictType\":\"\",\"required\":true,\"superColumn\":false,\"updateBy\":\"\",\"isInsert\":\"1\",\"isRequired\":\"1\",\"javaField\":\"pid\",\"htmlType\":\"select\",\"edit\":true,\"query\":false,\"columnComment\":\"父id\",\"updateTime\":1602386981000,\"sort\":2,\"list\":true,\"params\":{},\"javaType\":\"Integer\",\"queryType\":\"EQ\",\"columnType\":\"mediumint(9)\",\"createBy\":\"admin\",\"isPk\":\"0\",\"createTime\":1602386475000,\"isEdit\":\"1\",\"tableId\":44,\"pk\":false,\"columnName\":\"pid\"},{\"usableColumn\":false,\"columnId\":661,\"isIncrement\":\"0\",\"increment\":false,\"insert\":true,\"isList\":\"1\",\"dictType\":\"\",\"required\":true,\"superColumn\":false,\"updateBy\":\"\",\"isInsert\":\"1\",\"isRequired\":\"1\",\"javaField\":\"cateName\",\"htmlType\":\"input\",\"edit\":true,\"query\":true,\"columnComment\":\"分类名称\",\"isQuery\":\"1\",\"updateTime\":1602386981000,\"sort\":3,\"list\":true,\"params\":{},\"javaType\":\"String\",\"queryType\":\"LIKE\",\"columnType\":\"varchar(100)\",\"createBy\":\"admin\",\"isPk\":\"0\",\"createTime\":1602386475000,\"isEdit\":\"1\",\"tableId\":44,\"pk\":false,\"columnName\":\"cate_name\"},{\"usableColumn\":false,\"columnId\":662,\"isIncrement\":\"0\",\"increment\":false,\"insert\":true,\"dictType\":\"\",\"required\":false,\"superColumn\":false,\"updateBy\":\"\",\"isInsert\":\"1\",\"javaField\":\"sort\",\"htmlType\":\"input\",\"edit\":true,\"query\":false,\"columnComment\":\"排序\",\"updateTime\":1602386981000,\"sort\":4,\"list\":false,\"params\":{},\"javaType\":\"Integer\",\"queryType\":\"EQ\",\"columnType\":\"mediumint(9)\",\"createBy\":\"admin\",\"isPk\":\"0\",\"createT', '{\"msg\":\"操作成功\",\"code\":200}', 0, NULL, '2020-10-11 12:17:02');
INSERT INTO `sys_oper_log` VALUES (340, '代码生成', 2, 'cn.saberking.jvav.apm.generator.controller.GenController.editSave()', 'PUT', 1, 'admin', NULL, '/tool/gen', '127.0.0.1', '内网IP', '{\"functionAuthor\":\"apm\",\"columns\":[{\"usableColumn\":false,\"columnId\":659,\"isIncrement\":\"1\",\"increment\":true,\"insert\":false,\"isList\":\"1\",\"dictType\":\"\",\"required\":false,\"superColumn\":false,\"updateBy\":\"\",\"javaField\":\"id\",\"htmlType\":\"input\",\"edit\":false,\"query\":false,\"columnComment\":\"商品分类表ID\",\"updateTime\":1602389821000,\"sort\":1,\"list\":true,\"params\":{},\"javaType\":\"Integer\",\"queryType\":\"EQ\",\"columnType\":\"mediumint(9)\",\"createBy\":\"admin\",\"isPk\":\"1\",\"createTime\":1602386475000,\"tableId\":44,\"pk\":true,\"columnName\":\"id\"},{\"usableColumn\":false,\"columnId\":660,\"isIncrement\":\"0\",\"increment\":false,\"insert\":true,\"isList\":\"1\",\"dictType\":\"\",\"required\":true,\"superColumn\":false,\"updateBy\":\"\",\"isInsert\":\"1\",\"isRequired\":\"1\",\"javaField\":\"pid\",\"htmlType\":\"select\",\"edit\":true,\"query\":false,\"columnComment\":\"父id\",\"updateTime\":1602389821000,\"sort\":2,\"list\":true,\"params\":{},\"javaType\":\"Integer\",\"queryType\":\"EQ\",\"columnType\":\"mediumint(9)\",\"createBy\":\"admin\",\"isPk\":\"0\",\"createTime\":1602386475000,\"isEdit\":\"1\",\"tableId\":44,\"pk\":false,\"columnName\":\"pid\"},{\"usableColumn\":false,\"columnId\":661,\"isIncrement\":\"0\",\"increment\":false,\"insert\":true,\"isList\":\"1\",\"dictType\":\"\",\"required\":true,\"superColumn\":false,\"updateBy\":\"\",\"isInsert\":\"1\",\"isRequired\":\"1\",\"javaField\":\"cateName\",\"htmlType\":\"input\",\"edit\":true,\"query\":true,\"columnComment\":\"分类名称\",\"isQuery\":\"1\",\"updateTime\":1602389821000,\"sort\":3,\"list\":true,\"params\":{},\"javaType\":\"String\",\"queryType\":\"LIKE\",\"columnType\":\"varchar(100)\",\"createBy\":\"admin\",\"isPk\":\"0\",\"createTime\":1602386475000,\"isEdit\":\"1\",\"tableId\":44,\"pk\":false,\"columnName\":\"cate_name\"},{\"usableColumn\":false,\"columnId\":662,\"isIncrement\":\"0\",\"increment\":false,\"insert\":true,\"dictType\":\"\",\"required\":false,\"superColumn\":false,\"updateBy\":\"\",\"isInsert\":\"1\",\"javaField\":\"sort\",\"htmlType\":\"input\",\"edit\":true,\"query\":false,\"columnComment\":\"排序\",\"updateTime\":1602389821000,\"sort\":4,\"list\":false,\"params\":{},\"javaType\":\"Integer\",\"queryType\":\"EQ\",\"columnType\":\"mediumint(9)\",\"createBy\":\"admin\",\"isPk\":\"0\",\"createT', '{\"msg\":\"操作成功\",\"code\":200}', 0, NULL, '2020-10-11 12:17:17');
INSERT INTO `sys_oper_log` VALUES (341, '代码生成', 8, 'cn.saberking.jvav.apm.generator.controller.GenController.batchGenCode()', 'GET', 1, 'admin', NULL, '/tool/gen/batchGenCode', '127.0.0.1', '内网IP', '{}', 'null', 0, NULL, '2020-10-11 12:17:20');
INSERT INTO `sys_oper_log` VALUES (342, '代码生成', 2, 'cn.saberking.jvav.apm.generator.controller.GenController.editSave()', 'PUT', 1, 'admin', NULL, '/tool/gen', '127.0.0.1', '内网IP', '{\"functionAuthor\":\"apm\",\"columns\":[{\"usableColumn\":false,\"columnId\":659,\"isIncrement\":\"1\",\"increment\":true,\"insert\":false,\"isList\":\"1\",\"dictType\":\"\",\"required\":false,\"superColumn\":false,\"updateBy\":\"\",\"javaField\":\"id\",\"htmlType\":\"input\",\"edit\":false,\"query\":false,\"columnComment\":\"商品分类表ID\",\"updateTime\":1602389837000,\"sort\":1,\"list\":true,\"params\":{},\"javaType\":\"Integer\",\"queryType\":\"EQ\",\"columnType\":\"mediumint(9)\",\"createBy\":\"admin\",\"isPk\":\"1\",\"createTime\":1602386475000,\"tableId\":44,\"pk\":true,\"columnName\":\"id\"},{\"usableColumn\":false,\"columnId\":660,\"isIncrement\":\"0\",\"increment\":false,\"insert\":true,\"isList\":\"1\",\"dictType\":\"\",\"required\":true,\"superColumn\":false,\"updateBy\":\"\",\"isInsert\":\"1\",\"isRequired\":\"1\",\"javaField\":\"pid\",\"htmlType\":\"select\",\"edit\":true,\"query\":false,\"columnComment\":\"父id\",\"updateTime\":1602389837000,\"sort\":2,\"list\":true,\"params\":{},\"javaType\":\"Integer\",\"queryType\":\"EQ\",\"columnType\":\"mediumint(9)\",\"createBy\":\"admin\",\"isPk\":\"0\",\"createTime\":1602386475000,\"isEdit\":\"1\",\"tableId\":44,\"pk\":false,\"columnName\":\"pid\"},{\"usableColumn\":false,\"columnId\":661,\"isIncrement\":\"0\",\"increment\":false,\"insert\":true,\"isList\":\"1\",\"dictType\":\"\",\"required\":true,\"superColumn\":false,\"updateBy\":\"\",\"isInsert\":\"1\",\"isRequired\":\"1\",\"javaField\":\"cateName\",\"htmlType\":\"input\",\"edit\":true,\"query\":true,\"columnComment\":\"分类名称\",\"isQuery\":\"1\",\"updateTime\":1602389837000,\"sort\":3,\"list\":true,\"params\":{},\"javaType\":\"String\",\"queryType\":\"LIKE\",\"columnType\":\"varchar(100)\",\"createBy\":\"admin\",\"isPk\":\"0\",\"createTime\":1602386475000,\"isEdit\":\"1\",\"tableId\":44,\"pk\":false,\"columnName\":\"cate_name\"},{\"usableColumn\":false,\"columnId\":662,\"isIncrement\":\"0\",\"increment\":false,\"insert\":true,\"dictType\":\"\",\"required\":false,\"superColumn\":false,\"updateBy\":\"\",\"isInsert\":\"1\",\"javaField\":\"sort\",\"htmlType\":\"input\",\"edit\":true,\"query\":false,\"columnComment\":\"排序\",\"updateTime\":1602389837000,\"sort\":4,\"list\":false,\"params\":{},\"javaType\":\"Integer\",\"queryType\":\"EQ\",\"columnType\":\"mediumint(9)\",\"createBy\":\"admin\",\"isPk\":\"0\",\"createT', '{\"msg\":\"操作成功\",\"code\":200}', 0, NULL, '2020-10-11 12:24:26');
INSERT INTO `sys_oper_log` VALUES (343, '代码生成', 8, 'cn.saberking.jvav.apm.generator.controller.GenController.batchGenCode()', 'GET', 1, 'admin', NULL, '/tool/gen/batchGenCode', '127.0.0.1', '内网IP', '{}', 'null', 0, NULL, '2020-10-11 12:24:29');
INSERT INTO `sys_oper_log` VALUES (344, '代码生成', 8, 'cn.saberking.jvav.apm.generator.controller.GenController.batchGenCode()', 'GET', 1, 'admin', NULL, '/tool/gen/batchGenCode', '127.0.0.1', '内网IP', '{}', 'null', 0, NULL, '2020-10-11 12:26:19');
INSERT INTO `sys_oper_log` VALUES (345, '代码生成', 6, 'cn.saberking.jvav.apm.generator.controller.GenController.importTableSave()', 'POST', 1, 'admin', NULL, '/tool/gen/importTable', '127.0.0.1', '内网IP', 'apm_store_product', '{\"msg\":\"操作成功\",\"code\":200}', 0, NULL, '2020-10-11 12:35:17');
INSERT INTO `sys_oper_log` VALUES (346, '代码生成', 6, 'cn.saberking.jvav.apm.generator.controller.GenController.importTableSave()', 'POST', 1, 'admin', NULL, '/tool/gen/importTable', '127.0.0.1', '内网IP', 'apm_store_product_attr', '{\"msg\":\"操作成功\",\"code\":200}', 0, NULL, '2020-10-11 12:38:22');
INSERT INTO `sys_oper_log` VALUES (347, '代码生成', 6, 'cn.saberking.jvav.apm.generator.controller.GenController.importTableSave()', 'POST', 1, 'admin', NULL, '/tool/gen/importTable', '127.0.0.1', '内网IP', 'apm_store_product_attr_value', '{\"msg\":\"操作成功\",\"code\":200}', 0, NULL, '2020-10-11 12:40:48');
INSERT INTO `sys_oper_log` VALUES (348, '字典类型', 1, 'cn.saberking.jvav.apm.web.controller.system.SysDictTypeController.add()', 'POST', 1, 'admin', NULL, '/system/dict/type', '127.0.0.1', '内网IP', '{\"remark\":\"商户类型列表\",\"params\":{},\"dictType\":\"apm_store_product_mer_id\",\"createBy\":\"admin\",\"dictName\":\"商户类型\",\"status\":\"0\"}', '{\"msg\":\"操作成功\",\"code\":200}', 0, NULL, '2020-10-11 12:54:51');
INSERT INTO `sys_oper_log` VALUES (349, '字典数据', 1, 'cn.saberking.jvav.apm.web.controller.system.SysDictDataController.add()', 'POST', 1, 'admin', NULL, '/system/dict/data', '127.0.0.1', '内网IP', '{\"dictValue\":\"0\",\"dictSort\":0,\"remark\":\"后台创建\",\"params\":{},\"dictType\":\"apm_store_product_mer_id\",\"dictLabel\":\"后台\",\"createBy\":\"admin\",\"default\":false,\"status\":\"0\"}', '{\"msg\":\"操作成功\",\"code\":200}', 0, NULL, '2020-10-11 12:55:35');
INSERT INTO `sys_oper_log` VALUES (350, '代码生成', 2, 'cn.saberking.jvav.apm.generator.controller.GenController.editSave()', 'PUT', 1, 'admin', NULL, '/tool/gen', '127.0.0.1', '内网IP', '{\"functionAuthor\":\"apm\",\"columns\":[{\"usableColumn\":false,\"columnId\":667,\"isIncrement\":\"1\",\"increment\":true,\"insert\":true,\"dictType\":\"\",\"required\":false,\"superColumn\":false,\"updateBy\":\"\",\"isInsert\":\"1\",\"javaField\":\"id\",\"htmlType\":\"input\",\"edit\":false,\"query\":false,\"columnComment\":\"商品id\",\"sort\":1,\"list\":false,\"params\":{},\"javaType\":\"Integer\",\"queryType\":\"EQ\",\"columnType\":\"mediumint(9)\",\"createBy\":\"admin\",\"isPk\":\"1\",\"createTime\":1602390917000,\"tableId\":45,\"pk\":true,\"columnName\":\"id\"},{\"usableColumn\":false,\"columnId\":668,\"isIncrement\":\"0\",\"increment\":false,\"insert\":true,\"dictType\":\"\",\"required\":true,\"superColumn\":false,\"updateBy\":\"\",\"isInsert\":\"1\",\"isRequired\":\"1\",\"javaField\":\"merId\",\"htmlType\":\"input\",\"edit\":false,\"query\":false,\"columnComment\":\"商户Id\",\"sort\":2,\"list\":false,\"params\":{},\"javaType\":\"Long\",\"queryType\":\"EQ\",\"columnType\":\"bigint(20) unsigned\",\"createBy\":\"admin\",\"isPk\":\"0\",\"createTime\":1602390917000,\"tableId\":45,\"pk\":false,\"columnName\":\"mer_id\"},{\"usableColumn\":false,\"columnId\":669,\"isIncrement\":\"0\",\"increment\":false,\"insert\":true,\"isList\":\"1\",\"dictType\":\"\",\"required\":true,\"superColumn\":false,\"updateBy\":\"\",\"isInsert\":\"1\",\"isRequired\":\"1\",\"javaField\":\"category\",\"htmlType\":\"input\",\"edit\":true,\"query\":true,\"columnComment\":\"某种类型的商品(普通商品、二手闲置商品)\",\"isQuery\":\"1\",\"sort\":3,\"list\":true,\"params\":{},\"javaType\":\"String\",\"queryType\":\"EQ\",\"columnType\":\"varchar(32)\",\"createBy\":\"admin\",\"isPk\":\"0\",\"createTime\":1602390917000,\"isEdit\":\"1\",\"tableId\":45,\"pk\":false,\"columnName\":\"category\"},{\"usableColumn\":false,\"columnId\":670,\"isIncrement\":\"0\",\"increment\":false,\"insert\":true,\"isList\":\"1\",\"dictType\":\"\",\"required\":true,\"superColumn\":false,\"updateBy\":\"\",\"isInsert\":\"1\",\"isRequired\":\"1\",\"javaField\":\"image\",\"htmlType\":\"input\",\"edit\":true,\"query\":true,\"columnComment\":\"商品图片\",\"isQuery\":\"1\",\"sort\":4,\"list\":true,\"params\":{},\"javaType\":\"String\",\"queryType\":\"EQ\",\"columnType\":\"varchar(256)\",\"createBy\":\"admin\",\"isPk\":\"0\",\"createTime\":1602390917000,\"isEdit\":\"1\",\"tableId\":45,\"pk\":false,\"columnName\":', '{\"msg\":\"操作成功\",\"code\":200}', 0, NULL, '2020-10-11 12:56:13');
INSERT INTO `sys_oper_log` VALUES (351, '代码生成', 2, 'cn.saberking.jvav.apm.generator.controller.GenController.editSave()', 'PUT', 1, 'admin', NULL, '/tool/gen', '127.0.0.1', '内网IP', '{\"functionAuthor\":\"apm\",\"columns\":[{\"usableColumn\":false,\"columnId\":667,\"isIncrement\":\"1\",\"increment\":true,\"insert\":true,\"dictType\":\"\",\"required\":false,\"superColumn\":false,\"updateBy\":\"\",\"isInsert\":\"1\",\"javaField\":\"id\",\"htmlType\":\"input\",\"edit\":false,\"query\":false,\"columnComment\":\"商品id\",\"updateTime\":1602392173000,\"sort\":1,\"list\":false,\"params\":{},\"javaType\":\"Integer\",\"queryType\":\"EQ\",\"columnType\":\"mediumint(9)\",\"createBy\":\"admin\",\"isPk\":\"1\",\"createTime\":1602390917000,\"tableId\":45,\"pk\":true,\"columnName\":\"id\"},{\"usableColumn\":false,\"columnId\":668,\"isIncrement\":\"0\",\"increment\":false,\"insert\":true,\"dictType\":\"apm_store_product_mer_id\",\"required\":true,\"superColumn\":false,\"updateBy\":\"\",\"isInsert\":\"1\",\"isRequired\":\"1\",\"javaField\":\"merId\",\"htmlType\":\"select\",\"edit\":false,\"query\":false,\"columnComment\":\"商户Id\",\"updateTime\":1602392173000,\"sort\":2,\"list\":false,\"params\":{},\"javaType\":\"Long\",\"queryType\":\"EQ\",\"columnType\":\"bigint(20) unsigned\",\"createBy\":\"admin\",\"isPk\":\"0\",\"createTime\":1602390917000,\"tableId\":45,\"pk\":false,\"columnName\":\"mer_id\"},{\"usableColumn\":false,\"columnId\":669,\"isIncrement\":\"0\",\"increment\":false,\"insert\":true,\"isList\":\"1\",\"dictType\":\"\",\"required\":true,\"superColumn\":false,\"updateBy\":\"\",\"isInsert\":\"1\",\"isRequired\":\"1\",\"javaField\":\"category\",\"htmlType\":\"select\",\"edit\":true,\"query\":true,\"columnComment\":\"某种类型的商品(普通商品、二手闲置商品)\",\"isQuery\":\"1\",\"updateTime\":1602392173000,\"sort\":3,\"list\":true,\"params\":{},\"javaType\":\"String\",\"queryType\":\"EQ\",\"columnType\":\"varchar(32)\",\"createBy\":\"admin\",\"isPk\":\"0\",\"createTime\":1602390917000,\"isEdit\":\"1\",\"tableId\":45,\"pk\":false,\"columnName\":\"category\"},{\"usableColumn\":false,\"columnId\":670,\"isIncrement\":\"0\",\"increment\":false,\"insert\":true,\"isList\":\"1\",\"dictType\":\"\",\"required\":true,\"superColumn\":false,\"updateBy\":\"\",\"isInsert\":\"1\",\"isRequired\":\"1\",\"javaField\":\"image\",\"htmlType\":\"input\",\"edit\":true,\"query\":true,\"columnComment\":\"商品图片\",\"isQuery\":\"1\",\"updateTime\":1602392173000,\"sort\":4,\"list\":true,\"params\":{},\"javaType\":\"String\",\"queryType\":\"EQ\",\"', '{\"msg\":\"操作成功\",\"code\":200}', 0, NULL, '2020-10-11 12:58:48');
INSERT INTO `sys_oper_log` VALUES (352, '字典类型', 1, 'cn.saberking.jvav.apm.web.controller.system.SysDictTypeController.add()', 'POST', 1, 'admin', NULL, '/system/dict/type', '127.0.0.1', '内网IP', '{\"remark\":\"商品类型列表\",\"params\":{},\"dictType\":\"apm_store_product_category\",\"createBy\":\"admin\",\"dictName\":\"商品类型\",\"status\":\"0\"}', '{\"msg\":\"操作成功\",\"code\":200}', 0, NULL, '2020-10-11 13:00:32');
INSERT INTO `sys_oper_log` VALUES (353, '字典数据', 1, 'cn.saberking.jvav.apm.web.controller.system.SysDictDataController.add()', 'POST', 1, 'admin', NULL, '/system/dict/data', '127.0.0.1', '内网IP', '{\"dictValue\":\"new\",\"dictSort\":0,\"remark\":\"新上架的商品\",\"params\":{},\"dictType\":\"apm_store_product_category\",\"dictLabel\":\"新品\",\"createBy\":\"admin\",\"default\":false,\"status\":\"0\"}', '{\"msg\":\"操作成功\",\"code\":200}', 0, NULL, '2020-10-11 13:01:36');
INSERT INTO `sys_oper_log` VALUES (354, '字典数据', 1, 'cn.saberking.jvav.apm.web.controller.system.SysDictDataController.add()', 'POST', 1, 'admin', NULL, '/system/dict/data', '127.0.0.1', '内网IP', '{\"dictValue\":\"old\",\"dictSort\":1,\"remark\":\"二手商品\",\"params\":{},\"dictType\":\"apm_store_product_category\",\"dictLabel\":\"二手闲置\",\"createBy\":\"admin\",\"default\":false,\"status\":\"0\"}', '{\"msg\":\"操作成功\",\"code\":200}', 0, NULL, '2020-10-11 13:02:06');
INSERT INTO `sys_oper_log` VALUES (355, '代码生成', 2, 'cn.saberking.jvav.apm.generator.controller.GenController.editSave()', 'PUT', 1, 'admin', NULL, '/tool/gen', '127.0.0.1', '内网IP', '{\"functionAuthor\":\"apm\",\"columns\":[{\"usableColumn\":false,\"columnId\":667,\"isIncrement\":\"1\",\"increment\":true,\"insert\":true,\"dictType\":\"\",\"required\":false,\"superColumn\":false,\"updateBy\":\"\",\"isInsert\":\"1\",\"javaField\":\"id\",\"htmlType\":\"input\",\"edit\":false,\"query\":false,\"columnComment\":\"商品id\",\"updateTime\":1602392328000,\"sort\":1,\"list\":false,\"params\":{},\"javaType\":\"Integer\",\"queryType\":\"EQ\",\"columnType\":\"mediumint(9)\",\"createBy\":\"admin\",\"isPk\":\"1\",\"createTime\":1602390917000,\"tableId\":45,\"pk\":true,\"columnName\":\"id\"},{\"usableColumn\":false,\"columnId\":668,\"isIncrement\":\"0\",\"increment\":false,\"insert\":true,\"dictType\":\"apm_store_product_mer_id\",\"required\":true,\"superColumn\":false,\"updateBy\":\"\",\"isInsert\":\"1\",\"isRequired\":\"1\",\"javaField\":\"merId\",\"htmlType\":\"select\",\"edit\":false,\"query\":false,\"columnComment\":\"商户Id\",\"updateTime\":1602392328000,\"sort\":2,\"list\":false,\"params\":{},\"javaType\":\"Long\",\"queryType\":\"EQ\",\"columnType\":\"bigint(20) unsigned\",\"createBy\":\"admin\",\"isPk\":\"0\",\"createTime\":1602390917000,\"tableId\":45,\"pk\":false,\"columnName\":\"mer_id\"},{\"usableColumn\":false,\"columnId\":669,\"isIncrement\":\"0\",\"increment\":false,\"insert\":true,\"isList\":\"1\",\"dictType\":\"apm_store_product_category\",\"required\":true,\"superColumn\":false,\"updateBy\":\"\",\"isInsert\":\"1\",\"isRequired\":\"1\",\"javaField\":\"category\",\"htmlType\":\"select\",\"edit\":true,\"query\":true,\"columnComment\":\"商品类型\",\"isQuery\":\"1\",\"updateTime\":1602392328000,\"sort\":3,\"list\":true,\"params\":{},\"javaType\":\"String\",\"queryType\":\"EQ\",\"columnType\":\"varchar(32)\",\"createBy\":\"admin\",\"isPk\":\"0\",\"createTime\":1602390917000,\"isEdit\":\"1\",\"tableId\":45,\"pk\":false,\"columnName\":\"category\"},{\"usableColumn\":false,\"columnId\":670,\"isIncrement\":\"0\",\"increment\":false,\"insert\":true,\"isList\":\"1\",\"dictType\":\"\",\"required\":true,\"superColumn\":false,\"updateBy\":\"\",\"isInsert\":\"1\",\"isRequired\":\"1\",\"javaField\":\"image\",\"htmlType\":\"input\",\"edit\":true,\"query\":false,\"columnComment\":\"商品图片\",\"updateTime\":1602392328000,\"sort\":4,\"list\":true,\"params\":{},\"javaType\":\"String\",\"queryType\":\"EQ\",\"col', '{\"msg\":\"操作成功\",\"code\":200}', 0, NULL, '2020-10-11 13:10:24');
INSERT INTO `sys_oper_log` VALUES (356, '字典类型', 1, 'cn.saberking.jvav.apm.web.controller.system.SysDictTypeController.add()', 'POST', 1, 'admin', NULL, '/system/dict/type', '127.0.0.1', '内网IP', '{\"remark\":\"商品推荐状态列表\",\"params\":{},\"dictType\":\"apm_store_is_show\",\"createBy\":\"admin\",\"dictName\":\"商品推荐状态\",\"status\":\"0\"}', '{\"msg\":\"操作成功\",\"code\":200}', 0, NULL, '2020-10-11 13:15:04');
INSERT INTO `sys_oper_log` VALUES (357, '字典数据', 1, 'cn.saberking.jvav.apm.web.controller.system.SysDictDataController.add()', 'POST', 1, 'admin', NULL, '/system/dict/data', '127.0.0.1', '内网IP', '{\"dictValue\":\"0\",\"dictSort\":0,\"remark\":\"前台不显示不推荐的商品/商品分类\",\"params\":{},\"dictType\":\"apm_store_is_show\",\"dictLabel\":\"不推荐\",\"createBy\":\"admin\",\"default\":false,\"status\":\"0\"}', '{\"msg\":\"操作成功\",\"code\":200}', 0, NULL, '2020-10-11 13:17:28');
INSERT INTO `sys_oper_log` VALUES (358, '字典数据', 1, 'cn.saberking.jvav.apm.web.controller.system.SysDictDataController.add()', 'POST', 1, 'admin', NULL, '/system/dict/data', '127.0.0.1', '内网IP', '{\"dictValue\":\"1\",\"dictSort\":1,\"remark\":\"前台显示推荐的商品/商品分类\",\"params\":{},\"dictType\":\"apm_store_is_show\",\"dictLabel\":\"推荐\",\"createBy\":\"admin\",\"default\":false,\"status\":\"0\"}', '{\"msg\":\"操作成功\",\"code\":200}', 0, NULL, '2020-10-11 13:18:02');
INSERT INTO `sys_oper_log` VALUES (359, '代码生成', 2, 'cn.saberking.jvav.apm.generator.controller.GenController.editSave()', 'PUT', 1, 'admin', NULL, '/tool/gen', '127.0.0.1', '内网IP', '{\"functionAuthor\":\"apm\",\"columns\":[{\"usableColumn\":false,\"columnId\":667,\"isIncrement\":\"1\",\"increment\":true,\"insert\":true,\"dictType\":\"\",\"required\":false,\"superColumn\":false,\"updateBy\":\"\",\"isInsert\":\"1\",\"javaField\":\"id\",\"htmlType\":\"input\",\"edit\":false,\"query\":false,\"columnComment\":\"商品id\",\"updateTime\":1602393024000,\"sort\":1,\"list\":false,\"params\":{},\"javaType\":\"Integer\",\"queryType\":\"EQ\",\"columnType\":\"mediumint(9)\",\"createBy\":\"admin\",\"isPk\":\"1\",\"createTime\":1602390917000,\"tableId\":45,\"pk\":true,\"columnName\":\"id\"},{\"usableColumn\":false,\"columnId\":668,\"isIncrement\":\"0\",\"increment\":false,\"insert\":true,\"dictType\":\"apm_store_product_mer_id\",\"required\":true,\"superColumn\":false,\"updateBy\":\"\",\"isInsert\":\"1\",\"isRequired\":\"1\",\"javaField\":\"merId\",\"htmlType\":\"select\",\"edit\":false,\"query\":false,\"columnComment\":\"商户Id\",\"updateTime\":1602393024000,\"sort\":2,\"list\":false,\"params\":{},\"javaType\":\"Long\",\"queryType\":\"EQ\",\"columnType\":\"bigint(20) unsigned\",\"createBy\":\"admin\",\"isPk\":\"0\",\"createTime\":1602390917000,\"tableId\":45,\"pk\":false,\"columnName\":\"mer_id\"},{\"usableColumn\":false,\"columnId\":669,\"isIncrement\":\"0\",\"increment\":false,\"insert\":true,\"isList\":\"1\",\"dictType\":\"apm_store_product_category\",\"required\":true,\"superColumn\":false,\"updateBy\":\"\",\"isInsert\":\"1\",\"isRequired\":\"1\",\"javaField\":\"category\",\"htmlType\":\"select\",\"edit\":true,\"query\":true,\"columnComment\":\"商品类型\",\"isQuery\":\"1\",\"updateTime\":1602393024000,\"sort\":3,\"list\":true,\"params\":{},\"javaType\":\"String\",\"queryType\":\"EQ\",\"columnType\":\"varchar(32)\",\"createBy\":\"admin\",\"isPk\":\"0\",\"createTime\":1602390917000,\"isEdit\":\"1\",\"tableId\":45,\"pk\":false,\"columnName\":\"category\"},{\"usableColumn\":false,\"columnId\":670,\"isIncrement\":\"0\",\"increment\":false,\"insert\":true,\"isList\":\"1\",\"dictType\":\"\",\"required\":true,\"superColumn\":false,\"updateBy\":\"\",\"isInsert\":\"1\",\"isRequired\":\"1\",\"javaField\":\"image\",\"htmlType\":\"input\",\"edit\":true,\"query\":false,\"columnComment\":\"商品图片\",\"updateTime\":1602393024000,\"sort\":4,\"list\":true,\"params\":{},\"javaType\":\"String\",\"queryType\":\"EQ\",\"col', '{\"msg\":\"操作成功\",\"code\":200}', 0, NULL, '2020-10-11 13:19:17');
INSERT INTO `sys_oper_log` VALUES (360, '字典类型', 1, 'cn.saberking.jvav.apm.web.controller.system.SysDictTypeController.add()', 'POST', 1, 'admin', NULL, '/system/dict/type', '127.0.0.1', '内网IP', '{\"remark\":\"商品是否新品\",\"params\":{},\"dictType\":\"apm_store_product_is _new\",\"createBy\":\"admin\",\"dictName\":\"商品是否新品\",\"status\":\"0\"}', '{\"msg\":\"操作成功\",\"code\":200}', 0, NULL, '2020-10-11 13:20:31');
INSERT INTO `sys_oper_log` VALUES (361, '字典数据', 1, 'cn.saberking.jvav.apm.web.controller.system.SysDictDataController.add()', 'POST', 1, 'admin', NULL, '/system/dict/data', '127.0.0.1', '内网IP', '{\"dictValue\":\"0\",\"dictSort\":0,\"remark\":\"商品是新品\",\"params\":{},\"dictType\":\"apm_store_product_is _new\",\"dictLabel\":\"新品\",\"createBy\":\"admin\",\"default\":false,\"status\":\"0\"}', '{\"msg\":\"操作成功\",\"code\":200}', 0, NULL, '2020-10-11 13:21:01');
INSERT INTO `sys_oper_log` VALUES (362, '字典数据', 1, 'cn.saberking.jvav.apm.web.controller.system.SysDictDataController.add()', 'POST', 1, 'admin', NULL, '/system/dict/data', '127.0.0.1', '内网IP', '{\"dictValue\":\"1\",\"dictSort\":1,\"remark\":\"商品不是新品\",\"params\":{},\"dictType\":\"apm_store_product_is _new\",\"dictLabel\":\"非新品\",\"createBy\":\"admin\",\"default\":false,\"status\":\"0\"}', '{\"msg\":\"操作成功\",\"code\":200}', 0, NULL, '2020-10-11 13:21:23');
INSERT INTO `sys_oper_log` VALUES (363, '代码生成', 2, 'cn.saberking.jvav.apm.generator.controller.GenController.editSave()', 'PUT', 1, 'admin', NULL, '/tool/gen', '127.0.0.1', '内网IP', '{\"functionAuthor\":\"apm\",\"columns\":[{\"usableColumn\":false,\"columnId\":667,\"isIncrement\":\"1\",\"increment\":true,\"insert\":true,\"dictType\":\"\",\"required\":false,\"superColumn\":false,\"updateBy\":\"\",\"isInsert\":\"1\",\"javaField\":\"id\",\"htmlType\":\"input\",\"edit\":false,\"query\":false,\"columnComment\":\"商品id\",\"updateTime\":1602393557000,\"sort\":1,\"list\":false,\"params\":{},\"javaType\":\"Integer\",\"queryType\":\"EQ\",\"columnType\":\"mediumint(9)\",\"createBy\":\"admin\",\"isPk\":\"1\",\"createTime\":1602390917000,\"tableId\":45,\"pk\":true,\"columnName\":\"id\"},{\"usableColumn\":false,\"columnId\":668,\"isIncrement\":\"0\",\"increment\":false,\"insert\":true,\"dictType\":\"apm_store_product_mer_id\",\"required\":true,\"superColumn\":false,\"updateBy\":\"\",\"isInsert\":\"1\",\"isRequired\":\"1\",\"javaField\":\"merId\",\"htmlType\":\"select\",\"edit\":false,\"query\":false,\"columnComment\":\"商户Id\",\"updateTime\":1602393557000,\"sort\":2,\"list\":false,\"params\":{},\"javaType\":\"Long\",\"queryType\":\"EQ\",\"columnType\":\"bigint(20) unsigned\",\"createBy\":\"admin\",\"isPk\":\"0\",\"createTime\":1602390917000,\"tableId\":45,\"pk\":false,\"columnName\":\"mer_id\"},{\"usableColumn\":false,\"columnId\":669,\"isIncrement\":\"0\",\"increment\":false,\"insert\":true,\"isList\":\"1\",\"dictType\":\"apm_store_product_category\",\"required\":true,\"superColumn\":false,\"updateBy\":\"\",\"isInsert\":\"1\",\"isRequired\":\"1\",\"javaField\":\"category\",\"htmlType\":\"select\",\"edit\":true,\"query\":true,\"columnComment\":\"商品类型\",\"isQuery\":\"1\",\"updateTime\":1602393557000,\"sort\":3,\"list\":true,\"params\":{},\"javaType\":\"String\",\"queryType\":\"EQ\",\"columnType\":\"varchar(32)\",\"createBy\":\"admin\",\"isPk\":\"0\",\"createTime\":1602390917000,\"isEdit\":\"1\",\"tableId\":45,\"pk\":false,\"columnName\":\"category\"},{\"usableColumn\":false,\"columnId\":670,\"isIncrement\":\"0\",\"increment\":false,\"insert\":true,\"isList\":\"1\",\"dictType\":\"\",\"required\":true,\"superColumn\":false,\"updateBy\":\"\",\"isInsert\":\"1\",\"isRequired\":\"1\",\"javaField\":\"image\",\"htmlType\":\"input\",\"edit\":true,\"query\":false,\"columnComment\":\"商品图片\",\"updateTime\":1602393557000,\"sort\":4,\"list\":true,\"params\":{},\"javaType\":\"String\",\"queryType\":\"EQ\",\"col', '{\"msg\":\"操作成功\",\"code\":200}', 0, NULL, '2020-10-11 13:26:57');
INSERT INTO `sys_oper_log` VALUES (364, '字典类型', 1, 'cn.saberking.jvav.apm.web.controller.system.SysDictTypeController.add()', 'POST', 1, 'admin', NULL, '/system/dict/type', '127.0.0.1', '内网IP', '{\"remark\":\"商品包邮状态列表\",\"params\":{},\"dictType\":\"apm_store_product_is\",\"createBy\":\"admin\",\"dictName\":\"商品包邮状态\",\"status\":\"0\"}', '{\"msg\":\"操作成功\",\"code\":200}', 0, NULL, '2020-10-11 13:28:10');
INSERT INTO `sys_oper_log` VALUES (365, '字典类型', 2, 'cn.saberking.jvav.apm.web.controller.system.SysDictTypeController.edit()', 'PUT', 1, 'admin', NULL, '/system/dict/type', '127.0.0.1', '内网IP', '{\"remark\":\"商品包邮状态列表\",\"dictId\":28,\"params\":{},\"dictType\":\"apm_store_product_is_postage\",\"createBy\":\"admin\",\"createTime\":1602394090000,\"updateBy\":\"admin\",\"dictName\":\"商品包邮状态\",\"status\":\"0\"}', '{\"msg\":\"操作成功\",\"code\":200}', 0, NULL, '2020-10-11 13:28:36');
INSERT INTO `sys_oper_log` VALUES (366, '字典数据', 1, 'cn.saberking.jvav.apm.web.controller.system.SysDictDataController.add()', 'POST', 1, 'admin', NULL, '/system/dict/data', '127.0.0.1', '内网IP', '{\"dictValue\":\"0\",\"dictSort\":0,\"remark\":\"包邮\",\"params\":{},\"dictType\":\"apm_store_product_is_postage\",\"dictLabel\":\"包邮\",\"createBy\":\"admin\",\"default\":false,\"status\":\"0\"}', '{\"msg\":\"操作成功\",\"code\":200}', 0, NULL, '2020-10-11 13:29:07');
INSERT INTO `sys_oper_log` VALUES (367, '字典数据', 1, 'cn.saberking.jvav.apm.web.controller.system.SysDictDataController.add()', 'POST', 1, 'admin', NULL, '/system/dict/data', '127.0.0.1', '内网IP', '{\"dictValue\":\"1\",\"dictSort\":1,\"remark\":\"不包邮\",\"params\":{},\"dictType\":\"apm_store_product_is_postage\",\"dictLabel\":\"不包邮\",\"createBy\":\"admin\",\"default\":false,\"status\":\"0\"}', '{\"msg\":\"操作成功\",\"code\":200}', 0, NULL, '2020-10-11 13:29:21');
INSERT INTO `sys_oper_log` VALUES (368, '字典类型', 2, 'cn.saberking.jvav.apm.web.controller.system.SysDictTypeController.edit()', 'PUT', 1, 'admin', NULL, '/system/dict/type', '127.0.0.1', '内网IP', '{\"remark\":\"删除状态列表\",\"dictId\":17,\"params\":{},\"dictType\":\"sys_common_del_flag\",\"createBy\":\"admin\",\"createTime\":1601966499000,\"updateBy\":\"admin\",\"dictName\":\"删除状态\",\"status\":\"0\"}', '{\"msg\":\"操作成功\",\"code\":200}', 0, NULL, '2020-10-11 13:30:54');
INSERT INTO `sys_oper_log` VALUES (369, '字典数据', 2, 'cn.saberking.jvav.apm.web.controller.system.SysDictDataController.edit()', 'PUT', 1, 'admin', NULL, '/system/dict/data', '127.0.0.1', '内网IP', '{\"dictValue\":\"0\",\"dictSort\":0,\"remark\":\"存在\",\"params\":{},\"dictType\":\"sys_common_del_flag\",\"dictLabel\":\"存在\",\"createBy\":\"admin\",\"default\":false,\"isDefault\":\"N\",\"createTime\":1601966555000,\"dictCode\":46,\"updateBy\":\"admin\",\"status\":\"0\"}', '{\"msg\":\"操作成功\",\"code\":200}', 0, NULL, '2020-10-11 13:31:19');
INSERT INTO `sys_oper_log` VALUES (370, '字典数据', 2, 'cn.saberking.jvav.apm.web.controller.system.SysDictDataController.edit()', 'PUT', 1, 'admin', NULL, '/system/dict/data', '127.0.0.1', '内网IP', '{\"dictValue\":\"1\",\"dictSort\":1,\"remark\":\"已删除\",\"params\":{},\"dictType\":\"sys_common_del_flag\",\"dictLabel\":\"删除\",\"createBy\":\"admin\",\"default\":false,\"isDefault\":\"N\",\"createTime\":1601966601000,\"dictCode\":47,\"updateBy\":\"admin\",\"status\":\"0\"}', '{\"msg\":\"操作成功\",\"code\":200}', 0, NULL, '2020-10-11 13:31:23');
INSERT INTO `sys_oper_log` VALUES (371, '字典类型', 1, 'cn.saberking.jvav.apm.web.controller.system.SysDictTypeController.add()', 'POST', 1, 'admin', NULL, '/system/dict/type', '127.0.0.1', '内网IP', '{\"remark\":\"商品代理状态列表\",\"params\":{},\"dictType\":\"apm_store_product_is_\",\"createBy\":\"admin\",\"dictName\":\"商品代理状态\",\"status\":\"0\"}', '{\"msg\":\"操作成功\",\"code\":200}', 0, NULL, '2020-10-11 13:32:55');
INSERT INTO `sys_oper_log` VALUES (372, '字典类型', 2, 'cn.saberking.jvav.apm.web.controller.system.SysDictTypeController.edit()', 'PUT', 1, 'admin', NULL, '/system/dict/type', '127.0.0.1', '内网IP', '{\"remark\":\"商品代理状态列表\",\"dictId\":29,\"params\":{},\"dictType\":\"apm_store_product_mer_use\",\"createBy\":\"admin\",\"createTime\":1602394375000,\"updateBy\":\"admin\",\"dictName\":\"商品代理状态\",\"status\":\"0\"}', '{\"msg\":\"操作成功\",\"code\":200}', 0, NULL, '2020-10-11 13:33:26');
INSERT INTO `sys_oper_log` VALUES (373, '字典数据', 1, 'cn.saberking.jvav.apm.web.controller.system.SysDictDataController.add()', 'POST', 1, 'admin', NULL, '/system/dict/data', '127.0.0.1', '内网IP', '{\"dictValue\":\"0\",\"dictSort\":0,\"remark\":\"不可代理 \",\"params\":{},\"dictType\":\"apm_store_product_mer_use\",\"dictLabel\":\"不可代理\",\"createBy\":\"admin\",\"default\":false,\"status\":\"0\"}', '{\"msg\":\"操作成功\",\"code\":200}', 0, NULL, '2020-10-11 13:34:05');
INSERT INTO `sys_oper_log` VALUES (374, '字典数据', 1, 'cn.saberking.jvav.apm.web.controller.system.SysDictDataController.add()', 'POST', 1, 'admin', NULL, '/system/dict/data', '127.0.0.1', '内网IP', '{\"dictValue\":\"1\",\"dictSort\":1,\"remark\":\"可代理\",\"params\":{},\"dictType\":\"apm_store_product_mer_use\",\"dictLabel\":\"可代理\",\"createBy\":\"admin\",\"default\":false,\"status\":\"0\"}', '{\"msg\":\"操作成功\",\"code\":200}', 0, NULL, '2020-10-11 13:34:22');
INSERT INTO `sys_oper_log` VALUES (375, '代码生成', 2, 'cn.saberking.jvav.apm.generator.controller.GenController.editSave()', 'PUT', 1, 'admin', NULL, '/tool/gen', '127.0.0.1', '内网IP', '{\"functionAuthor\":\"apm\",\"columns\":[{\"usableColumn\":false,\"columnId\":667,\"isIncrement\":\"1\",\"increment\":true,\"insert\":true,\"dictType\":\"\",\"required\":false,\"superColumn\":false,\"updateBy\":\"\",\"isInsert\":\"1\",\"javaField\":\"id\",\"htmlType\":\"input\",\"edit\":false,\"query\":false,\"columnComment\":\"商品id\",\"updateTime\":1602394017000,\"sort\":1,\"list\":false,\"params\":{},\"javaType\":\"Integer\",\"queryType\":\"EQ\",\"columnType\":\"mediumint(9)\",\"createBy\":\"admin\",\"isPk\":\"1\",\"createTime\":1602390917000,\"tableId\":45,\"pk\":true,\"columnName\":\"id\"},{\"usableColumn\":false,\"columnId\":668,\"isIncrement\":\"0\",\"increment\":false,\"insert\":true,\"dictType\":\"apm_store_product_mer_id\",\"required\":true,\"superColumn\":false,\"updateBy\":\"\",\"isInsert\":\"1\",\"isRequired\":\"1\",\"javaField\":\"merId\",\"htmlType\":\"select\",\"edit\":false,\"query\":false,\"columnComment\":\"商户Id\",\"updateTime\":1602394017000,\"sort\":2,\"list\":false,\"params\":{},\"javaType\":\"Long\",\"queryType\":\"EQ\",\"columnType\":\"bigint(20) unsigned\",\"createBy\":\"admin\",\"isPk\":\"0\",\"createTime\":1602390917000,\"tableId\":45,\"pk\":false,\"columnName\":\"mer_id\"},{\"usableColumn\":false,\"columnId\":669,\"isIncrement\":\"0\",\"increment\":false,\"insert\":true,\"isList\":\"1\",\"dictType\":\"apm_store_product_category\",\"required\":true,\"superColumn\":false,\"updateBy\":\"\",\"isInsert\":\"1\",\"isRequired\":\"1\",\"javaField\":\"category\",\"htmlType\":\"select\",\"edit\":true,\"query\":true,\"columnComment\":\"商品类型\",\"isQuery\":\"1\",\"updateTime\":1602394017000,\"sort\":3,\"list\":true,\"params\":{},\"javaType\":\"String\",\"queryType\":\"EQ\",\"columnType\":\"varchar(32)\",\"createBy\":\"admin\",\"isPk\":\"0\",\"createTime\":1602390917000,\"isEdit\":\"1\",\"tableId\":45,\"pk\":false,\"columnName\":\"category\"},{\"usableColumn\":false,\"columnId\":670,\"isIncrement\":\"0\",\"increment\":false,\"insert\":true,\"isList\":\"1\",\"dictType\":\"\",\"required\":true,\"superColumn\":false,\"updateBy\":\"\",\"isInsert\":\"1\",\"isRequired\":\"1\",\"javaField\":\"image\",\"htmlType\":\"input\",\"edit\":true,\"query\":false,\"columnComment\":\"商品图片\",\"updateTime\":1602394017000,\"sort\":4,\"list\":true,\"params\":{},\"javaType\":\"String\",\"queryType\":\"EQ\",\"col', '{\"msg\":\"操作成功\",\"code\":200}', 0, NULL, '2020-10-11 13:34:28');
INSERT INTO `sys_oper_log` VALUES (376, '代码生成', 2, 'cn.saberking.jvav.apm.generator.controller.GenController.editSave()', 'PUT', 1, 'admin', NULL, '/tool/gen', '127.0.0.1', '内网IP', '{\"functionAuthor\":\"apm\",\"columns\":[{\"usableColumn\":false,\"columnId\":667,\"isIncrement\":\"1\",\"increment\":true,\"insert\":true,\"dictType\":\"\",\"required\":false,\"superColumn\":false,\"updateBy\":\"\",\"isInsert\":\"1\",\"javaField\":\"id\",\"htmlType\":\"input\",\"edit\":false,\"query\":false,\"columnComment\":\"商品id\",\"updateTime\":1602394467000,\"sort\":1,\"list\":false,\"params\":{},\"javaType\":\"Integer\",\"queryType\":\"EQ\",\"columnType\":\"mediumint(9)\",\"createBy\":\"admin\",\"isPk\":\"1\",\"createTime\":1602390917000,\"tableId\":45,\"pk\":true,\"columnName\":\"id\"},{\"usableColumn\":false,\"columnId\":668,\"isIncrement\":\"0\",\"increment\":false,\"insert\":true,\"dictType\":\"apm_store_product_mer_id\",\"required\":true,\"superColumn\":false,\"updateBy\":\"\",\"isInsert\":\"1\",\"isRequired\":\"1\",\"javaField\":\"merId\",\"htmlType\":\"select\",\"edit\":false,\"query\":false,\"columnComment\":\"商户Id\",\"updateTime\":1602394467000,\"sort\":2,\"list\":false,\"params\":{},\"javaType\":\"Long\",\"queryType\":\"EQ\",\"columnType\":\"bigint(20) unsigned\",\"createBy\":\"admin\",\"isPk\":\"0\",\"createTime\":1602390917000,\"tableId\":45,\"pk\":false,\"columnName\":\"mer_id\"},{\"usableColumn\":false,\"columnId\":669,\"isIncrement\":\"0\",\"increment\":false,\"insert\":true,\"isList\":\"1\",\"dictType\":\"apm_store_product_category\",\"required\":true,\"superColumn\":false,\"updateBy\":\"\",\"isInsert\":\"1\",\"isRequired\":\"1\",\"javaField\":\"category\",\"htmlType\":\"select\",\"edit\":true,\"query\":true,\"columnComment\":\"商品类型\",\"isQuery\":\"1\",\"updateTime\":1602394467000,\"sort\":3,\"list\":true,\"params\":{},\"javaType\":\"String\",\"queryType\":\"EQ\",\"columnType\":\"varchar(32)\",\"createBy\":\"admin\",\"isPk\":\"0\",\"createTime\":1602390917000,\"isEdit\":\"1\",\"tableId\":45,\"pk\":false,\"columnName\":\"category\"},{\"usableColumn\":false,\"columnId\":670,\"isIncrement\":\"0\",\"increment\":false,\"insert\":true,\"isList\":\"1\",\"dictType\":\"\",\"required\":true,\"superColumn\":false,\"updateBy\":\"\",\"isInsert\":\"1\",\"isRequired\":\"1\",\"javaField\":\"image\",\"htmlType\":\"input\",\"edit\":true,\"query\":false,\"columnComment\":\"商品图片\",\"updateTime\":1602394467000,\"sort\":4,\"list\":true,\"params\":{},\"javaType\":\"String\",\"queryType\":\"EQ\",\"col', '{\"msg\":\"操作成功\",\"code\":200}', 0, NULL, '2020-10-11 13:34:46');
INSERT INTO `sys_oper_log` VALUES (377, '代码生成', 8, 'cn.saberking.jvav.apm.generator.controller.GenController.batchGenCode()', 'GET', 1, 'admin', NULL, '/tool/gen/batchGenCode', '127.0.0.1', '内网IP', '{}', 'null', 0, NULL, '2020-10-11 13:36:14');
INSERT INTO `sys_oper_log` VALUES (378, '代码生成', 3, 'cn.saberking.jvav.apm.generator.controller.GenController.remove()', 'DELETE', 1, 'admin', NULL, '/tool/gen/42', '127.0.0.1', '内网IP', '{tableIds=42}', '{\"msg\":\"操作成功\",\"code\":200}', 0, NULL, '2020-10-12 06:25:59');
INSERT INTO `sys_oper_log` VALUES (379, '代码生成', 6, 'cn.saberking.jvav.apm.generator.controller.GenController.importTableSave()', 'POST', 1, 'admin', NULL, '/tool/gen/importTable', '127.0.0.1', '内网IP', 'apm_user_address', '{\"msg\":\"操作成功\",\"code\":200}', 0, NULL, '2020-10-12 06:26:14');
INSERT INTO `sys_oper_log` VALUES (380, '代码生成', 2, 'cn.saberking.jvav.apm.generator.controller.GenController.editSave()', 'PUT', 1, 'admin', NULL, '/tool/gen', '127.0.0.1', '内网IP', '{\"functionAuthor\":\"apm\",\"columns\":[{\"usableColumn\":false,\"columnId\":715,\"isIncrement\":\"1\",\"increment\":true,\"insert\":true,\"dictType\":\"\",\"required\":false,\"superColumn\":false,\"updateBy\":\"\",\"isInsert\":\"1\",\"javaField\":\"id\",\"htmlType\":\"input\",\"edit\":false,\"query\":false,\"columnComment\":\"用户地址id\",\"sort\":1,\"list\":false,\"params\":{},\"javaType\":\"Integer\",\"queryType\":\"EQ\",\"columnType\":\"mediumint(8) unsigned\",\"createBy\":\"admin\",\"isPk\":\"1\",\"createTime\":1602455174000,\"tableId\":48,\"pk\":true,\"columnName\":\"id\"},{\"usableColumn\":false,\"columnId\":716,\"isIncrement\":\"0\",\"increment\":false,\"insert\":true,\"isList\":\"1\",\"dictType\":\"\",\"required\":true,\"superColumn\":false,\"updateBy\":\"\",\"isInsert\":\"1\",\"isRequired\":\"1\",\"javaField\":\"userId\",\"htmlType\":\"input\",\"edit\":true,\"query\":true,\"columnComment\":\"用户id\",\"isQuery\":\"1\",\"sort\":2,\"list\":true,\"params\":{},\"javaType\":\"Integer\",\"queryType\":\"EQ\",\"columnType\":\"int(10) unsigned\",\"createBy\":\"admin\",\"isPk\":\"0\",\"createTime\":1602455174000,\"isEdit\":\"1\",\"tableId\":48,\"pk\":false,\"columnName\":\"user_id\"},{\"usableColumn\":false,\"columnId\":717,\"isIncrement\":\"0\",\"increment\":false,\"insert\":true,\"isList\":\"1\",\"dictType\":\"\",\"required\":true,\"superColumn\":false,\"updateBy\":\"\",\"isInsert\":\"1\",\"isRequired\":\"1\",\"javaField\":\"realName\",\"htmlType\":\"input\",\"edit\":true,\"query\":true,\"columnComment\":\"收货人姓名\",\"isQuery\":\"1\",\"sort\":3,\"list\":true,\"params\":{},\"javaType\":\"String\",\"queryType\":\"LIKE\",\"columnType\":\"varchar(32)\",\"createBy\":\"admin\",\"isPk\":\"0\",\"createTime\":1602455174000,\"isEdit\":\"1\",\"tableId\":48,\"pk\":false,\"columnName\":\"real_name\"},{\"usableColumn\":false,\"columnId\":718,\"isIncrement\":\"0\",\"increment\":false,\"insert\":true,\"isList\":\"1\",\"dictType\":\"\",\"required\":true,\"superColumn\":false,\"updateBy\":\"\",\"isInsert\":\"1\",\"isRequired\":\"1\",\"javaField\":\"phone\",\"htmlType\":\"input\",\"edit\":true,\"query\":true,\"columnComment\":\"收货人电话\",\"isQuery\":\"1\",\"sort\":4,\"list\":true,\"params\":{},\"javaType\":\"String\",\"queryType\":\"EQ\",\"columnType\":\"varchar(16)\",\"createBy\":\"admin\",\"isPk\":\"0\",\"createTime\":1602455174000,\"isEdit\":\"1\"', '{\"msg\":\"操作成功\",\"code\":200}', 0, NULL, '2020-10-12 06:27:59');
INSERT INTO `sys_oper_log` VALUES (381, '字典类型', 1, 'cn.saberking.jvav.apm.web.controller.system.SysDictTypeController.add()', 'POST', 1, 'admin', NULL, '/system/dict/type', '127.0.0.1', '内网IP', '{\"remark\":\"数值类型的删除标志\",\"params\":{},\"dictType\":\"apm_common_del_flag_int\",\"createBy\":\"admin\",\"dictName\":\"删除状态（int）\",\"status\":\"0\"}', '{\"msg\":\"操作成功\",\"code\":200}', 0, NULL, '2020-10-12 06:29:15');
INSERT INTO `sys_oper_log` VALUES (382, '字典数据', 1, 'cn.saberking.jvav.apm.web.controller.system.SysDictDataController.add()', 'POST', 1, 'admin', NULL, '/system/dict/data', '127.0.0.1', '内网IP', '{\"dictValue\":\"0\",\"dictSort\":0,\"remark\":\"存在，未删除\",\"params\":{},\"dictType\":\"apm_common_del_flag_int\",\"dictLabel\":\"存在\",\"createBy\":\"admin\",\"default\":false,\"status\":\"0\"}', '{\"msg\":\"操作成功\",\"code\":200}', 0, NULL, '2020-10-12 06:29:54');
INSERT INTO `sys_oper_log` VALUES (383, '字典数据', 1, 'cn.saberking.jvav.apm.web.controller.system.SysDictDataController.add()', 'POST', 1, 'admin', NULL, '/system/dict/data', '127.0.0.1', '内网IP', '{\"dictValue\":\"1\",\"dictSort\":1,\"remark\":\"已删除，不显示\",\"params\":{},\"dictType\":\"apm_common_del_flag_int\",\"dictLabel\":\"已删除\",\"createBy\":\"admin\",\"default\":false,\"status\":\"0\"}', '{\"msg\":\"操作成功\",\"code\":200}', 0, NULL, '2020-10-12 06:30:16');
INSERT INTO `sys_oper_log` VALUES (384, '字典类型', 1, 'cn.saberking.jvav.apm.web.controller.system.SysDictTypeController.add()', 'POST', 1, 'admin', NULL, '/system/dict/type', '127.0.0.1', '内网IP', '{\"remark\":\"数值类型的是否默认标识\",\"params\":{},\"dictType\":\"apm_common_is_default_int\",\"createBy\":\"admin\",\"dictName\":\"是否默认（int）\",\"status\":\"0\"}', '{\"msg\":\"操作成功\",\"code\":200}', 0, NULL, '2020-10-12 06:31:45');
INSERT INTO `sys_oper_log` VALUES (385, '字典数据', 1, 'cn.saberking.jvav.apm.web.controller.system.SysDictDataController.add()', 'POST', 1, 'admin', NULL, '/system/dict/data', '127.0.0.1', '内网IP', '{\"dictValue\":\"1\",\"dictSort\":0,\"remark\":\"默认的\",\"params\":{},\"dictType\":\"apm_common_is_default_int\",\"dictLabel\":\"默认\",\"createBy\":\"admin\",\"default\":false,\"status\":\"0\"}', '{\"msg\":\"操作成功\",\"code\":200}', 0, NULL, '2020-10-12 06:32:16');
INSERT INTO `sys_oper_log` VALUES (386, '字典数据', 1, 'cn.saberking.jvav.apm.web.controller.system.SysDictDataController.add()', 'POST', 1, 'admin', NULL, '/system/dict/data', '127.0.0.1', '内网IP', '{\"dictValue\":\"0\",\"dictSort\":1,\"remark\":\"不是默认的\",\"params\":{},\"dictType\":\"apm_common_is_default_int\",\"dictLabel\":\"非默认\",\"createBy\":\"admin\",\"default\":false,\"status\":\"0\"}', '{\"msg\":\"操作成功\",\"code\":200}', 0, NULL, '2020-10-12 06:32:36');
INSERT INTO `sys_oper_log` VALUES (387, '代码生成', 2, 'cn.saberking.jvav.apm.generator.controller.GenController.editSave()', 'PUT', 1, 'admin', NULL, '/tool/gen', '127.0.0.1', '内网IP', '{\"functionAuthor\":\"apm\",\"columns\":[{\"usableColumn\":false,\"columnId\":715,\"isIncrement\":\"1\",\"increment\":true,\"insert\":true,\"dictType\":\"\",\"required\":false,\"superColumn\":false,\"updateBy\":\"\",\"isInsert\":\"1\",\"javaField\":\"id\",\"htmlType\":\"input\",\"edit\":false,\"query\":false,\"columnComment\":\"用户地址id\",\"updateTime\":1602455279000,\"sort\":1,\"list\":false,\"params\":{},\"javaType\":\"Integer\",\"queryType\":\"EQ\",\"columnType\":\"mediumint(8) unsigned\",\"createBy\":\"admin\",\"isPk\":\"1\",\"createTime\":1602455174000,\"tableId\":48,\"pk\":true,\"columnName\":\"id\"},{\"usableColumn\":false,\"columnId\":716,\"isIncrement\":\"0\",\"increment\":false,\"insert\":true,\"isList\":\"1\",\"dictType\":\"\",\"required\":true,\"superColumn\":false,\"updateBy\":\"\",\"isInsert\":\"1\",\"isRequired\":\"1\",\"javaField\":\"userId\",\"htmlType\":\"input\",\"edit\":true,\"query\":true,\"columnComment\":\"用户id\",\"isQuery\":\"1\",\"updateTime\":1602455279000,\"sort\":2,\"list\":true,\"params\":{},\"javaType\":\"Integer\",\"queryType\":\"EQ\",\"columnType\":\"int(10) unsigned\",\"createBy\":\"admin\",\"isPk\":\"0\",\"createTime\":1602455174000,\"isEdit\":\"1\",\"tableId\":48,\"pk\":false,\"columnName\":\"user_id\"},{\"usableColumn\":false,\"columnId\":717,\"isIncrement\":\"0\",\"increment\":false,\"insert\":true,\"isList\":\"1\",\"dictType\":\"\",\"required\":true,\"superColumn\":false,\"updateBy\":\"\",\"isInsert\":\"1\",\"isRequired\":\"1\",\"javaField\":\"realName\",\"htmlType\":\"input\",\"edit\":true,\"query\":true,\"columnComment\":\"收货人姓名\",\"isQuery\":\"1\",\"updateTime\":1602455279000,\"sort\":3,\"list\":true,\"params\":{},\"javaType\":\"String\",\"queryType\":\"LIKE\",\"columnType\":\"varchar(32)\",\"createBy\":\"admin\",\"isPk\":\"0\",\"createTime\":1602455174000,\"isEdit\":\"1\",\"tableId\":48,\"pk\":false,\"columnName\":\"real_name\"},{\"usableColumn\":false,\"columnId\":718,\"isIncrement\":\"0\",\"increment\":false,\"insert\":true,\"isList\":\"1\",\"dictType\":\"\",\"required\":true,\"superColumn\":false,\"updateBy\":\"\",\"isInsert\":\"1\",\"isRequired\":\"1\",\"javaField\":\"phone\",\"htmlType\":\"input\",\"edit\":true,\"query\":true,\"columnComment\":\"收货人电话\",\"isQuery\":\"1\",\"updateTime\":1602455279000,\"sort\":4,\"list\":true,\"params\":{},\"javaType\":\"String\",\"quer', '{\"msg\":\"操作成功\",\"code\":200}', 0, NULL, '2020-10-12 06:33:31');
INSERT INTO `sys_oper_log` VALUES (388, '代码生成', 8, 'cn.saberking.jvav.apm.generator.controller.GenController.batchGenCode()', 'GET', 1, 'admin', NULL, '/tool/gen/batchGenCode', '127.0.0.1', '内网IP', '{}', 'null', 0, NULL, '2020-10-12 06:34:00');
INSERT INTO `sys_oper_log` VALUES (389, '代码生成', 8, 'cn.saberking.jvav.apm.generator.controller.GenController.batchGenCode()', 'GET', 1, 'admin', NULL, '/tool/gen/batchGenCode', '127.0.0.1', '内网IP', '{}', 'null', 0, NULL, '2020-10-12 06:35:16');
INSERT INTO `sys_oper_log` VALUES (390, '字典类型', 1, 'cn.saberking.jvav.apm.web.controller.system.SysDictTypeController.add()', 'POST', 1, 'admin', NULL, '/system/dict/type', '127.0.0.1', '内网IP', '{\"params\":{},\"dictType\":\"apm_store_product_is\",\"createBy\":\"admin\",\"dictName\":\"apm_store_product_is\",\"status\":\"0\"}', '{\"msg\":\"操作成功\",\"code\":200}', 0, NULL, '2020-10-12 07:41:14');
INSERT INTO `sys_oper_log` VALUES (391, '字典数据', 1, 'cn.saberking.jvav.apm.web.controller.system.SysDictDataController.add()', 'POST', 1, 'admin', NULL, '/system/dict/data', '127.0.0.1', '内网IP', '{\"dictValue\":\"1\",\"dictSort\":0,\"params\":{},\"dictType\":\"apm_store_product_is\",\"dictLabel\":\"包邮\",\"createBy\":\"admin\",\"default\":false,\"status\":\"0\"}', '{\"msg\":\"操作成功\",\"code\":200}', 0, NULL, '2020-10-12 07:41:49');
INSERT INTO `sys_oper_log` VALUES (392, '字典数据', 1, 'cn.saberking.jvav.apm.web.controller.system.SysDictDataController.add()', 'POST', 1, 'admin', NULL, '/system/dict/data', '127.0.0.1', '内网IP', '{\"dictValue\":\"0\",\"dictSort\":0,\"params\":{},\"dictType\":\"apm_store_product_is\",\"dictLabel\":\"不包邮\",\"createBy\":\"admin\",\"default\":false,\"status\":\"0\"}', '{\"msg\":\"操作成功\",\"code\":200}', 0, NULL, '2020-10-12 07:41:59');
INSERT INTO `sys_oper_log` VALUES (393, '商品', 2, 'cn.saberking.jvav.apm.mall.controller.ApmStoreProductController.edit()', 'PUT', 1, 'admin', NULL, '/mall/product', '127.0.0.1', '内网IP', '{\"addTime\":1602186468000,\"otPrice\":0,\"merUse\":0,\"isPostage\":0,\"isBest\":0,\"sales\":0,\"price\":13,\"vipPrice\":0,\"storeName\":\"测试商品2\",\"id\":3,\"keyword\":\"测试\",\"stock\":0,\"image\":\"1.jpg\",\"cost\":132,\"isGood\":0,\"isBenefit\":0,\"isNew\":0,\"sort\":0,\"params\":{},\"sliderImage\":\"1\",\"barCode\":\"\",\"isShow\":1,\"postage\":0,\"codePath\":\"1\",\"soureLink\":\"\",\"cateId\":\"3\",\"merId\":0,\"ficti\":100,\"storeInfo\":\"测试简介\",\"category\":\"普通商品\",\"isDel\":0,\"isHot\":0,\"browse\":0}', '{\"msg\":\"操作成功\",\"code\":200}', 0, NULL, '2020-10-12 08:32:17');
INSERT INTO `sys_oper_log` VALUES (394, '商品', 2, 'cn.saberking.jvav.apm.mall.controller.ApmStoreProductController.edit()', 'PUT', 1, 'admin', NULL, '/mall/product', '127.0.0.1', '内网IP', '{\"addTime\":1602186468000,\"otPrice\":0,\"merUse\":0,\"isPostage\":0,\"isBest\":0,\"sales\":0,\"price\":13,\"vipPrice\":0,\"storeName\":\"测试商品2\",\"id\":3,\"keyword\":\"测试\",\"stock\":0,\"image\":\"1.jpg\",\"cost\":132,\"isGood\":0,\"isBenefit\":0,\"isNew\":0,\"sort\":0,\"params\":{},\"sliderImage\":\"1\",\"barCode\":\"\",\"isShow\":1,\"postage\":0,\"codePath\":\"1\",\"soureLink\":\"\",\"cateId\":\"3\",\"merId\":0,\"ficti\":100,\"storeInfo\":\"测试简介\",\"category\":\"普通商品\",\"isDel\":0,\"isHot\":0,\"browse\":0}', '{\"msg\":\"操作成功\",\"code\":200}', 0, NULL, '2020-10-12 11:50:08');
INSERT INTO `sys_oper_log` VALUES (395, '商品', 2, 'cn.saberking.jvav.apm.mall.controller.ApmStoreProductController.edit()', 'PUT', 1, 'admin', NULL, '/mall/product', '127.0.0.1', '内网IP', '{\"addTime\":1602186468000,\"otPrice\":0,\"merUse\":0,\"isPostage\":0,\"isBest\":0,\"sales\":0,\"price\":13,\"vipPrice\":0,\"storeName\":\"测试商品2\",\"id\":3,\"keyword\":\"测试\",\"stock\":0,\"image\":\"1.jpg\",\"cost\":132,\"isGood\":0,\"isBenefit\":0,\"isNew\":0,\"sort\":0,\"params\":{},\"sliderImage\":\"1\",\"barCode\":\"\",\"isShow\":1,\"postage\":5,\"codePath\":\"1\",\"soureLink\":\"\",\"cateId\":\"3\",\"merId\":0,\"ficti\":100,\"storeInfo\":\"测试简介\",\"category\":\"普通商品\",\"isDel\":0,\"isHot\":0,\"browse\":0}', '{\"msg\":\"操作成功\",\"code\":200}', 0, NULL, '2020-10-12 12:48:52');
INSERT INTO `sys_oper_log` VALUES (396, '商品', 2, 'cn.saberking.jvav.apm.mall.controller.ApmStoreProductController.edit()', 'PUT', 1, 'admin', NULL, '/mall/product', '127.0.0.1', '内网IP', '{\"addTime\":1602186468000,\"otPrice\":0,\"merUse\":0,\"isPostage\":0,\"isBest\":0,\"sales\":0,\"price\":13,\"vipPrice\":0,\"storeName\":\"测试商品2\",\"id\":3,\"keyword\":\"测试\",\"stock\":0,\"image\":\"1.jpg\",\"cost\":132,\"isGood\":0,\"isBenefit\":0,\"isNew\":0,\"sort\":0,\"params\":{},\"sliderImage\":\"1\",\"barCode\":\"\",\"isShow\":1,\"postage\":5,\"codePath\":\"1\",\"soureLink\":\"\",\"cateId\":\"3\",\"merId\":0,\"ficti\":100,\"storeInfo\":\"测试简介\",\"category\":\"普通商品\",\"isDel\":0,\"isHot\":0,\"browse\":0}', '{\"msg\":\"操作成功\",\"code\":200}', 0, NULL, '2020-10-12 13:05:11');
INSERT INTO `sys_oper_log` VALUES (397, '代码生成', 6, 'cn.saberking.jvav.apm.generator.controller.GenController.importTableSave()', 'POST', 1, 'admin', NULL, '/tool/gen/importTable', '127.0.0.1', '内网IP', 'apm_store_product_attr_result', '{\"msg\":\"操作成功\",\"code\":200}', 0, NULL, '2020-10-13 07:30:41');
INSERT INTO `sys_oper_log` VALUES (398, '代码生成', 2, 'cn.saberking.jvav.apm.generator.controller.GenController.editSave()', 'PUT', 1, 'admin', NULL, '/tool/gen', '127.0.0.1', '内网IP', '{\"functionAuthor\":\"apm\",\"columns\":[{\"usableColumn\":false,\"columnId\":729,\"isIncrement\":\"1\",\"increment\":true,\"insert\":false,\"dictType\":\"\",\"required\":false,\"superColumn\":false,\"updateBy\":\"\",\"javaField\":\"id\",\"htmlType\":\"input\",\"edit\":false,\"query\":false,\"sort\":1,\"list\":false,\"params\":{},\"javaType\":\"Integer\",\"queryType\":\"EQ\",\"columnType\":\"int(10) unsigned\",\"createBy\":\"admin\",\"isPk\":\"1\",\"createTime\":1602545441000,\"tableId\":49,\"pk\":true,\"columnName\":\"id\"},{\"usableColumn\":false,\"columnId\":730,\"isIncrement\":\"0\",\"increment\":false,\"insert\":false,\"isList\":\"1\",\"dictType\":\"\",\"required\":false,\"superColumn\":false,\"updateBy\":\"\",\"javaField\":\"productId\",\"htmlType\":\"input\",\"edit\":false,\"query\":true,\"columnComment\":\"商品ID\",\"isQuery\":\"1\",\"sort\":2,\"list\":true,\"params\":{},\"javaType\":\"Integer\",\"queryType\":\"EQ\",\"columnType\":\"int(10) unsigned\",\"createBy\":\"admin\",\"isPk\":\"0\",\"createTime\":1602545441000,\"tableId\":49,\"pk\":false,\"columnName\":\"product_id\"},{\"usableColumn\":false,\"columnId\":731,\"isIncrement\":\"0\",\"increment\":false,\"insert\":false,\"isList\":\"1\",\"dictType\":\"\",\"required\":false,\"superColumn\":false,\"updateBy\":\"\",\"javaField\":\"result\",\"htmlType\":\"editor\",\"edit\":false,\"query\":false,\"columnComment\":\"商品属性参数\",\"sort\":3,\"list\":true,\"params\":{},\"javaType\":\"String\",\"queryType\":\"EQ\",\"columnType\":\"text\",\"createBy\":\"admin\",\"isPk\":\"0\",\"createTime\":1602545441000,\"tableId\":49,\"pk\":false,\"columnName\":\"result\"},{\"usableColumn\":false,\"columnId\":732,\"isIncrement\":\"0\",\"increment\":false,\"insert\":false,\"isList\":\"1\",\"dictType\":\"\",\"required\":false,\"superColumn\":false,\"updateBy\":\"\",\"javaField\":\"changeTime\",\"htmlType\":\"input\",\"edit\":false,\"query\":true,\"columnComment\":\"上次修改时间\",\"isQuery\":\"1\",\"sort\":4,\"list\":true,\"params\":{},\"javaType\":\"Integer\",\"queryType\":\"BETWEEN\",\"columnType\":\"int(10) unsigned\",\"createBy\":\"admin\",\"isPk\":\"0\",\"createTime\":1602545441000,\"tableId\":49,\"pk\":false,\"columnName\":\"change_time\"}],\"businessName\":\"result\",\"moduleName\":\"mall\",\"className\":\"ApmStoreProductAttrResult\",\"remark\":\"商品属性详情表\",\"tableName\":\"ap', '{\"msg\":\"操作成功\",\"code\":200}', 0, NULL, '2020-10-13 07:32:52');
INSERT INTO `sys_oper_log` VALUES (399, '代码生成', 8, 'cn.saberking.jvav.apm.generator.controller.GenController.batchGenCode()', 'GET', 1, 'admin', NULL, '/tool/gen/batchGenCode', '127.0.0.1', '内网IP', '{}', 'null', 0, NULL, '2020-10-13 07:32:56');
INSERT INTO `sys_oper_log` VALUES (400, '代码生成', 8, 'cn.saberking.jvav.apm.generator.controller.GenController.batchGenCode()', 'GET', 1, 'admin', NULL, '/tool/gen/batchGenCode', '127.0.0.1', '内网IP', '{}', 'null', 0, NULL, '2020-10-13 07:33:20');
INSERT INTO `sys_oper_log` VALUES (401, '代码生成', 6, 'cn.saberking.jvav.apm.generator.controller.GenController.importTableSave()', 'POST', 1, 'admin', NULL, '/tool/gen/importTable', '127.0.0.1', '内网IP', 'apm_store_cart', '{\"msg\":\"操作成功\",\"code\":200}', 0, NULL, '2020-10-14 07:54:44');
INSERT INTO `sys_oper_log` VALUES (402, '代码生成', 8, 'cn.saberking.jvav.apm.generator.controller.GenController.batchGenCode()', 'GET', 1, 'admin', NULL, '/tool/gen/batchGenCode', '127.0.0.1', '内网IP', '{}', 'null', 0, NULL, '2020-10-14 07:55:14');
INSERT INTO `sys_oper_log` VALUES (403, '菜单管理', 1, 'cn.saberking.jvav.apm.web.controller.system.SysMenuController.add()', 'POST', 1, 'admin', NULL, '/system/menu', '127.0.0.1', '内网IP', '{\"icon\":\"product-gray\",\"orderNum\":\"1\",\"menuName\":\"商品管理\",\"path\":\"/product\",\"children\":[],\"isFrame\":\"1\",\"visible\":\"0\",\"params\":{},\"parentId\":1061,\"isCache\":\"0\",\"createBy\":\"admin\",\"menuType\":\"M\",\"status\":\"0\"}', '{\"msg\":\"操作成功\",\"code\":200}', 0, NULL, '2020-10-14 09:10:42');
INSERT INTO `sys_oper_log` VALUES (404, '菜单管理', 2, 'cn.saberking.jvav.apm.web.controller.system.SysMenuController.edit()', 'PUT', 1, 'admin', NULL, '/system/menu', '127.0.0.1', '内网IP', '{\"icon\":\"shopping-bag\",\"orderNum\":\"0\",\"menuName\":\"商品信息\",\"path\":\"list\",\"children\":[],\"updateBy\":\"admin\",\"isFrame\":\"1\",\"menuId\":1075,\"perms\":\"mall:product:list\",\"visible\":\"0\",\"params\":{},\"parentId\":1096,\"isCache\":\"0\",\"component\":\"mall/product/index\",\"createTime\":1519833600000,\"menuType\":\"C\",\"status\":\"0\"}', '{\"msg\":\"操作成功\",\"code\":200}', 0, NULL, '2020-10-14 09:12:08');
INSERT INTO `sys_oper_log` VALUES (405, '菜单管理', 2, 'cn.saberking.jvav.apm.web.controller.system.SysMenuController.edit()', 'PUT', 1, 'admin', NULL, '/system/menu', '127.0.0.1', '内网IP', '{\"icon\":\"category\",\"orderNum\":\"1\",\"menuName\":\"商品分类\",\"path\":\"category\",\"children\":[],\"updateBy\":\"admin\",\"isFrame\":\"1\",\"menuId\":1068,\"perms\":\"mall:category:list\",\"visible\":\"0\",\"params\":{},\"parentId\":1061,\"isCache\":\"0\",\"component\":\"mall/product/category/index\",\"createTime\":1519833600000,\"menuType\":\"C\",\"status\":\"0\"}', '{\"msg\":\"操作成功\",\"code\":200}', 0, NULL, '2020-10-14 09:18:33');
INSERT INTO `sys_oper_log` VALUES (406, '菜单管理', 2, 'cn.saberking.jvav.apm.web.controller.system.SysMenuController.edit()', 'PUT', 1, 'admin', NULL, '/system/menu', '127.0.0.1', '内网IP', '{\"icon\":\"category-black\",\"orderNum\":\"1\",\"menuName\":\"商品分类\",\"path\":\"category\",\"children\":[],\"updateBy\":\"admin\",\"isFrame\":\"1\",\"menuId\":1068,\"perms\":\"mall:category:list\",\"visible\":\"0\",\"params\":{},\"parentId\":1061,\"isCache\":\"0\",\"component\":\"mall/product/category/index\",\"createTime\":1519833600000,\"menuType\":\"C\",\"status\":\"0\"}', '{\"msg\":\"操作成功\",\"code\":200}', 0, NULL, '2020-10-14 09:20:36');
INSERT INTO `sys_oper_log` VALUES (407, '菜单管理', 2, 'cn.saberking.jvav.apm.web.controller.system.SysMenuController.edit()', 'PUT', 1, 'admin', NULL, '/system/menu', '127.0.0.1', '内网IP', '{\"icon\":\"category-black\",\"orderNum\":\"1\",\"menuName\":\"商品分类\",\"path\":\"category\",\"children\":[],\"updateBy\":\"admin\",\"isFrame\":\"1\",\"menuId\":1068,\"perms\":\"mall:category:list\",\"visible\":\"0\",\"params\":{},\"parentId\":1096,\"isCache\":\"0\",\"component\":\"mall/product/category/index\",\"createTime\":1519833600000,\"menuType\":\"C\",\"status\":\"0\"}', '{\"msg\":\"操作成功\",\"code\":200}', 0, NULL, '2020-10-14 09:20:46');
INSERT INTO `sys_oper_log` VALUES (408, '菜单管理', 2, 'cn.saberking.jvav.apm.web.controller.system.SysMenuController.edit()', 'PUT', 1, 'admin', NULL, '/system/menu', '127.0.0.1', '内网IP', '{\"icon\":\"properties\",\"orderNum\":\"1\",\"menuName\":\"商品属性值\",\"path\":\"value\",\"children\":[],\"updateBy\":\"admin\",\"isFrame\":\"1\",\"menuId\":1090,\"perms\":\"mall:value:list\",\"visible\":\"0\",\"params\":{},\"parentId\":1096,\"isCache\":\"0\",\"component\":\"mall/value/index\",\"createTime\":1519833600000,\"menuType\":\"C\",\"status\":\"0\"}', '{\"msg\":\"操作成功\",\"code\":200}', 0, NULL, '2020-10-14 09:25:21');
INSERT INTO `sys_oper_log` VALUES (409, '菜单管理', 2, 'cn.saberking.jvav.apm.web.controller.system.SysMenuController.edit()', 'PUT', 1, 'admin', NULL, '/system/menu', '127.0.0.1', '内网IP', '{\"icon\":\"category\",\"orderNum\":\"1\",\"menuName\":\"商品分类\",\"path\":\"category\",\"children\":[],\"updateBy\":\"admin\",\"isFrame\":\"1\",\"menuId\":1068,\"perms\":\"mall:category:list\",\"visible\":\"0\",\"params\":{},\"parentId\":1096,\"isCache\":\"0\",\"component\":\"mall/product/category/index\",\"createTime\":1519833600000,\"menuType\":\"C\",\"status\":\"0\"}', '{\"msg\":\"操作成功\",\"code\":200}', 0, NULL, '2020-10-14 09:26:10');
INSERT INTO `sys_oper_log` VALUES (410, '菜单管理', 2, 'cn.saberking.jvav.apm.web.controller.system.SysMenuController.edit()', 'PUT', 1, 'admin', NULL, '/system/menu', '127.0.0.1', '内网IP', '{\"icon\":\"properties\",\"orderNum\":\"2\",\"menuName\":\"属性管理\",\"path\":\"attr\",\"children\":[],\"updateBy\":\"admin\",\"isFrame\":\"1\",\"menuId\":1090,\"perms\":\"mall:attr:list\",\"visible\":\"0\",\"params\":{},\"parentId\":1096,\"isCache\":\"0\",\"component\":\"mall/product/attr/index\",\"createTime\":1519833600000,\"menuType\":\"C\",\"status\":\"0\"}', '{\"msg\":\"操作成功\",\"code\":200}', 0, NULL, '2020-10-14 09:28:00');
INSERT INTO `sys_oper_log` VALUES (411, '菜单管理', 2, 'cn.saberking.jvav.apm.web.controller.system.SysMenuController.edit()', 'PUT', 1, 'admin', NULL, '/system/menu', '127.0.0.1', '内网IP', '{\"icon\":\"users\",\"orderNum\":\"0\",\"menuName\":\"用户管理\",\"path\":\"user\",\"children\":[],\"updateBy\":\"admin\",\"isFrame\":\"1\",\"menuId\":1062,\"perms\":\"mall:user:list\",\"visible\":\"0\",\"params\":{},\"parentId\":1061,\"isCache\":\"0\",\"component\":\"mall/user/index\",\"createTime\":1519833600000,\"menuType\":\"C\",\"status\":\"0\"}', '{\"msg\":\"操作成功\",\"code\":200}', 0, NULL, '2020-10-14 09:28:15');
INSERT INTO `sys_oper_log` VALUES (412, '菜单管理', 2, 'cn.saberking.jvav.apm.web.controller.system.SysMenuController.edit()', 'PUT', 1, 'admin', NULL, '/system/menu', '127.0.0.1', '内网IP', '{\"icon\":\"list-alt\",\"orderNum\":\"0\",\"menuName\":\"订单信息\",\"path\":\"order\",\"children\":[],\"updateBy\":\"admin\",\"isFrame\":\"1\",\"menuId\":1074,\"perms\":\"\",\"visible\":\"0\",\"params\":{},\"parentId\":1084,\"isCache\":\"0\",\"component\":\"mall/order/index\",\"menuType\":\"C\",\"status\":\"0\"}', '{\"msg\":\"操作成功\",\"code\":200}', 0, NULL, '2020-10-14 09:28:26');
INSERT INTO `sys_oper_log` VALUES (413, '菜单管理', 2, 'cn.saberking.jvav.apm.web.controller.system.SysMenuController.edit()', 'PUT', 1, 'admin', NULL, '/system/menu', '127.0.0.1', '内网IP', '{\"icon\":\"shopping-basket\",\"orderNum\":\"1\",\"menuName\":\"订单购物\",\"path\":\"orderGoods\",\"children\":[],\"updateBy\":\"admin\",\"isFrame\":\"1\",\"menuId\":1081,\"perms\":\"\",\"visible\":\"0\",\"params\":{},\"parentId\":1084,\"isCache\":\"0\",\"component\":\"mall/order/goods/index\",\"menuType\":\"C\",\"status\":\"0\"}', '{\"msg\":\"操作成功\",\"code\":200}', 0, NULL, '2020-10-14 09:28:30');
INSERT INTO `sys_oper_log` VALUES (414, '菜单管理', 2, 'cn.saberking.jvav.apm.web.controller.system.SysMenuController.edit()', 'PUT', 1, 'admin', NULL, '/system/menu', '127.0.0.1', '内网IP', '{\"icon\":\"user-secret\",\"orderNum\":\"2\",\"menuName\":\"订单操作\",\"path\":\"orderStatus\",\"children\":[],\"updateBy\":\"admin\",\"isFrame\":\"1\",\"menuId\":1082,\"perms\":\"\",\"visible\":\"0\",\"params\":{},\"parentId\":1084,\"isCache\":\"0\",\"component\":\"mall/order/status/index\",\"menuType\":\"C\",\"status\":\"0\"}', '{\"msg\":\"操作成功\",\"code\":200}', 0, NULL, '2020-10-14 09:28:35');
INSERT INTO `sys_oper_log` VALUES (415, '菜单管理', 2, 'cn.saberking.jvav.apm.web.controller.system.SysMenuController.edit()', 'PUT', 1, 'admin', NULL, '/system/menu', '127.0.0.1', '内网IP', '{\"icon\":\"product\",\"orderNum\":\"1\",\"menuName\":\"商品管理\",\"path\":\"/product\",\"children\":[],\"updateBy\":\"admin\",\"isFrame\":\"1\",\"menuId\":1096,\"perms\":\"\",\"visible\":\"0\",\"params\":{},\"parentId\":1061,\"isCache\":\"0\",\"createTime\":1602637842000,\"menuType\":\"M\",\"status\":\"0\"}', '{\"msg\":\"操作成功\",\"code\":200}', 0, NULL, '2020-10-14 09:32:54');
INSERT INTO `sys_oper_log` VALUES (416, '菜单管理', 2, 'cn.saberking.jvav.apm.web.controller.system.SysMenuController.edit()', 'PUT', 1, 'admin', NULL, '/system/menu', '127.0.0.1', '内网IP', '{\"icon\":\"category\",\"orderNum\":\"1\",\"menuName\":\"商品分类\",\"path\":\"category\",\"children\":[],\"updateBy\":\"admin\",\"isFrame\":\"1\",\"menuId\":1068,\"perms\":\"mall:category:list\",\"visible\":\"0\",\"params\":{},\"parentId\":1096,\"isCache\":\"0\",\"component\":\"mall/product/category/index\",\"createTime\":1519833600000,\"menuType\":\"C\",\"status\":\"0\"}', '{\"msg\":\"操作成功\",\"code\":200}', 0, NULL, '2020-10-14 09:38:22');
INSERT INTO `sys_oper_log` VALUES (417, '菜单管理', 2, 'cn.saberking.jvav.apm.web.controller.system.SysMenuController.edit()', 'PUT', 1, 'admin', NULL, '/system/menu', '127.0.0.1', '内网IP', '{\"icon\":\"store-alt\",\"orderNum\":\"1\",\"menuName\":\"商品管理\",\"path\":\"/product\",\"children\":[],\"updateBy\":\"admin\",\"isFrame\":\"1\",\"menuId\":1096,\"perms\":\"\",\"visible\":\"0\",\"params\":{},\"parentId\":1061,\"isCache\":\"0\",\"createTime\":1602637842000,\"menuType\":\"M\",\"status\":\"0\"}', '{\"msg\":\"操作成功\",\"code\":200}', 0, NULL, '2020-10-14 09:45:02');
INSERT INTO `sys_oper_log` VALUES (418, '菜单管理', 2, 'cn.saberking.jvav.apm.web.controller.system.SysMenuController.edit()', 'PUT', 1, 'admin', NULL, '/system/menu', '127.0.0.1', '内网IP', '{\"icon\":\"list-ul\",\"orderNum\":\"2\",\"menuName\":\"属性管理\",\"path\":\"attr\",\"children\":[],\"updateBy\":\"admin\",\"isFrame\":\"1\",\"menuId\":1090,\"perms\":\"mall:attr:list\",\"visible\":\"0\",\"params\":{},\"parentId\":1096,\"isCache\":\"0\",\"component\":\"mall/product/attr/index\",\"createTime\":1519833600000,\"menuType\":\"C\",\"status\":\"0\"}', '{\"msg\":\"操作成功\",\"code\":200}', 0, NULL, '2020-10-14 09:47:06');
INSERT INTO `sys_oper_log` VALUES (419, '菜单管理', 2, 'cn.saberking.jvav.apm.web.controller.system.SysMenuController.edit()', 'PUT', 1, 'admin', NULL, '/system/menu', '127.0.0.1', '内网IP', '{\"icon\":\"store-alt\",\"orderNum\":\"1\",\"menuName\":\"商品管理\",\"path\":\"/product\",\"children\":[],\"updateBy\":\"admin\",\"isFrame\":\"1\",\"menuId\":1096,\"perms\":\"\",\"visible\":\"0\",\"params\":{},\"parentId\":1061,\"isCache\":\"0\",\"component\":\"mall/products/index\",\"createTime\":1602637842000,\"menuType\":\"M\",\"status\":\"0\"}', '{\"msg\":\"操作成功\",\"code\":200}', 0, NULL, '2020-10-14 10:03:09');
INSERT INTO `sys_oper_log` VALUES (420, '字典类型', 3, 'cn.saberking.jvav.apm.web.controller.system.SysDictTypeController.remove()', 'DELETE', 1, 'admin', NULL, '/system/dict/type/23', '127.0.0.1', '内网IP', '{dictIds=23}', 'null', 1, '是否已分配,不能删除', '2020-10-14 10:20:09');
INSERT INTO `sys_oper_log` VALUES (421, '字典类型', 3, 'cn.saberking.jvav.apm.web.controller.system.SysDictDataController.remove()', 'DELETE', 1, 'admin', NULL, '/system/dict/data/59,60', '127.0.0.1', '内网IP', '{dictCodes=59,60}', '{\"msg\":\"操作成功\",\"code\":200}', 0, NULL, '2020-10-14 10:21:45');
INSERT INTO `sys_oper_log` VALUES (422, '字典类型', 3, 'cn.saberking.jvav.apm.web.controller.system.SysDictTypeController.remove()', 'DELETE', 1, 'admin', NULL, '/system/dict/type/23', '127.0.0.1', '内网IP', '{dictIds=23}', '{\"msg\":\"操作成功\",\"code\":200}', 0, NULL, '2020-10-14 10:21:53');
INSERT INTO `sys_oper_log` VALUES (423, '代码生成', 2, 'cn.saberking.jvav.apm.generator.controller.GenController.editSave()', 'PUT', 1, 'admin', NULL, '/tool/gen', '127.0.0.1', '内网IP', '{\"functionAuthor\":\"apm\",\"columns\":[{\"usableColumn\":false,\"columnId\":667,\"isIncrement\":\"1\",\"increment\":true,\"insert\":true,\"dictType\":\"\",\"required\":false,\"superColumn\":false,\"updateBy\":\"\",\"isInsert\":\"1\",\"javaField\":\"id\",\"htmlType\":\"input\",\"edit\":false,\"query\":false,\"columnComment\":\"商品id\",\"updateTime\":1602394486000,\"sort\":1,\"list\":false,\"params\":{},\"javaType\":\"Integer\",\"queryType\":\"EQ\",\"columnType\":\"mediumint(9)\",\"createBy\":\"admin\",\"isPk\":\"1\",\"createTime\":1602390917000,\"tableId\":45,\"pk\":true,\"columnName\":\"id\"},{\"usableColumn\":false,\"columnId\":668,\"isIncrement\":\"0\",\"increment\":false,\"insert\":true,\"dictType\":\"apm_store_product_mer_id\",\"required\":true,\"superColumn\":false,\"updateBy\":\"\",\"isInsert\":\"1\",\"isRequired\":\"1\",\"javaField\":\"merId\",\"htmlType\":\"select\",\"edit\":false,\"query\":false,\"columnComment\":\"商户Id\",\"updateTime\":1602394486000,\"sort\":2,\"list\":false,\"params\":{},\"javaType\":\"Long\",\"queryType\":\"EQ\",\"columnType\":\"bigint(20) unsigned\",\"createBy\":\"admin\",\"isPk\":\"0\",\"createTime\":1602390917000,\"tableId\":45,\"pk\":false,\"columnName\":\"mer_id\"},{\"usableColumn\":false,\"columnId\":669,\"isIncrement\":\"0\",\"increment\":false,\"insert\":true,\"isList\":\"1\",\"dictType\":\"apm_store_product_category\",\"required\":true,\"superColumn\":false,\"updateBy\":\"\",\"isInsert\":\"1\",\"isRequired\":\"1\",\"javaField\":\"category\",\"htmlType\":\"select\",\"edit\":true,\"query\":true,\"columnComment\":\"商品类型\",\"isQuery\":\"1\",\"updateTime\":1602394486000,\"sort\":3,\"list\":true,\"params\":{},\"javaType\":\"String\",\"queryType\":\"EQ\",\"columnType\":\"varchar(32)\",\"createBy\":\"admin\",\"isPk\":\"0\",\"createTime\":1602390917000,\"isEdit\":\"1\",\"tableId\":45,\"pk\":false,\"columnName\":\"category\"},{\"usableColumn\":false,\"columnId\":670,\"isIncrement\":\"0\",\"increment\":false,\"insert\":true,\"isList\":\"1\",\"dictType\":\"\",\"required\":true,\"superColumn\":false,\"updateBy\":\"\",\"isInsert\":\"1\",\"isRequired\":\"1\",\"javaField\":\"image\",\"htmlType\":\"input\",\"edit\":true,\"query\":false,\"columnComment\":\"商品图片\",\"updateTime\":1602394486000,\"sort\":4,\"list\":true,\"params\":{},\"javaType\":\"String\",\"queryType\":\"EQ\",\"col', '{\"msg\":\"操作成功\",\"code\":200}', 0, NULL, '2020-10-14 13:28:02');
INSERT INTO `sys_oper_log` VALUES (424, '订单管理', 2, 'cn.saberking.jvav.apm.web.controller.mall.ApmStoreOrderController.edit()', 'PUT', 1, 'admin', NULL, '/mall/order', '127.0.0.1', '内网IP', '{\"addTime\":1602032872000,\"isChannel\":0,\"orderId\":\"1001\",\"payTime\":1602033411000,\"userPhone\":\"17852674856\",\"useIntegral\":0,\"couponId\":1003,\"deliveryId\":\"1001\",\"id\":1001,\"freightPrice\":18,\"refundPrice\":1000,\"cartId\":\"2\",\"params\":{},\"userAddress\":\"山东\",\"gainIntegral\":0,\"isRemind\":0,\"totalPostage\":20,\"extendOrderId\":\"1002\",\"status\":-2,\"totalPrice\":55,\"shippingType\":1,\"refundStatus\":0,\"remark\":\"好的\",\"deductionPrice\":123,\"isMerCheck\":0,\"deliverySn\":\"1001\",\"payPrice\":18,\"isSystemDel\":0,\"verifyCode\":\"\",\"storeId\":0,\"userId\":5,\"realName\":\"admin\",\"refundReasonWap\":\"不要了\",\"payPostage\":55,\"totalNum\":1,\"paid\":0,\"couponPrice\":0,\"isDel\":0,\"mark\":\"无\"}', '{\"msg\":\"操作成功\",\"code\":200}', 0, NULL, '2020-10-14 13:42:54');
INSERT INTO `sys_oper_log` VALUES (425, '字典类型', 2, 'cn.saberking.jvav.apm.web.controller.system.SysDictTypeController.edit()', 'PUT', 1, 'admin', NULL, '/system/dict/type', '127.0.0.1', '内网IP', '{\"remark\":\"商品是否包邮\",\"dictId\":33,\"params\":{},\"dictType\":\"apm_store_product_is_postage\",\"createBy\":\"admin\",\"createTime\":1602459674000,\"dictName\":\"是否包邮\",\"status\":\"0\"}', '{\"msg\":\"修改字典\'是否包邮\'失败，字典类型已存在\",\"code\":500}', 0, NULL, '2020-10-14 14:15:31');
INSERT INTO `sys_oper_log` VALUES (426, '字典类型', 3, 'cn.saberking.jvav.apm.web.controller.system.SysDictTypeController.remove()', 'DELETE', 1, 'admin', NULL, '/system/dict/type/33', '127.0.0.1', '内网IP', '{dictIds=33}', 'null', 1, 'apm_store_product_is已分配,不能删除', '2020-10-14 14:15:45');
INSERT INTO `sys_oper_log` VALUES (427, '字典类型', 3, 'cn.saberking.jvav.apm.web.controller.system.SysDictDataController.remove()', 'DELETE', 1, 'admin', NULL, '/system/dict/data/76,77', '127.0.0.1', '内网IP', '{dictCodes=76,77}', '{\"msg\":\"操作成功\",\"code\":200}', 0, NULL, '2020-10-14 14:15:55');
INSERT INTO `sys_oper_log` VALUES (428, '字典类型', 3, 'cn.saberking.jvav.apm.web.controller.system.SysDictTypeController.remove()', 'DELETE', 1, 'admin', NULL, '/system/dict/type/33', '127.0.0.1', '内网IP', '{dictIds=33}', '{\"msg\":\"操作成功\",\"code\":200}', 0, NULL, '2020-10-14 14:16:02');
INSERT INTO `sys_oper_log` VALUES (429, '字典数据', 2, 'cn.saberking.jvav.apm.web.controller.system.SysDictDataController.edit()', 'PUT', 1, 'admin', NULL, '/system/dict/data', '127.0.0.1', '内网IP', '{\"dictValue\":\"new\",\"dictSort\":0,\"remark\":\"新上架的商品\",\"params\":{},\"dictType\":\"apm_store_product_category\",\"dictLabel\":\"一手商品\",\"createBy\":\"admin\",\"default\":false,\"isDefault\":\"N\",\"createTime\":1602392496000,\"dictCode\":62,\"updateBy\":\"admin\",\"status\":\"0\"}', '{\"msg\":\"操作成功\",\"code\":200}', 0, NULL, '2020-10-14 14:34:12');
INSERT INTO `sys_oper_log` VALUES (430, '商品', 2, 'cn.saberking.jvav.apm.web.controller.mall.ApmStoreProductController.edit()', 'PUT', 1, 'admin', NULL, '/mall/product', '127.0.0.1', '内网IP', '{\"addTime\":1602186408000,\"otPrice\":998,\"merUse\":0,\"isPostage\":0,\"isBest\":0,\"sales\":0,\"price\":13,\"vipPrice\":0,\"storeName\":\"测试商品1\",\"id\":2,\"keyword\":\"测试\",\"stock\":0,\"image\":\"https://ss0.bdstatic.com/70cFuHSh_Q1YnxGkpoWK1HF6hhy/it/u=2443315202,3550627032&fm=26&gp=0.jpg\",\"cost\":0,\"isGood\":0,\"isBenefit\":0,\"isNew\":0,\"sort\":1,\"params\":{},\"sliderImage\":\"1\",\"barCode\":\"\",\"isShow\":1,\"postage\":5,\"codePath\":\"1\",\"soureLink\":\"\",\"cateId\":\"2\",\"merId\":0,\"ficti\":100,\"storeInfo\":\"测试简介\",\"category\":\"new\",\"isDel\":0,\"isHot\":0,\"browse\":0}', '{\"msg\":\"操作成功\",\"code\":200}', 0, NULL, '2020-10-14 14:34:43');
INSERT INTO `sys_oper_log` VALUES (431, '商品', 2, 'cn.saberking.jvav.apm.web.controller.mall.ApmStoreProductController.edit()', 'PUT', 1, 'admin', NULL, '/mall/product', '127.0.0.1', '内网IP', '{\"addTime\":1602186408000,\"otPrice\":998,\"merUse\":0,\"isPostage\":0,\"isBest\":0,\"sales\":0,\"price\":13,\"vipPrice\":0,\"storeName\":\"测试商品1\",\"id\":2,\"keyword\":\"测试\",\"stock\":0,\"image\":\"https://ss0.bdstatic.com/70cFuHSh_Q1YnxGkpoWK1HF6hhy/it/u=2443315202,3550627032&fm=26&gp=0.jpg\",\"cost\":0,\"isGood\":0,\"isBenefit\":0,\"isNew\":0,\"sort\":1,\"params\":{},\"sliderImage\":\"1\",\"barCode\":\"\",\"isShow\":1,\"postage\":5,\"codePath\":\"1\",\"soureLink\":\"\",\"cateId\":\"2\",\"merId\":0,\"ficti\":100,\"storeInfo\":\"测试简介\",\"category\":\"new\",\"isDel\":0,\"isHot\":0,\"browse\":0}', '{\"msg\":\"操作成功\",\"code\":200}', 0, NULL, '2020-10-14 14:34:51');
INSERT INTO `sys_oper_log` VALUES (432, '商品', 2, 'cn.saberking.jvav.apm.web.controller.mall.ApmStoreProductController.edit()', 'PUT', 1, 'admin', NULL, '/mall/product', '127.0.0.1', '内网IP', '{\"addTime\":1602186408000,\"otPrice\":998,\"merUse\":0,\"isPostage\":0,\"isBest\":0,\"sales\":0,\"price\":13,\"vipPrice\":0,\"storeName\":\"测试商品1\",\"id\":2,\"keyword\":\"测试\",\"stock\":0,\"image\":\"/dev-api/profile/upload/2020/10/15/20a9076a-d5fe-4f76-956b-81ef7448cc26.jpeg\",\"cost\":0,\"isGood\":0,\"isBenefit\":0,\"isNew\":0,\"sort\":1,\"params\":{},\"sliderImage\":\"1\",\"barCode\":\"\",\"isShow\":1,\"postage\":5,\"codePath\":\"1\",\"soureLink\":\"\",\"cateId\":\"2\",\"merId\":0,\"ficti\":100,\"storeInfo\":\"测试简介\",\"category\":\"new\",\"isDel\":0,\"isHot\":0,\"browse\":0}', '{\"msg\":\"操作成功\",\"code\":200}', 0, NULL, '2020-10-15 01:43:13');
INSERT INTO `sys_oper_log` VALUES (433, '商品', 2, 'cn.saberking.jvav.apm.web.controller.mall.ApmStoreProductController.edit()', 'PUT', 1, 'admin', NULL, '/mall/product', '127.0.0.1', '内网IP', '{\"addTime\":1602186408000,\"otPrice\":998,\"merUse\":0,\"isPostage\":0,\"isBest\":0,\"sales\":0,\"price\":13,\"vipPrice\":0,\"storeName\":\"测试商品1\",\"id\":2,\"keyword\":\"测试\",\"stock\":0,\"image\":\"/dev-api/profile/upload/2020/10/15/ea429719-a2e4-4d58-9b02-ee06813be8cd.jpeg\",\"cost\":0,\"isGood\":0,\"isBenefit\":0,\"isNew\":0,\"sort\":1,\"params\":{},\"sliderImage\":\"1\",\"barCode\":\"\",\"isShow\":1,\"postage\":5,\"codePath\":\"1\",\"soureLink\":\"\",\"cateId\":\"2\",\"merId\":0,\"ficti\":100,\"storeInfo\":\"测试简介\",\"category\":\"new\",\"isDel\":0,\"isHot\":0,\"browse\":0}', '{\"msg\":\"操作成功\",\"code\":200}', 0, NULL, '2020-10-15 01:43:33');
INSERT INTO `sys_oper_log` VALUES (434, '商品', 2, 'cn.saberking.jvav.apm.web.controller.mall.ApmStoreProductController.edit()', 'PUT', 1, 'admin', NULL, '/mall/product', '127.0.0.1', '内网IP', '{\"addTime\":1602186408000,\"otPrice\":998,\"merUse\":0,\"isPostage\":0,\"isBest\":0,\"sales\":0,\"price\":13,\"vipPrice\":0,\"storeName\":\"测试商品1\",\"id\":2,\"keyword\":\"测试\",\"stock\":0,\"image\":\"https://ss0.bdstatic.com/70cFuHSh_Q1YnxGkpoWK1HF6hhy/it/u=2443315202,3550627032&fm=26&gp=0.jpg\",\"cost\":0,\"isGood\":0,\"isBenefit\":0,\"isNew\":0,\"sort\":1,\"params\":{},\"sliderImage\":\"1\",\"barCode\":\"\",\"isShow\":1,\"postage\":5,\"codePath\":\"1\",\"soureLink\":\"\",\"cateId\":\"2\",\"merId\":0,\"ficti\":100,\"storeInfo\":\"测试简介\",\"category\":\"new\",\"isDel\":0,\"isHot\":0,\"browse\":0}', '{\"msg\":\"操作成功\",\"code\":200}', 0, NULL, '2020-10-15 01:49:04');
INSERT INTO `sys_oper_log` VALUES (435, '商品', 2, 'cn.saberking.jvav.apm.web.controller.mall.ApmStoreProductController.edit()', 'PUT', 1, 'admin', NULL, '/mall/product', '127.0.0.1', '内网IP', '{\"addTime\":1602186408000,\"otPrice\":998,\"merUse\":0,\"isPostage\":0,\"isBest\":0,\"sales\":0,\"price\":13,\"vipPrice\":0,\"storeName\":\"测试商品1\",\"id\":2,\"keyword\":\"测试\",\"stock\":0,\"image\":\"/api/profile/upload/2020/10/15/cff67800-29d7-4df0-82c6-0e4f178ea08a.jpeg\",\"cost\":0,\"isGood\":0,\"isBenefit\":0,\"isNew\":0,\"sort\":1,\"params\":{},\"sliderImage\":\"1\",\"barCode\":\"\",\"isShow\":1,\"postage\":5,\"codePath\":\"1\",\"soureLink\":\"\",\"cateId\":\"2\",\"merId\":0,\"ficti\":100,\"storeInfo\":\"测试简介\",\"category\":\"new\",\"isDel\":0,\"isHot\":0,\"browse\":0}', '{\"msg\":\"操作成功\",\"code\":200}', 0, NULL, '2020-10-15 02:01:49');
INSERT INTO `sys_oper_log` VALUES (436, '商品', 2, 'cn.saberking.jvav.apm.web.controller.mall.ApmStoreProductController.edit()', 'PUT', 1, 'admin', NULL, '/mall/product', '127.0.0.1', '内网IP', '{\"addTime\":1602186408000,\"otPrice\":998,\"merUse\":0,\"isPostage\":0,\"isBest\":0,\"sales\":0,\"price\":13,\"vipPrice\":0,\"storeName\":\"测试商品1\",\"id\":2,\"keyword\":\"测试\",\"stock\":0,\"image\":\"https://ss0.bdstatic.com/70cFuHSh_Q1YnxGkpoWK1HF6hhy/it/u=2443315202,3550627032&fm=26&gp=0.jpg\",\"cost\":0,\"isGood\":0,\"isBenefit\":0,\"isNew\":0,\"sort\":1,\"params\":{},\"sliderImage\":\"1\",\"barCode\":\"\",\"isShow\":1,\"postage\":5,\"codePath\":\"1\",\"soureLink\":\"\",\"cateId\":\"2\",\"merId\":0,\"ficti\":100,\"storeInfo\":\"测试简介\",\"category\":\"new\",\"isDel\":0,\"isHot\":0,\"browse\":0}', '{\"msg\":\"操作成功\",\"code\":200}', 0, NULL, '2020-10-15 02:02:09');
INSERT INTO `sys_oper_log` VALUES (437, '商品', 2, 'cn.saberking.jvav.apm.web.controller.mall.ApmStoreProductController.edit()', 'PUT', 1, 'admin', NULL, '/mall/product', '127.0.0.1', '内网IP', '{\"addTime\":1602186408000,\"otPrice\":998,\"merUse\":0,\"isPostage\":0,\"isBest\":0,\"sales\":0,\"price\":13,\"vipPrice\":0,\"storeName\":\"测试商品1\",\"id\":2,\"keyword\":\"测试\",\"stock\":0,\"image\":\"/api/profile/upload/2020/10/15/fb6ae986-bae4-42d5-a584-2171fc28e9a8.jpeg\",\"cost\":0,\"isGood\":0,\"isBenefit\":0,\"isNew\":0,\"sort\":1,\"params\":{},\"sliderImage\":\"1\",\"barCode\":\"\",\"isShow\":1,\"postage\":5,\"codePath\":\"1\",\"soureLink\":\"\",\"cateId\":\"2\",\"merId\":0,\"ficti\":100,\"storeInfo\":\"测试简介\",\"category\":\"new\",\"isDel\":0,\"isHot\":0,\"browse\":0}', '{\"msg\":\"操作成功\",\"code\":200}', 0, NULL, '2020-10-15 03:13:33');
INSERT INTO `sys_oper_log` VALUES (438, '商品', 2, 'cn.saberking.jvav.apm.web.controller.mall.ApmStoreProductController.edit()', 'PUT', 1, 'admin', NULL, '/mall/product', '127.0.0.1', '内网IP', '{\"addTime\":1602186408000,\"otPrice\":998,\"merUse\":0,\"isPostage\":0,\"isBest\":0,\"sales\":0,\"price\":13,\"vipPrice\":0,\"storeName\":\"测试商品1\",\"id\":2,\"keyword\":\"测试\",\"stock\":0,\"image\":\"https://ss0.bdstatic.com/70cFuHSh_Q1YnxGkpoWK1HF6hhy/it/u=2443315202,3550627032&fm=26&gp=0.jpg\",\"cost\":0,\"isGood\":0,\"isBenefit\":0,\"isNew\":0,\"sort\":1,\"params\":{},\"sliderImage\":\"1\",\"barCode\":\"\",\"isShow\":1,\"postage\":5,\"codePath\":\"1\",\"soureLink\":\"\",\"cateId\":\"2\",\"merId\":0,\"ficti\":100,\"storeInfo\":\"测试简介\",\"category\":\"new\",\"isDel\":0,\"isHot\":0,\"browse\":0}', '{\"msg\":\"操作成功\",\"code\":200}', 0, NULL, '2020-10-15 03:14:04');
INSERT INTO `sys_oper_log` VALUES (439, '商品', 2, 'cn.saberking.jvav.apm.web.controller.mall.ApmStoreProductController.edit()', 'PUT', 1, 'admin', NULL, '/mall/product', '127.0.0.1', '内网IP', '{\"addTime\":1602186408000,\"otPrice\":998,\"merUse\":0,\"isPostage\":0,\"isBest\":0,\"sales\":0,\"price\":13,\"vipPrice\":0,\"storeName\":\"测试商品1\",\"id\":2,\"keyword\":\"测试\",\"stock\":0,\"image\":\"https://ss0.bdstatic.com/70cFuHSh_Q1YnxGkpoWK1HF6hhy/it/u=2443315202,3550627032&fm=26&gp=0.jpg\",\"cost\":0,\"isGood\":0,\"isBenefit\":0,\"isNew\":0,\"sort\":1,\"params\":{},\"sliderImage\":\"/api/profile/upload/2020/10/15/be9b25bd-aa8f-4beb-8ef4-47add0e1269a.jpeg\",\"barCode\":\"\",\"isShow\":1,\"postage\":5,\"codePath\":\"1\",\"soureLink\":\"\",\"cateId\":\"2\",\"merId\":0,\"ficti\":100,\"storeInfo\":\"测试简介\",\"category\":\"new\",\"isDel\":0,\"isHot\":0,\"browse\":0}', '{\"msg\":\"操作成功\",\"code\":200}', 0, NULL, '2020-10-15 06:33:16');
INSERT INTO `sys_oper_log` VALUES (440, '商品', 2, 'cn.saberking.jvav.apm.web.controller.mall.ApmStoreProductController.edit()', 'PUT', 1, 'admin', NULL, '/mall/product', '127.0.0.1', '内网IP', '{\"addTime\":1602186468000,\"otPrice\":66,\"merUse\":0,\"isPostage\":0,\"isBest\":0,\"sales\":0,\"price\":13,\"vipPrice\":0,\"storeName\":\"测试商品2\",\"id\":3,\"keyword\":\"测试\",\"stock\":0,\"image\":\"https://ss0.bdstatic.com/70cFvHSh_Q1YnxGkpoWK1HF6hhy/it/u=3232208626,363992012&fm=26&gp=0.jpg\",\"cost\":132,\"isGood\":0,\"isBenefit\":0,\"isNew\":0,\"sort\":0,\"params\":{},\"sliderImage\":\"https://ss0.bdstatic.com/70cFvHSh_Q1YnxGkpoWK1HF6hhy/it/u=3232208626,363992012&fm=26&gp=0.jpg\",\"barCode\":\"\",\"isShow\":1,\"postage\":5,\"codePath\":\"1\",\"soureLink\":\"\",\"cateId\":\"3\",\"merId\":0,\"ficti\":100,\"storeInfo\":\"测试简介\",\"category\":\"new\",\"isDel\":0,\"isHot\":0,\"browse\":0}', '{\"msg\":\"操作成功\",\"code\":200}', 0, NULL, '2020-10-15 07:09:51');
INSERT INTO `sys_oper_log` VALUES (441, '商品', 2, 'cn.saberking.jvav.apm.web.controller.mall.ApmStoreProductController.edit()', 'PUT', 1, 'admin', NULL, '/mall/product', '127.0.0.1', '内网IP', '{\"addTime\":1602186554000,\"otPrice\":999999,\"merUse\":0,\"isPostage\":0,\"isBest\":0,\"sales\":0,\"price\":12,\"vipPrice\":0,\"storeName\":\"测试商品3\",\"id\":4,\"keyword\":\"测试\",\"stock\":0,\"image\":\"https://ss3.bdstatic.com/70cFv8Sh_Q1YnxGkpoWK1HF6hhy/it/u=1297692206,2249062387&fm=26&gp=0.jpg\",\"cost\":0,\"isGood\":0,\"isBenefit\":0,\"isNew\":0,\"sort\":0,\"params\":{},\"sliderImage\":\"https://ss3.bdstatic.com/70cFv8Sh_Q1YnxGkpoWK1HF6hhy/it/u=1297692206,2249062387&fm=26&gp=0.jpg\",\"barCode\":\"\",\"isShow\":1,\"postage\":10,\"codePath\":\"1\",\"soureLink\":\"\",\"cateId\":\"5\",\"merId\":0,\"ficti\":100,\"storeInfo\":\"测试简介\",\"category\":\"new\",\"isDel\":0,\"isHot\":0,\"browse\":0}', '{\"msg\":\"操作成功\",\"code\":200}', 0, NULL, '2020-10-15 07:10:00');
INSERT INTO `sys_oper_log` VALUES (442, '商品', 2, 'cn.saberking.jvav.apm.web.controller.mall.ApmStoreProductController.edit()', 'PUT', 1, 'admin', NULL, '/mall/product', '127.0.0.1', '内网IP', '{\"addTime\":1602271366000,\"otPrice\":999,\"merUse\":0,\"isPostage\":0,\"isBest\":0,\"sales\":0,\"price\":123,\"vipPrice\":0,\"storeName\":\"测试商品4\",\"id\":5,\"keyword\":\"测试\",\"stock\":0,\"image\":\"https://ss3.bdstatic.com/70cFv8Sh_Q1YnxGkpoWK1HF6hhy/it/u=537186750,646058019&fm=26&gp=0.jpg\",\"cost\":0,\"isGood\":0,\"isBenefit\":0,\"isNew\":0,\"sort\":3,\"params\":{},\"sliderImage\":\"https://ss3.bdstatic.com/70cFv8Sh_Q1YnxGkpoWK1HF6hhy/it/u=537186750,646058019&fm=26&gp=0.jpg\",\"barCode\":\"\",\"isShow\":1,\"postage\":0,\"codePath\":\"1\",\"soureLink\":\"\",\"cateId\":\"2\",\"merId\":0,\"ficti\":100,\"storeInfo\":\"测试\",\"category\":\"new\",\"isDel\":0,\"isHot\":0,\"browse\":0}', '{\"msg\":\"操作成功\",\"code\":200}', 0, NULL, '2020-10-15 07:10:09');
INSERT INTO `sys_oper_log` VALUES (443, '商品', 2, 'cn.saberking.jvav.apm.web.controller.mall.ApmStoreProductController.edit()', 'PUT', 1, 'admin', NULL, '/mall/product', '127.0.0.1', '内网IP', '{\"addTime\":1602293840000,\"otPrice\":777,\"merUse\":0,\"isPostage\":0,\"isBest\":0,\"sales\":0,\"price\":123,\"vipPrice\":0,\"storeName\":\"123\",\"id\":6,\"keyword\":\"123\",\"stock\":0,\"image\":\"https://timgsa.baidu.com/timg?image&quality=80&size=b9999_10000&sec=1602520790399&di=0dd36cf2fc68628023af325b9c84c079&imgtype=0&src=http%3A%2F%2Fcbu01.alicdn.com%2Fimg%2Fibank%2F2018%2F069%2F948%2F9650849960_1016238155.jpg\",\"cost\":0,\"isGood\":0,\"isBenefit\":0,\"isNew\":0,\"sort\":2,\"params\":{},\"sliderImage\":\"https://timgsa.baidu.com/timg?image&quality=80&size=b9999_10000&sec=1602520790399&di=0dd36cf2fc68628023af325b9c84c079&imgtype=0&src=http%3A%2F%2Fcbu01.alicdn.com%2Fimg%2Fibank%2F2018%2F069%2F948%2F9650849960_1016238155.jpg\",\"barCode\":\"\",\"isShow\":1,\"postage\":0,\"codePath\":\"qwe\",\"soureLink\":\"\",\"cateId\":\"2\",\"merId\":0,\"ficti\":100,\"storeInfo\":\"13\",\"category\":\"new\",\"isDel\":0,\"isHot\":0,\"browse\":0}', '{\"msg\":\"操作成功\",\"code\":200}', 0, NULL, '2020-10-15 07:10:21');
INSERT INTO `sys_oper_log` VALUES (444, '商品', 2, 'cn.saberking.jvav.apm.web.controller.mall.ApmStoreProductController.edit()', 'PUT', 1, 'admin', NULL, '/mall/product', '127.0.0.1', '内网IP', '{\"addTime\":1602371373000,\"otPrice\":888,\"merUse\":0,\"isPostage\":0,\"isBest\":0,\"sales\":0,\"price\":123,\"vipPrice\":0,\"storeName\":\"11111\",\"id\":7,\"keyword\":\"1111\",\"stock\":0,\"image\":\"https://ss1.bdstatic.com/70cFvXSh_Q1YnxGkpoWK1HF6hhy/it/u=2711887792,1704327073&fm=26&gp=0.jpg\",\"cost\":0,\"isGood\":0,\"isBenefit\":0,\"isNew\":0,\"sort\":0,\"params\":{},\"sliderImage\":\"https://ss1.bdstatic.com/70cFvXSh_Q1YnxGkpoWK1HF6hhy/it/u=2711887792,1704327073&fm=26&gp=0.jpg\",\"barCode\":\"\",\"isShow\":1,\"postage\":0,\"codePath\":\"123\",\"soureLink\":\"\",\"cateId\":\"2\",\"merId\":0,\"ficti\":100,\"storeInfo\":\"1111\",\"category\":\"new\",\"isDel\":0,\"isHot\":0,\"browse\":0}', '{\"msg\":\"操作成功\",\"code\":200}', 0, NULL, '2020-10-15 07:10:29');
INSERT INTO `sys_oper_log` VALUES (445, '商品', 2, 'cn.saberking.jvav.apm.web.controller.mall.ApmStoreProductController.edit()', 'PUT', 1, 'admin', NULL, '/mall/product', '127.0.0.1', '内网IP', '{\"addTime\":1602371481000,\"otPrice\":99,\"merUse\":0,\"isPostage\":0,\"isBest\":0,\"sales\":0,\"price\":2222,\"vipPrice\":0,\"storeName\":\"222\",\"id\":8,\"keyword\":\"2222\",\"stock\":0,\"image\":\"https://ss1.bdstatic.com/70cFvXSh_Q1YnxGkpoWK1HF6hhy/it/u=2711887792,1704327073&fm=26&gp=0.jpg\",\"cost\":0,\"isGood\":0,\"isBenefit\":0,\"isNew\":0,\"sort\":0,\"params\":{},\"sliderImage\":\"1\",\"barCode\":\"\",\"isShow\":1,\"postage\":0,\"codePath\":\"123\",\"soureLink\":\"\",\"cateId\":\"2\",\"merId\":0,\"ficti\":100,\"storeInfo\":\"2222\",\"category\":\"new\",\"isDel\":0,\"isHot\":0,\"browse\":0}', '{\"msg\":\"操作成功\",\"code\":200}', 0, NULL, '2020-10-15 07:10:35');
INSERT INTO `sys_oper_log` VALUES (446, '商品', 2, 'cn.saberking.jvav.apm.web.controller.mall.ApmStoreProductController.edit()', 'PUT', 1, 'admin', NULL, '/mall/product', '127.0.0.1', '内网IP', '{\"addTime\":1602371481000,\"otPrice\":99,\"merUse\":0,\"isPostage\":0,\"isBest\":0,\"sales\":0,\"price\":2222,\"vipPrice\":0,\"storeName\":\"222\",\"id\":8,\"keyword\":\"2222\",\"stock\":0,\"image\":\"https://ss1.bdstatic.com/70cFvXSh_Q1YnxGkpoWK1HF6hhy/it/u=2711887792,1704327073&fm=26&gp=0.jpg\",\"cost\":0,\"isGood\":0,\"isBenefit\":0,\"isNew\":0,\"sort\":0,\"params\":{},\"sliderImage\":\"https://ss1.bdstatic.com/70cFvXSh_Q1YnxGkpoWK1HF6hhy/it/u=2711887792,1704327073&fm=26&gp=0.jpg\",\"barCode\":\"\",\"isShow\":1,\"postage\":0,\"codePath\":\"123\",\"soureLink\":\"\",\"cateId\":\"2\",\"merId\":0,\"ficti\":100,\"storeInfo\":\"2222\",\"category\":\"new\",\"isDel\":0,\"isHot\":0,\"browse\":0}', '{\"msg\":\"操作成功\",\"code\":200}', 0, NULL, '2020-10-15 07:10:46');
INSERT INTO `sys_oper_log` VALUES (447, '商品', 2, 'cn.saberking.jvav.apm.web.controller.mall.ApmStoreProductController.edit()', 'PUT', 1, 'admin', NULL, '/mall/product', '127.0.0.1', '内网IP', '{\"addTime\":1602186408000,\"otPrice\":998,\"merUse\":0,\"isPostage\":0,\"isBest\":0,\"sales\":0,\"price\":13,\"vipPrice\":0,\"storeName\":\"测试商品1\",\"id\":2,\"keyword\":\"测试\",\"stock\":0,\"image\":\"https://ss0.bdstatic.com/70cFuHSh_Q1YnxGkpoWK1HF6hhy/it/u=2443315202,3550627032&fm=26&gp=0.jpg\",\"cost\":0,\"isGood\":0,\"isBenefit\":0,\"isNew\":0,\"sort\":1,\"params\":{},\"sliderImage\":\"/api/profile/upload/2020/10/15/be9b25bd-aa8f-4beb-8ef4-47add0e1269a.jpeg\",\"barCode\":\"\",\"isShow\":1,\"postage\":5,\"codePath\":\"1\",\"soureLink\":\"\",\"cateId\":\"2\",\"merId\":0,\"ficti\":100,\"storeInfo\":\"测试简介\",\"category\":\"new\",\"isDel\":0,\"isHot\":0,\"browse\":0}', '{\"msg\":\"操作成功\",\"code\":200}', 0, NULL, '2020-10-15 09:25:45');
INSERT INTO `sys_oper_log` VALUES (448, '商品', 2, 'cn.saberking.jvav.apm.web.controller.mall.ApmStoreProductController.edit()', 'PUT', 1, 'admin', NULL, '/mall/product', '127.0.0.1', '内网IP', '{\"addTime\":1602186408000,\"otPrice\":998,\"merUse\":0,\"isPostage\":0,\"isBest\":0,\"sales\":0,\"price\":13,\"vipPrice\":0,\"storeName\":\"测试商品1\",\"id\":2,\"keyword\":\"测试\",\"stock\":0,\"image\":\"https://ss0.bdstatic.com/70cFuHSh_Q1YnxGkpoWK1HF6hhy/it/u=2443315202,3550627032&fm=26&gp=0.jpg\",\"cost\":0,\"isGood\":0,\"isBenefit\":0,\"isNew\":0,\"sort\":1,\"params\":{},\"sliderImage\":\"/api/profile/upload/2020/10/15/be9b25bd-aa8f-4beb-8ef4-47add0e1269a.jpeg\",\"barCode\":\"\",\"isShow\":1,\"postage\":5,\"codePath\":\"http://localhost:8081/profile/upload/2020/10/15/be9b25bd-aa8f-4beb-8ef4-47add0e1269a.jpeg\",\"soureLink\":\"\",\"cateId\":\"2\",\"merId\":0,\"ficti\":100,\"storeInfo\":\"测试简介\",\"category\":\"new\",\"isDel\":0,\"isHot\":0,\"browse\":0}', 'null', 1, '\r\n### Error updating database.  Cause: com.mysql.cj.jdbc.exceptions.MysqlDataTruncation: Data truncation: Data too long for column \'code_path\' at row 1\r\n### The error may involve cn.saberking.jvav.apm.mall.mapper.ApmStoreProductMapper.updateApmStoreProduct-Inline\r\n### The error occurred while setting parameters\r\n### SQL: update apm_store_product          SET mer_id = ?,             category = ?,             image = ?,             slider_image = ?,             store_name = ?,             store_info = ?,             keyword = ?,             bar_code = ?,             cate_id = ?,             price = ?,             vip_price = ?,             ot_price = ?,             postage = ?,                          sort = ?,             sales = ?,             stock = ?,             is_show = ?,             is_hot = ?,             is_benefit = ?,             is_best = ?,             is_new = ?,                          add_time = ?,             is_postage = ?,             is_del = ?,             mer_use = ?,                          cost = ?,             is_good = ?,             ficti = ?,             browse = ?,             code_path = ?,             soure_link = ?          where id = ?\r\n### Cause: com.mysql.cj.jdbc.exceptions.MysqlDataTruncation: Data truncation: Data too long for column \'code_path\' at row 1\n; Data truncation: Data too long for column \'code_path\' at row 1; nested exception is com.mysql.cj.jdbc.exceptions.MysqlDataTruncation: Data truncation: Data too long for column \'code_path\' at row 1', '2020-10-15 10:02:05');
INSERT INTO `sys_oper_log` VALUES (449, '商品', 2, 'cn.saberking.jvav.apm.web.controller.mall.ApmStoreProductController.edit()', 'PUT', 1, 'admin', NULL, '/mall/product', '127.0.0.1', '内网IP', '{\"addTime\":1602186408000,\"otPrice\":998,\"merUse\":0,\"isPostage\":0,\"isBest\":0,\"sales\":0,\"price\":13,\"vipPrice\":0,\"storeName\":\"测试商品1\",\"id\":2,\"keyword\":\"测试\",\"stock\":0,\"image\":\"https://ss0.bdstatic.com/70cFuHSh_Q1YnxGkpoWK1HF6hhy/it/u=2443315202,3550627032&fm=26&gp=0.jpg\",\"cost\":0,\"isGood\":0,\"isBenefit\":0,\"isNew\":0,\"sort\":1,\"params\":{},\"sliderImage\":\"/api/profile/upload/2020/10/15/be9b25bd-aa8f-4beb-8ef4-47add0e1269a.jpeg\",\"barCode\":\"\",\"isShow\":1,\"postage\":5,\"codePath\":\"http://localhost:8081/profile/upload/2020/10/15/be9b25bd-aa8f-4beb-8ef4-47add0e1269a.jpeg\",\"soureLink\":\"\",\"cateId\":\"2\",\"merId\":0,\"ficti\":100,\"storeInfo\":\"测试简介\",\"category\":\"new\",\"isDel\":0,\"isHot\":0,\"browse\":0}', '{\"msg\":\"操作成功\",\"code\":200}', 0, NULL, '2020-10-15 10:02:46');
INSERT INTO `sys_oper_log` VALUES (450, '商品', 2, 'cn.saberking.jvav.apm.web.controller.mall.ApmStoreProductController.edit()', 'PUT', 1, 'admin', NULL, '/mall/product', '127.0.0.1', '内网IP', '{\"addTime\":1602186408000,\"otPrice\":998,\"description\":\"<p>```json</p><p>{\\\"product\\\":{\\\"name\\\":\\\"测试商品1\\\",\\\"totalNum\\\":2,\\\"price\\\":0.5,\\\"pic\\\":\\\"https://image.dayouqiantu.cn/5ca04fa9c08ef.jpg\\\",\\\"detail\\\":{\\\"颜色\\\":\\\"白色\\\",\\\"纸张\\\":\\\"A3\\\"}}}</p><p>```</p>\",\"merUse\":0,\"isPostage\":0,\"isBest\":0,\"sales\":0,\"price\":13,\"vipPrice\":0,\"storeName\":\"测试商品1\",\"id\":2,\"keyword\":\"测试\",\"stock\":0,\"image\":\"https://ss0.bdstatic.com/70cFuHSh_Q1YnxGkpoWK1HF6hhy/it/u=2443315202,3550627032&fm=26&gp=0.jpg\",\"cost\":0,\"isGood\":0,\"isBenefit\":0,\"isNew\":0,\"sort\":1,\"params\":{},\"sliderImage\":\"/api/profile/upload/2020/10/15/be9b25bd-aa8f-4beb-8ef4-47add0e1269a.jpeg\",\"barCode\":\"\",\"isShow\":1,\"postage\":5,\"codePath\":\"http://localhost:8081/profile/upload/2020/10/15/be9b25bd-aa8f-4beb-8ef4-47add0e1269a.jpeg\",\"soureLink\":\"\",\"cateId\":\"2\",\"merId\":0,\"ficti\":100,\"storeInfo\":\"测试简介\",\"category\":\"new\",\"isDel\":0,\"isHot\":0,\"browse\":0}', '{\"msg\":\"操作成功\",\"code\":200}', 0, NULL, '2020-10-15 14:26:37');
INSERT INTO `sys_oper_log` VALUES (451, '商品', 2, 'cn.saberking.jvav.apm.web.controller.mall.ApmStoreProductController.edit()', 'PUT', 1, 'admin', NULL, '/mall/product', '127.0.0.1', '内网IP', '{\"addTime\":1602186408000,\"otPrice\":998,\"description\":\"<pre class=\\\"ql-syntax\\\" spellcheck=\\\"false\\\">{\\\"product\\\":{\\\"name\\\":\\\"测试商品1\\\",\\\"totalNum\\\":2,\\\"price\\\":0.5,\\\"pic\\\":\\\"https://image.dayouqiantu.cn/5ca04fa9c08ef.jpg\\\",\\\"detail\\\":{\\\"颜色\\\":\\\"白色\\\",\\\"纸张\\\":\\\"A3\\\"}}}\\n</pre>\",\"merUse\":0,\"isPostage\":0,\"isBest\":0,\"sales\":0,\"price\":13,\"vipPrice\":0,\"storeName\":\"测试商品1\",\"id\":2,\"keyword\":\"测试\",\"stock\":0,\"image\":\"https://ss0.bdstatic.com/70cFuHSh_Q1YnxGkpoWK1HF6hhy/it/u=2443315202,3550627032&fm=26&gp=0.jpg\",\"cost\":0,\"isGood\":0,\"isBenefit\":0,\"isNew\":0,\"sort\":1,\"params\":{},\"sliderImage\":\"/api/profile/upload/2020/10/15/be9b25bd-aa8f-4beb-8ef4-47add0e1269a.jpeg\",\"barCode\":\"\",\"isShow\":1,\"postage\":5,\"codePath\":\"http://localhost:8081/profile/upload/2020/10/15/be9b25bd-aa8f-4beb-8ef4-47add0e1269a.jpeg\",\"soureLink\":\"\",\"cateId\":\"2\",\"merId\":0,\"ficti\":100,\"storeInfo\":\"测试简介\",\"category\":\"new\",\"isDel\":0,\"isHot\":0,\"browse\":0}', '{\"msg\":\"操作成功\",\"code\":200}', 0, NULL, '2020-10-15 14:27:02');
INSERT INTO `sys_oper_log` VALUES (452, '商品', 2, 'cn.saberking.jvav.apm.web.controller.mall.ApmStoreProductController.edit()', 'PUT', 1, 'admin', NULL, '/mall/product', '127.0.0.1', '内网IP', '{\"addTime\":1602186408000,\"otPrice\":998,\"description\":\"<pre class=\\\"ql-syntax\\\" spellcheck=\\\"false\\\">{\\\"product\\\":{\\\"name\\\":\\\"测试商品1\\\",\\\"totalNum\\\":2,\\\"price\\\":0.5,\\\"pic\\\":\\\"https://image.dayouqiantu.cn/5ca04fa9c08ef.jpg\\\",\\\"detail\\\":{\\\"颜色\\\":\\\"白色\\\",\\\"纸张\\\":\\\"A3\\\"}}}\\n</pre>\",\"merUse\":0,\"isPostage\":0,\"isBest\":0,\"sales\":0,\"price\":13,\"vipPrice\":0,\"storeName\":\"测试商品1\",\"id\":2,\"keyword\":\"测试\",\"stock\":0,\"image\":\"https://ss0.bdstatic.com/70cFuHSh_Q1YnxGkpoWK1HF6hhy/it/u=2443315202,3550627032&fm=26&gp=0.jpg\",\"cost\":0,\"isGood\":0,\"isBenefit\":0,\"isNew\":0,\"sort\":1,\"params\":{},\"sliderImage\":\"/api/profile/upload/2020/10/15/be9b25bd-aa8f-4beb-8ef4-47add0e1269a.jpeg\",\"barCode\":\"\",\"isShow\":1,\"postage\":5,\"codePath\":\"http://localhost:8081/profile/upload/2020/10/15/be9b25bd-aa8f-4beb-8ef4-47add0e1269a.jpeg\",\"soureLink\":\"\",\"cateId\":\"2\",\"merId\":0,\"ficti\":100,\"storeInfo\":\"测试简介\",\"category\":\"new\",\"isDel\":0,\"isHot\":0,\"browse\":0}', '{\"msg\":\"操作成功\",\"code\":200}', 0, NULL, '2020-10-15 14:46:42');
INSERT INTO `sys_oper_log` VALUES (453, '代码生成', 6, 'cn.saberking.jvav.apm.generator.controller.GenController.importTableSave()', 'POST', 1, 'admin', NULL, '/tool/gen/importTable', '127.0.0.1', '内网IP', 'sys_file', '{\"msg\":\"操作成功\",\"code\":200}', 0, NULL, '2020-10-16 02:02:04');
INSERT INTO `sys_oper_log` VALUES (454, '代码生成', 3, 'cn.saberking.jvav.apm.generator.controller.GenController.remove()', 'DELETE', 1, 'admin', NULL, '/tool/gen/51', '127.0.0.1', '内网IP', '{tableIds=51}', '{\"msg\":\"操作成功\",\"code\":200}', 0, NULL, '2020-10-16 02:15:32');
INSERT INTO `sys_oper_log` VALUES (455, '代码生成', 6, 'cn.saberking.jvav.apm.generator.controller.GenController.importTableSave()', 'POST', 1, 'admin', NULL, '/tool/gen/importTable', '127.0.0.1', '内网IP', 'sys_file', '{\"msg\":\"操作成功\",\"code\":200}', 0, NULL, '2020-10-16 02:16:08');
INSERT INTO `sys_oper_log` VALUES (456, '代码生成', 3, 'cn.saberking.jvav.apm.generator.controller.GenController.remove()', 'DELETE', 1, 'admin', NULL, '/tool/gen/52', '127.0.0.1', '内网IP', '{tableIds=52}', '{\"msg\":\"操作成功\",\"code\":200}', 0, NULL, '2020-10-16 02:16:45');
INSERT INTO `sys_oper_log` VALUES (457, '代码生成', 6, 'cn.saberking.jvav.apm.generator.controller.GenController.importTableSave()', 'POST', 1, 'admin', NULL, '/tool/gen/importTable', '127.0.0.1', '内网IP', 'sys_file', '{\"msg\":\"操作成功\",\"code\":200}', 0, NULL, '2020-10-16 02:26:43');
INSERT INTO `sys_oper_log` VALUES (458, '代码生成', 2, 'cn.saberking.jvav.apm.generator.controller.GenController.editSave()', 'PUT', 1, 'admin', NULL, '/tool/gen', '127.0.0.1', '内网IP', '{\"functionAuthor\":\"apm\",\"columns\":[{\"usableColumn\":false,\"columnId\":765,\"isIncrement\":\"1\",\"increment\":true,\"insert\":false,\"dictType\":\"\",\"required\":false,\"superColumn\":false,\"updateBy\":\"\",\"javaField\":\"id\",\"htmlType\":\"input\",\"edit\":false,\"query\":false,\"sort\":1,\"list\":false,\"params\":{},\"javaType\":\"Long\",\"queryType\":\"EQ\",\"columnType\":\"bigint(20)\",\"createBy\":\"admin\",\"isPk\":\"1\",\"createTime\":1602786403000,\"tableId\":53,\"pk\":true,\"columnName\":\"id\"},{\"usableColumn\":false,\"columnId\":766,\"isIncrement\":\"0\",\"increment\":false,\"insert\":true,\"isList\":\"1\",\"dictType\":\"\",\"required\":false,\"superColumn\":false,\"updateBy\":\"\",\"isInsert\":\"1\",\"javaField\":\"title\",\"htmlType\":\"input\",\"edit\":true,\"query\":false,\"columnComment\":\"标题\",\"sort\":2,\"list\":true,\"params\":{},\"javaType\":\"String\",\"queryType\":\"LIKE\",\"columnType\":\"varchar(255)\",\"createBy\":\"admin\",\"isPk\":\"0\",\"createTime\":1602786403000,\"isEdit\":\"1\",\"tableId\":53,\"pk\":false,\"columnName\":\"title\"},{\"usableColumn\":false,\"columnId\":767,\"isIncrement\":\"0\",\"increment\":false,\"insert\":false,\"isList\":\"1\",\"dictType\":\"\",\"required\":false,\"superColumn\":false,\"updateBy\":\"\",\"javaField\":\"name\",\"htmlType\":\"input\",\"edit\":true,\"query\":true,\"columnComment\":\"文件名\",\"isQuery\":\"1\",\"sort\":3,\"list\":true,\"params\":{},\"javaType\":\"String\",\"queryType\":\"LIKE\",\"columnType\":\"varchar(255)\",\"createBy\":\"admin\",\"isPk\":\"0\",\"createTime\":1602786403000,\"isEdit\":\"1\",\"tableId\":53,\"pk\":false,\"columnName\":\"name\"},{\"usableColumn\":false,\"columnId\":768,\"isIncrement\":\"0\",\"increment\":false,\"insert\":false,\"isList\":\"1\",\"dictType\":\"\",\"required\":false,\"superColumn\":false,\"updateBy\":\"\",\"javaField\":\"realName\",\"htmlType\":\"input\",\"edit\":false,\"query\":false,\"columnComment\":\"文件真实的名称\",\"sort\":4,\"list\":true,\"params\":{},\"javaType\":\"String\",\"queryType\":\"EQ\",\"columnType\":\"varchar(255)\",\"createBy\":\"admin\",\"isPk\":\"0\",\"createTime\":1602786403000,\"tableId\":53,\"pk\":false,\"columnName\":\"real_name\"},{\"usableColumn\":false,\"columnId\":769,\"isIncrement\":\"0\",\"increment\":false,\"insert\":false,\"isList\":\"1\",\"dictType\":\"\",\"required\":fa', '{\"msg\":\"操作成功\",\"code\":200}', 0, NULL, '2020-10-16 02:34:44');
INSERT INTO `sys_oper_log` VALUES (459, '代码生成', 2, 'cn.saberking.jvav.apm.generator.controller.GenController.editSave()', 'PUT', 1, 'admin', NULL, '/tool/gen', '127.0.0.1', '内网IP', '{\"functionAuthor\":\"apm\",\"columns\":[{\"usableColumn\":false,\"columnId\":765,\"isIncrement\":\"1\",\"increment\":true,\"insert\":false,\"dictType\":\"\",\"required\":false,\"superColumn\":false,\"updateBy\":\"\",\"javaField\":\"id\",\"htmlType\":\"input\",\"edit\":false,\"query\":false,\"updateTime\":1602786884000,\"sort\":1,\"list\":false,\"params\":{},\"javaType\":\"Long\",\"queryType\":\"EQ\",\"columnType\":\"bigint(20)\",\"createBy\":\"admin\",\"isPk\":\"1\",\"createTime\":1602786403000,\"tableId\":53,\"pk\":true,\"columnName\":\"id\"},{\"usableColumn\":false,\"columnId\":766,\"isIncrement\":\"0\",\"increment\":false,\"insert\":true,\"isList\":\"1\",\"dictType\":\"\",\"required\":false,\"superColumn\":false,\"updateBy\":\"\",\"isInsert\":\"1\",\"javaField\":\"title\",\"htmlType\":\"input\",\"edit\":true,\"query\":false,\"columnComment\":\"标题\",\"updateTime\":1602786884000,\"sort\":2,\"list\":true,\"params\":{},\"javaType\":\"String\",\"queryType\":\"LIKE\",\"columnType\":\"varchar(255)\",\"createBy\":\"admin\",\"isPk\":\"0\",\"createTime\":1602786403000,\"isEdit\":\"1\",\"tableId\":53,\"pk\":false,\"columnName\":\"title\"},{\"usableColumn\":false,\"columnId\":767,\"isIncrement\":\"0\",\"increment\":false,\"insert\":false,\"isList\":\"1\",\"dictType\":\"\",\"required\":false,\"superColumn\":false,\"updateBy\":\"\",\"javaField\":\"name\",\"htmlType\":\"input\",\"edit\":true,\"query\":true,\"columnComment\":\"文件名\",\"isQuery\":\"1\",\"updateTime\":1602786884000,\"sort\":3,\"list\":true,\"params\":{},\"javaType\":\"String\",\"queryType\":\"LIKE\",\"columnType\":\"varchar(255)\",\"createBy\":\"admin\",\"isPk\":\"0\",\"createTime\":1602786403000,\"isEdit\":\"1\",\"tableId\":53,\"pk\":false,\"columnName\":\"name\"},{\"usableColumn\":false,\"columnId\":768,\"isIncrement\":\"0\",\"increment\":false,\"insert\":false,\"isList\":\"1\",\"dictType\":\"\",\"required\":false,\"superColumn\":false,\"updateBy\":\"\",\"javaField\":\"realName\",\"htmlType\":\"input\",\"edit\":false,\"query\":false,\"columnComment\":\"文件真实的名称\",\"updateTime\":1602786884000,\"sort\":4,\"list\":true,\"params\":{},\"javaType\":\"String\",\"queryType\":\"EQ\",\"columnType\":\"varchar(255)\",\"createBy\":\"admin\",\"isPk\":\"0\",\"createTime\":1602786403000,\"tableId\":53,\"pk\":false,\"columnName\":\"real_name\"},{\"usableColumn\":fals', '{\"msg\":\"操作成功\",\"code\":200}', 0, NULL, '2020-10-16 02:37:16');
INSERT INTO `sys_oper_log` VALUES (460, '字典类型', 1, 'cn.saberking.jvav.apm.web.controller.system.SysDictTypeController.add()', 'POST', 1, 'admin', NULL, '/system/dict/type', '127.0.0.1', '内网IP', '{\"remark\":\"文件类型列表\",\"params\":{},\"dictType\":\"sys_file_type\",\"createBy\":\"admin\",\"dictName\":\"文件类型\",\"status\":\"0\"}', '{\"msg\":\"操作成功\",\"code\":200}', 0, NULL, '2020-10-16 02:38:02');
INSERT INTO `sys_oper_log` VALUES (461, '字典数据', 1, 'cn.saberking.jvav.apm.web.controller.system.SysDictDataController.add()', 'POST', 1, 'admin', NULL, '/system/dict/data', '127.0.0.1', '内网IP', '{\"dictValue\":\"0\",\"listClass\":\"primary\",\"dictSort\":0,\"remark\":\"图片类型\",\"params\":{},\"dictType\":\"sys_file_type\",\"dictLabel\":\"图片\",\"createBy\":\"admin\",\"default\":false,\"status\":\"0\"}', '{\"msg\":\"操作成功\",\"code\":200}', 0, NULL, '2020-10-16 02:42:03');
INSERT INTO `sys_oper_log` VALUES (462, '字典数据', 1, 'cn.saberking.jvav.apm.web.controller.system.SysDictDataController.add()', 'POST', 1, 'admin', NULL, '/system/dict/data', '127.0.0.1', '内网IP', '{\"dictValue\":\"1\",\"listClass\":\"warning\",\"dictSort\":1,\"remark\":\"音频类型\",\"params\":{},\"dictType\":\"sys_file_type\",\"dictLabel\":\"音频\",\"createBy\":\"admin\",\"default\":false,\"status\":\"0\"}', '{\"msg\":\"操作成功\",\"code\":200}', 0, NULL, '2020-10-16 02:44:22');
INSERT INTO `sys_oper_log` VALUES (463, '字典数据', 1, 'cn.saberking.jvav.apm.web.controller.system.SysDictDataController.add()', 'POST', 1, 'admin', NULL, '/system/dict/data', '127.0.0.1', '内网IP', '{\"dictValue\":\"2\",\"listClass\":\"danger\",\"dictSort\":2,\"remark\":\"视频类型\",\"params\":{},\"dictType\":\"sys_file_type\",\"dictLabel\":\"视频\",\"createBy\":\"admin\",\"default\":false,\"status\":\"0\"}', '{\"msg\":\"操作成功\",\"code\":200}', 0, NULL, '2020-10-16 02:45:07');
INSERT INTO `sys_oper_log` VALUES (464, '字典数据', 1, 'cn.saberking.jvav.apm.web.controller.system.SysDictDataController.add()', 'POST', 1, 'admin', NULL, '/system/dict/data', '127.0.0.1', '内网IP', '{\"dictValue\":\"3\",\"listClass\":\"success\",\"dictSort\":3,\"remark\":\"文档类型\",\"params\":{},\"dictType\":\"sys_file_type\",\"dictLabel\":\"文档\",\"createBy\":\"admin\",\"default\":false,\"status\":\"0\"}', '{\"msg\":\"操作成功\",\"code\":200}', 0, NULL, '2020-10-16 02:46:34');
INSERT INTO `sys_oper_log` VALUES (465, '字典数据', 1, 'cn.saberking.jvav.apm.web.controller.system.SysDictDataController.add()', 'POST', 1, 'admin', NULL, '/system/dict/data', '127.0.0.1', '内网IP', '{\"dictValue\":\"4\",\"listClass\":\"info\",\"dictSort\":4,\"remark\":\"其他类型\",\"params\":{},\"dictType\":\"sys_file_type\",\"dictLabel\":\"其他\",\"createBy\":\"admin\",\"default\":false,\"status\":\"0\"}', '{\"msg\":\"操作成功\",\"code\":200}', 0, NULL, '2020-10-16 02:47:05');
INSERT INTO `sys_oper_log` VALUES (466, '代码生成', 2, 'cn.saberking.jvav.apm.generator.controller.GenController.editSave()', 'PUT', 1, 'admin', NULL, '/tool/gen', '127.0.0.1', '内网IP', '{\"functionAuthor\":\"apm\",\"columns\":[{\"usableColumn\":false,\"columnId\":765,\"isIncrement\":\"1\",\"increment\":true,\"insert\":false,\"dictType\":\"\",\"required\":false,\"superColumn\":false,\"updateBy\":\"\",\"javaField\":\"id\",\"htmlType\":\"input\",\"edit\":false,\"query\":false,\"updateTime\":1602787036000,\"sort\":1,\"list\":false,\"params\":{},\"javaType\":\"Long\",\"queryType\":\"EQ\",\"columnType\":\"bigint(20)\",\"createBy\":\"admin\",\"isPk\":\"1\",\"createTime\":1602786403000,\"tableId\":53,\"pk\":true,\"columnName\":\"id\"},{\"usableColumn\":false,\"columnId\":766,\"isIncrement\":\"0\",\"increment\":false,\"insert\":true,\"isList\":\"1\",\"dictType\":\"\",\"required\":false,\"superColumn\":false,\"updateBy\":\"\",\"isInsert\":\"1\",\"javaField\":\"title\",\"htmlType\":\"input\",\"edit\":true,\"query\":false,\"columnComment\":\"标题\",\"updateTime\":1602787036000,\"sort\":2,\"list\":true,\"params\":{},\"javaType\":\"String\",\"queryType\":\"LIKE\",\"columnType\":\"varchar(255)\",\"createBy\":\"admin\",\"isPk\":\"0\",\"createTime\":1602786403000,\"isEdit\":\"1\",\"tableId\":53,\"pk\":false,\"columnName\":\"title\"},{\"usableColumn\":false,\"columnId\":767,\"isIncrement\":\"0\",\"increment\":false,\"insert\":false,\"isList\":\"1\",\"dictType\":\"\",\"required\":false,\"superColumn\":false,\"updateBy\":\"\",\"javaField\":\"name\",\"htmlType\":\"input\",\"edit\":true,\"query\":true,\"columnComment\":\"文件名\",\"isQuery\":\"1\",\"updateTime\":1602787036000,\"sort\":3,\"list\":true,\"params\":{},\"javaType\":\"String\",\"queryType\":\"LIKE\",\"columnType\":\"varchar(255)\",\"createBy\":\"admin\",\"isPk\":\"0\",\"createTime\":1602786403000,\"isEdit\":\"1\",\"tableId\":53,\"pk\":false,\"columnName\":\"name\"},{\"usableColumn\":false,\"columnId\":768,\"isIncrement\":\"0\",\"increment\":false,\"insert\":false,\"isList\":\"1\",\"dictType\":\"\",\"required\":false,\"superColumn\":false,\"updateBy\":\"\",\"javaField\":\"realName\",\"htmlType\":\"input\",\"edit\":false,\"query\":false,\"columnComment\":\"文件真实的名称\",\"updateTime\":1602787036000,\"sort\":4,\"list\":true,\"params\":{},\"javaType\":\"String\",\"queryType\":\"EQ\",\"columnType\":\"varchar(255)\",\"createBy\":\"admin\",\"isPk\":\"0\",\"createTime\":1602786403000,\"tableId\":53,\"pk\":false,\"columnName\":\"real_name\"},{\"usableColumn\":fals', '{\"msg\":\"操作成功\",\"code\":200}', 0, NULL, '2020-10-16 02:48:01');
INSERT INTO `sys_oper_log` VALUES (467, '代码生成', 8, 'cn.saberking.jvav.apm.generator.controller.GenController.batchGenCode()', 'GET', 1, 'admin', NULL, '/tool/gen/batchGenCode', '127.0.0.1', '内网IP', '{}', 'null', 0, NULL, '2020-10-16 02:48:09');
INSERT INTO `sys_oper_log` VALUES (468, '代码生成', 3, 'cn.saberking.jvav.apm.generator.controller.GenController.remove()', 'DELETE', 1, 'admin', NULL, '/tool/gen/53', '127.0.0.1', '内网IP', '{tableIds=53}', '{\"msg\":\"操作成功\",\"code\":200}', 0, NULL, '2020-10-16 03:34:49');
INSERT INTO `sys_oper_log` VALUES (469, '字典类型', 2, 'cn.saberking.jvav.apm.web.controller.system.SysDictTypeController.edit()', 'PUT', 1, 'admin', NULL, '/system/dict/type', '127.0.0.1', '内网IP', '{\"remark\":\"文件类型列表\",\"dictId\":32,\"params\":{},\"dictType\":\"sys_upload_file_type\",\"createBy\":\"admin\",\"createTime\":1602787082000,\"updateBy\":\"admin\",\"dictName\":\"文件类型\",\"status\":\"0\"}', '{\"msg\":\"操作成功\",\"code\":200}', 0, NULL, '2020-10-16 03:35:17');
INSERT INTO `sys_oper_log` VALUES (470, '代码生成', 6, 'cn.saberking.jvav.apm.generator.controller.GenController.importTableSave()', 'POST', 1, 'admin', NULL, '/tool/gen/importTable', '127.0.0.1', '内网IP', 'sys_upload_file', '{\"msg\":\"操作成功\",\"code\":200}', 0, NULL, '2020-10-16 03:35:46');
INSERT INTO `sys_oper_log` VALUES (471, '代码生成', 2, 'cn.saberking.jvav.apm.generator.controller.GenController.editSave()', 'PUT', 1, 'admin', NULL, '/tool/gen', '127.0.0.1', '内网IP', '{\"functionAuthor\":\"apm\",\"columns\":[{\"usableColumn\":false,\"columnId\":778,\"isIncrement\":\"1\",\"increment\":true,\"insert\":false,\"dictType\":\"\",\"required\":false,\"superColumn\":false,\"updateBy\":\"\",\"javaField\":\"id\",\"htmlType\":\"input\",\"edit\":false,\"query\":false,\"sort\":1,\"list\":false,\"params\":{},\"javaType\":\"Long\",\"queryType\":\"EQ\",\"columnType\":\"bigint(20)\",\"createBy\":\"admin\",\"isPk\":\"1\",\"createTime\":1602790546000,\"tableId\":54,\"pk\":true,\"columnName\":\"id\"},{\"usableColumn\":false,\"columnId\":779,\"isIncrement\":\"0\",\"increment\":false,\"insert\":true,\"isList\":\"1\",\"dictType\":\"\",\"required\":false,\"superColumn\":false,\"updateBy\":\"\",\"isInsert\":\"1\",\"javaField\":\"title\",\"htmlType\":\"input\",\"edit\":true,\"query\":true,\"columnComment\":\"标题\",\"isQuery\":\"1\",\"sort\":2,\"list\":true,\"params\":{},\"javaType\":\"String\",\"queryType\":\"LIKE\",\"columnType\":\"varchar(255)\",\"createBy\":\"admin\",\"isPk\":\"0\",\"createTime\":1602790546000,\"isEdit\":\"1\",\"tableId\":54,\"pk\":false,\"columnName\":\"title\"},{\"usableColumn\":false,\"columnId\":780,\"isIncrement\":\"0\",\"increment\":false,\"insert\":false,\"isList\":\"1\",\"dictType\":\"\",\"required\":false,\"superColumn\":false,\"updateBy\":\"\",\"javaField\":\"name\",\"htmlType\":\"input\",\"edit\":true,\"query\":true,\"columnComment\":\"文件名\",\"isQuery\":\"1\",\"sort\":3,\"list\":true,\"params\":{},\"javaType\":\"String\",\"queryType\":\"LIKE\",\"columnType\":\"varchar(255)\",\"createBy\":\"admin\",\"isPk\":\"0\",\"createTime\":1602790546000,\"isEdit\":\"1\",\"tableId\":54,\"pk\":false,\"columnName\":\"name\"},{\"usableColumn\":false,\"columnId\":781,\"isIncrement\":\"0\",\"increment\":false,\"insert\":false,\"isList\":\"1\",\"dictType\":\"\",\"required\":false,\"superColumn\":false,\"updateBy\":\"\",\"javaField\":\"realName\",\"htmlType\":\"input\",\"edit\":false,\"query\":false,\"columnComment\":\"文件真实的名称\",\"sort\":4,\"list\":true,\"params\":{},\"javaType\":\"String\",\"queryType\":\"EQ\",\"columnType\":\"varchar(255)\",\"createBy\":\"admin\",\"isPk\":\"0\",\"createTime\":1602790546000,\"tableId\":54,\"pk\":false,\"columnName\":\"real_name\"},{\"usableColumn\":false,\"columnId\":782,\"isIncrement\":\"0\",\"increment\":false,\"insert\":false,\"isList\":\"1\",\"dictType\":\"\",', '{\"msg\":\"操作成功\",\"code\":200}', 0, NULL, '2020-10-16 03:41:23');
INSERT INTO `sys_oper_log` VALUES (472, '代码生成', 2, 'cn.saberking.jvav.apm.generator.controller.GenController.editSave()', 'PUT', 1, 'admin', NULL, '/tool/gen', '127.0.0.1', '内网IP', '{\"functionAuthor\":\"apm\",\"columns\":[{\"usableColumn\":false,\"columnId\":778,\"isIncrement\":\"1\",\"increment\":true,\"insert\":false,\"dictType\":\"\",\"required\":false,\"superColumn\":false,\"updateBy\":\"\",\"javaField\":\"id\",\"htmlType\":\"input\",\"edit\":false,\"query\":false,\"updateTime\":1602790883000,\"sort\":1,\"list\":false,\"params\":{},\"javaType\":\"Long\",\"queryType\":\"EQ\",\"columnType\":\"bigint(20)\",\"createBy\":\"admin\",\"isPk\":\"1\",\"createTime\":1602790546000,\"tableId\":54,\"pk\":true,\"columnName\":\"id\"},{\"usableColumn\":false,\"columnId\":779,\"isIncrement\":\"0\",\"increment\":false,\"insert\":true,\"isList\":\"1\",\"dictType\":\"\",\"required\":false,\"superColumn\":false,\"updateBy\":\"\",\"isInsert\":\"1\",\"javaField\":\"title\",\"htmlType\":\"input\",\"edit\":true,\"query\":true,\"columnComment\":\"标题\",\"isQuery\":\"1\",\"updateTime\":1602790883000,\"sort\":2,\"list\":true,\"params\":{},\"javaType\":\"String\",\"queryType\":\"LIKE\",\"columnType\":\"varchar(255)\",\"createBy\":\"admin\",\"isPk\":\"0\",\"createTime\":1602790546000,\"isEdit\":\"1\",\"tableId\":54,\"pk\":false,\"columnName\":\"title\"},{\"usableColumn\":false,\"columnId\":780,\"isIncrement\":\"0\",\"increment\":false,\"insert\":false,\"isList\":\"1\",\"dictType\":\"\",\"required\":false,\"superColumn\":false,\"updateBy\":\"\",\"javaField\":\"name\",\"htmlType\":\"input\",\"edit\":true,\"query\":true,\"columnComment\":\"文件名\",\"isQuery\":\"1\",\"updateTime\":1602790883000,\"sort\":3,\"list\":true,\"params\":{},\"javaType\":\"String\",\"queryType\":\"LIKE\",\"columnType\":\"varchar(255)\",\"createBy\":\"admin\",\"isPk\":\"0\",\"createTime\":1602790546000,\"isEdit\":\"1\",\"tableId\":54,\"pk\":false,\"columnName\":\"name\"},{\"usableColumn\":false,\"columnId\":781,\"isIncrement\":\"0\",\"increment\":false,\"insert\":false,\"isList\":\"1\",\"dictType\":\"\",\"required\":false,\"superColumn\":false,\"updateBy\":\"\",\"javaField\":\"realName\",\"htmlType\":\"input\",\"edit\":false,\"query\":false,\"columnComment\":\"文件真实的名称\",\"updateTime\":1602790883000,\"sort\":4,\"list\":true,\"params\":{},\"javaType\":\"String\",\"queryType\":\"EQ\",\"columnType\":\"varchar(255)\",\"createBy\":\"admin\",\"isPk\":\"0\",\"createTime\":1602790546000,\"tableId\":54,\"pk\":false,\"columnName\":\"real_name\"},{\"usabl', '{\"msg\":\"操作成功\",\"code\":200}', 0, NULL, '2020-10-16 03:42:05');
INSERT INTO `sys_oper_log` VALUES (473, '代码生成', 8, 'cn.saberking.jvav.apm.generator.controller.GenController.batchGenCode()', 'GET', 1, 'admin', NULL, '/tool/gen/batchGenCode', '127.0.0.1', '内网IP', '{}', 'null', 0, NULL, '2020-10-16 03:42:41');
INSERT INTO `sys_oper_log` VALUES (474, '菜单管理', 2, 'cn.saberking.jvav.apm.web.controller.system.SysMenuController.edit()', 'PUT', 1, 'admin', NULL, '/system/menu', '127.0.0.1', '内网IP', '{\"icon\":\"file-archive\",\"orderNum\":\"1\",\"menuName\":\"文件管理\",\"path\":\"file\",\"children\":[],\"updateBy\":\"admin\",\"isFrame\":\"1\",\"menuId\":1097,\"perms\":\"system:file:list\",\"visible\":\"0\",\"params\":{},\"parentId\":1,\"isCache\":\"0\",\"component\":\"system/file/index\",\"createTime\":1519833600000,\"menuType\":\"C\",\"status\":\"0\"}', '{\"msg\":\"操作成功\",\"code\":200}', 0, NULL, '2020-10-16 05:53:14');
INSERT INTO `sys_oper_log` VALUES (475, '文件', 3, 'cn.saberking.jvav.apm.web.controller.system.SysUploadFileController.remove()', 'DELETE', 1, 'admin', NULL, '/system/file/1,2', '127.0.0.1', '内网IP', '{ids=1,2}', '{\"msg\":\"操作成功\",\"code\":200}', 0, NULL, '2020-10-16 08:28:08');
INSERT INTO `sys_oper_log` VALUES (476, '文件', 3, 'cn.saberking.jvav.apm.web.controller.system.SysUploadFileController.remove()', 'DELETE', 1, 'admin', NULL, '/system/file/1', '127.0.0.1', '内网IP', '{ids=1}', '{\"msg\":\"操作成功\",\"code\":200}', 0, NULL, '2020-10-16 09:09:59');
INSERT INTO `sys_oper_log` VALUES (477, '文件', 3, 'cn.saberking.jvav.apm.web.controller.system.SysUploadFileController.remove()', 'DELETE', 1, 'admin', NULL, '/system/file/2', '127.0.0.1', '内网IP', '{ids=2}', '{\"msg\":\"操作成功\",\"code\":200}', 0, NULL, '2020-10-16 09:15:35');
INSERT INTO `sys_oper_log` VALUES (478, '商品', 2, 'cn.saberking.jvav.apm.web.controller.mall.ApmStoreProductController.edit()', 'PUT', 1, 'admin', NULL, '/mall/product', '127.0.0.1', '内网IP', '{\"addTime\":1602186408000,\"otPrice\":998,\"description\":\"<pre class=\\\"ql-syntax\\\" spellcheck=\\\"false\\\">{\\\"product\\\":{\\\"name\\\":\\\"测试商品1\\\",\\\"totalNum\\\":2,\\\"price\\\":0.5,\\\"pic\\\":\\\"https://image.dayouqiantu.cn/5ca04fa9c08ef.jpg\\\",\\\"detail\\\":{\\\"颜色\\\":\\\"白色\\\",\\\"纸张\\\":\\\"A3\\\"}}}\\n</pre>\",\"merUse\":0,\"isPostage\":0,\"isBest\":0,\"sales\":0,\"price\":13,\"vipPrice\":0,\"storeName\":\"测试商品1\",\"id\":2,\"keyword\":\"测试\",\"stock\":0,\"image\":\"https://ss0.bdstatic.com/70cFuHSh_Q1YnxGkpoWK1HF6hhy/it/u=2443315202,3550627032&fm=26&gp=0.jpg\",\"cost\":0,\"isGood\":0,\"isBenefit\":0,\"isNew\":0,\"sort\":1,\"params\":{},\"sliderImage\":\"http://localhost:8081/profile/upload/2020/10/16/8a1b713e-46fa-4aac-8e45-07cf9a4ce99e.jpg\",\"barCode\":\"\",\"isShow\":1,\"postage\":5,\"codePath\":\"http://localhost:8081/profile/upload/2020/10/15/be9b25bd-aa8f-4beb-8ef4-47add0e1269a.jpeg\",\"soureLink\":\"\",\"cateId\":\"2\",\"merId\":0,\"ficti\":100,\"storeInfo\":\"测试简介\",\"category\":\"new\",\"isDel\":0,\"isHot\":0,\"browse\":0}', '{\"msg\":\"操作成功\",\"code\":200}', 0, NULL, '2020-10-16 09:21:55');
INSERT INTO `sys_oper_log` VALUES (479, '文件', 2, 'cn.saberking.jvav.apm.web.controller.system.SysUploadFileController.edit()', 'PUT', 1, 'admin', NULL, '/system/file', '127.0.0.1', '内网IP', '{\"params\":{},\"suffix\":\"jpg\",\"title\":\"测试\",\"type\":0,\"url\":\"http://localhost:8081/profile/upload/2020/10/16/8a1b713e-46fa-4aac-8e45-07cf9a4ce99e.jpg\",\"path\":\"/profile/upload/2020/10/16/8a1b713e-46fa-4aac-8e45-07cf9a4ce99e.jpg\",\"realName\":\"2020/10/16/8a1b713e-46fa-4aac-8e45-07cf9a4ce99e.jpg\",\"operate\":\"admin\",\"size\":\"73.6123046875K\",\"createTime\":1602840110000,\"name\":\"1.jpg\",\"realUrl\":\"F:\\\\apm\\\\uploadPath\\\\upload\\\\2020\\\\10\\\\16\\\\8a1b713e-46fa-4aac-8e45-07cf9a4ce99e.jpg\",\"id\":1}', '{\"msg\":\"操作成功\",\"code\":200}', 0, NULL, '2020-10-16 09:22:56');
INSERT INTO `sys_oper_log` VALUES (480, '用户头像', 2, 'cn.saberking.jvav.apm.web.controller.system.SysProfileController.avatar()', 'POST', 1, 'admin', NULL, '/system/user/profile/avatar', '127.0.0.1', '内网IP', '', '{\"msg\":\"操作成功\",\"imgUrl\":\"/profile/avatar/2020/10/16/0b19553c-1084-4511-8bb8-24aa25f26587.jpeg\",\"code\":200}', 0, NULL, '2020-10-16 12:33:36');
INSERT INTO `sys_oper_log` VALUES (481, '商品', 2, 'cn.saberking.jvav.apm.web.controller.mall.ApmStoreProductController.edit()', 'PUT', 1, 'admin', NULL, '/mall/product', '127.0.0.1', '内网IP', '{\"addTime\":1602186408000,\"otPrice\":998,\"description\":\"<p><br></p>\",\"merUse\":0,\"isPostage\":0,\"isBest\":0,\"sales\":0,\"price\":13,\"vipPrice\":0,\"storeName\":\"测试商品1\",\"id\":2,\"keyword\":\"测试\",\"stock\":0,\"image\":\"https://ss0.bdstatic.com/70cFuHSh_Q1YnxGkpoWK1HF6hhy/it/u=2443315202,3550627032&fm=26&gp=0.jpg\",\"cost\":0,\"isGood\":0,\"isBenefit\":0,\"isNew\":0,\"sort\":1,\"params\":{},\"sliderImage\":\"http://localhost:8081/profile/upload/2020/10/16/e59664c6-a7d9-4fca-b958-b9d813657f4e.jpg\",\"barCode\":\"\",\"isShow\":1,\"postage\":5,\"codePath\":\"http://localhost:8081/profile/upload/2020/10/15/be9b25bd-aa8f-4beb-8ef4-47add0e1269a.jpeg\",\"soureLink\":\"\",\"cateId\":\"2\",\"merId\":0,\"ficti\":100,\"storeInfo\":\"测试简介\",\"category\":\"new\",\"isDel\":0,\"isHot\":0,\"browse\":0}', '{\"msg\":\"操作成功\",\"code\":200}', 0, NULL, '2020-10-16 14:40:53');
INSERT INTO `sys_oper_log` VALUES (482, '商品', 2, 'cn.saberking.jvav.apm.web.controller.mall.ApmStoreProductController.edit()', 'PUT', 1, 'admin', NULL, '/mall/product', '127.0.0.1', '内网IP', '{\"addTime\":1602186408000,\"otPrice\":998,\"description\":\"<p><br></p>\",\"merUse\":0,\"isPostage\":0,\"isBest\":0,\"sales\":0,\"price\":13,\"vipPrice\":0,\"storeName\":\"测试商品1\",\"id\":2,\"keyword\":\"测试\",\"stock\":0,\"image\":\"https://ss0.bdstatic.com/70cFuHSh_Q1YnxGkpoWK1HF6hhy/it/u=2443315202,3550627032&fm=26&gp=0.jpg\",\"cost\":0,\"isGood\":0,\"isBenefit\":0,\"isNew\":0,\"sort\":1,\"params\":{},\"sliderImage\":\"http://localhost:8081/profile/upload/2020/10/16/e59664c6-a7d9-4fca-b958-b9d813657f4e.jpg\",\"barCode\":\"\",\"isShow\":1,\"postage\":5,\"codePath\":\"http://localhost:8081/profile/upload/2020/10/16/e59664c6-a7d9-4fca-b958-b9d813657f4e.jpg\",\"soureLink\":\"\",\"cateId\":\"2\",\"merId\":0,\"ficti\":100,\"storeInfo\":\"测试简介\",\"category\":\"new\",\"isDel\":0,\"isHot\":0,\"browse\":0}', '{\"msg\":\"操作成功\",\"code\":200}', 0, NULL, '2020-10-16 14:41:12');
INSERT INTO `sys_oper_log` VALUES (483, '商品', 2, 'cn.saberking.jvav.apm.web.controller.mall.ApmStoreProductController.edit()', 'PUT', 1, 'admin', NULL, '/mall/product', '127.0.0.1', '内网IP', '{\"addTime\":1602186408000,\"otPrice\":998,\"description\":\"<p><br></p>\",\"merUse\":0,\"isPostage\":0,\"isBest\":0,\"sales\":0,\"price\":13,\"vipPrice\":0,\"storeName\":\"测试商品1\",\"id\":2,\"keyword\":\"测试\",\"stock\":0,\"image\":\"https://ss0.bdstatic.com/70cFuHSh_Q1YnxGkpoWK1HF6hhy/it/u=2443315202,3550627032&fm=26&gp=0.jpg\",\"cost\":0,\"isGood\":0,\"isBenefit\":0,\"isNew\":0,\"sort\":1,\"params\":{},\"sliderImage\":\"http://localhost:8081/profile/upload/2020/10/16/e59664c6-a7d9-4fca-b958-b9d813657f4e.jpg\",\"barCode\":\"\",\"isShow\":1,\"postage\":5,\"codePath\":\"http://localhost:8081/profile/upload/2020/10/16/e59664c6-a7d9-4fca-b958-b9d813657f4e.jpg\",\"soureLink\":\"\",\"cateId\":\"2\",\"merId\":0,\"ficti\":100,\"storeInfo\":\"测试简介\",\"category\":\"new\",\"isDel\":0,\"isHot\":0,\"browse\":0}', '{\"msg\":\"操作成功\",\"code\":200}', 0, NULL, '2020-10-16 14:42:14');
INSERT INTO `sys_oper_log` VALUES (484, '商品', 2, 'cn.saberking.jvav.apm.web.controller.mall.ApmStoreProductController.edit()', 'PUT', 1, 'admin', NULL, '/mall/product', '127.0.0.1', '内网IP', '{\"addTime\":1602186408000,\"otPrice\":998,\"description\":\"<p><br></p>\",\"merUse\":0,\"isPostage\":0,\"isBest\":0,\"sales\":0,\"price\":13,\"vipPrice\":0,\"storeName\":\"测试商品1\",\"id\":2,\"keyword\":\"测试\",\"stock\":0,\"image\":\"https://ss0.bdstatic.com/70cFuHSh_Q1YnxGkpoWK1HF6hhy/it/u=2443315202,3550627032&fm=26&gp=0.jpg\",\"cost\":0,\"isGood\":0,\"isBenefit\":0,\"isNew\":0,\"sort\":1,\"params\":{},\"sliderImage\":\"http://localhost:8081/profile/upload/2020/10/16/13a7e730-3cc7-4e5e-88e8-a9c5bc7be7b5.jpg\",\"barCode\":\"\",\"isShow\":1,\"postage\":5,\"codePath\":\"http://localhost:8081/profile/upload/2020/10/16/e59664c6-a7d9-4fca-b958-b9d813657f4e.jpg\",\"soureLink\":\"\",\"cateId\":\"2\",\"merId\":0,\"ficti\":100,\"storeInfo\":\"测试简介\",\"category\":\"new\",\"isDel\":0,\"isHot\":0,\"browse\":0}', '{\"msg\":\"操作成功\",\"code\":200}', 0, NULL, '2020-10-16 14:45:08');
INSERT INTO `sys_oper_log` VALUES (485, '商品', 2, 'cn.saberking.jvav.apm.web.controller.mall.ApmStoreProductController.edit()', 'PUT', 1, 'admin', NULL, '/mall/product', '127.0.0.1', '内网IP', '{\"addTime\":1602186408000,\"otPrice\":998,\"description\":\"<p><br></p>\",\"merUse\":0,\"isPostage\":0,\"isBest\":0,\"sales\":0,\"price\":13,\"vipPrice\":0,\"storeName\":\"测试商品1\",\"id\":2,\"keyword\":\"测试\",\"stock\":0,\"image\":\"https://ss0.bdstatic.com/70cFuHSh_Q1YnxGkpoWK1HF6hhy/it/u=2443315202,3550627032&fm=26&gp=0.jpg\",\"cost\":0,\"isGood\":0,\"isBenefit\":0,\"isNew\":0,\"sort\":1,\"params\":{},\"sliderImage\":\"http://localhost:8081/profile/upload/2020/10/16/75478dab-2c74-4616-bb7f-bab8b563d104.jpg\",\"barCode\":\"\",\"isShow\":1,\"postage\":5,\"codePath\":\"http://localhost:8081/profile/upload/2020/10/16/e59664c6-a7d9-4fca-b958-b9d813657f4e.jpg\",\"soureLink\":\"\",\"cateId\":\"2\",\"merId\":0,\"ficti\":100,\"storeInfo\":\"测试简介\",\"category\":\"new\",\"isDel\":0,\"isHot\":0,\"browse\":0}', '{\"msg\":\"操作成功\",\"code\":200}', 0, NULL, '2020-10-16 14:50:53');
INSERT INTO `sys_oper_log` VALUES (486, '文件', 3, 'cn.saberking.jvav.apm.web.controller.system.SysUploadFileController.remove()', 'DELETE', 1, 'admin', NULL, '/system/file/1,2,3,5,6', '127.0.0.1', '内网IP', '{ids=1,2,3,5,6}', '{\"msg\":\"操作成功\",\"code\":200}', 0, NULL, '2020-10-16 14:53:33');
INSERT INTO `sys_oper_log` VALUES (487, '文件', 5, 'cn.saberking.jvav.apm.web.controller.system.SysUploadFileController.export()', 'GET', 1, 'admin', NULL, '/system/file/export', '127.0.0.1', '内网IP', '{}', '{\"msg\":\"a417480e-eb59-4357-9c8e-bb772b4c8a7b_file.xlsx\",\"code\":200}', 0, NULL, '2020-10-16 15:36:03');
INSERT INTO `sys_oper_log` VALUES (488, '商品', 2, 'cn.saberking.jvav.apm.web.controller.mall.ApmStoreProductController.edit()', 'PUT', 1, 'admin', NULL, '/mall/product', '127.0.0.1', '内网IP', '{\"addTime\":1602186408000,\"otPrice\":998,\"description\":\"<p><br></p>\",\"merUse\":0,\"isPostage\":0,\"isBest\":0,\"sales\":0,\"price\":13,\"vipPrice\":0,\"storeName\":\"测试商品1\",\"id\":2,\"keyword\":\"测试\",\"stock\":0,\"image\":\"https://ss0.bdstatic.com/70cFuHSh_Q1YnxGkpoWK1HF6hhy/it/u=2443315202,3550627032&fm=26&gp=0.jpg\",\"cost\":0,\"isGood\":0,\"isBenefit\":0,\"isNew\":0,\"sort\":1,\"params\":{},\"sliderImage\":\"http://localhost:8081/profile/upload/2020/10/16/75478dab-2c74-4616-bb7f-bab8b563d104.jpg\",\"barCode\":\"1234567890\",\"isShow\":1,\"postage\":5,\"codePath\":\"\",\"soureLink\":\"\",\"cateId\":\"2\",\"merId\":0,\"ficti\":100,\"storeInfo\":\"测试简介\",\"category\":\"new\",\"isDel\":0,\"isHot\":0,\"browse\":0}', '{\"msg\":\"操作成功\",\"code\":200}', 0, NULL, '2020-10-17 08:56:38');
INSERT INTO `sys_oper_log` VALUES (489, '商品', 2, 'cn.saberking.jvav.apm.web.controller.mall.ApmStoreProductController.edit()', 'PUT', 1, 'admin', NULL, '/mall/product', '127.0.0.1', '内网IP', '{\"addTime\":1602186408000,\"otPrice\":998,\"description\":\"<p><br></p>\",\"merUse\":0,\"isPostage\":0,\"isBest\":0,\"sales\":0,\"price\":13,\"vipPrice\":0,\"storeName\":\"测试商品1\",\"id\":2,\"keyword\":\"测试\",\"stock\":0,\"image\":\"https://ss0.bdstatic.com/70cFuHSh_Q1YnxGkpoWK1HF6hhy/it/u=2443315202,3550627032&fm=26&gp=0.jpg\",\"cost\":0,\"isGood\":0,\"isBenefit\":0,\"isNew\":0,\"sort\":1,\"params\":{},\"sliderImage\":\"http://localhost:8081/profile/upload/2020/10/16/75478dab-2c74-4616-bb7f-bab8b563d104.jpg\",\"barCode\":\"1234567890\",\"isShow\":1,\"postage\":5,\"codePath\":\"\",\"soureLink\":\"\",\"cateId\":\"2\",\"merId\":0,\"ficti\":100,\"storeInfo\":\"测试简介\",\"category\":\"new\",\"isDel\":0,\"isHot\":0,\"browse\":0}', '{\"msg\":\"操作成功\",\"code\":200}', 0, NULL, '2020-10-17 08:56:54');
INSERT INTO `sys_oper_log` VALUES (490, '菜单管理', 2, 'cn.saberking.jvav.apm.web.controller.system.SysMenuController.edit()', 'PUT', 1, 'admin', NULL, '/system/menu', '127.0.0.1', '内网IP', '{\"icon\":\"file-archive\",\"orderNum\":\"9\",\"menuName\":\"文件管理\",\"path\":\"file\",\"children\":[],\"updateBy\":\"admin\",\"isFrame\":\"1\",\"menuId\":1097,\"perms\":\"system:file:list\",\"visible\":\"0\",\"params\":{},\"parentId\":1,\"isCache\":\"0\",\"component\":\"system/file/index\",\"createTime\":1519833600000,\"menuType\":\"C\",\"status\":\"0\"}', '{\"msg\":\"操作成功\",\"code\":200}', 0, NULL, '2020-10-17 09:00:49');
INSERT INTO `sys_oper_log` VALUES (491, '菜单管理', 2, 'cn.saberking.jvav.apm.web.controller.system.SysMenuController.edit()', 'PUT', 1, 'admin', NULL, '/system/menu', '127.0.0.1', '内网IP', '{\"icon\":\"log\",\"orderNum\":\"10\",\"menuName\":\"日志管理\",\"path\":\"log\",\"children\":[],\"updateBy\":\"admin\",\"isFrame\":\"1\",\"menuId\":108,\"perms\":\"\",\"visible\":\"0\",\"params\":{},\"parentId\":1,\"isCache\":\"0\",\"component\":\"system/log/index\",\"createTime\":1521171180000,\"menuType\":\"M\",\"status\":\"0\"}', '{\"msg\":\"操作成功\",\"code\":200}', 0, NULL, '2020-10-17 09:00:58');
INSERT INTO `sys_oper_log` VALUES (492, '代码生成', 2, 'cn.saberking.jvav.apm.generator.controller.GenController.editSave()', 'PUT', 1, 'admin', NULL, '/tool/gen', '127.0.0.1', '内网IP', '{\"functionAuthor\":\"apm\",\"columns\":[{\"usableColumn\":false,\"columnId\":702,\"isIncrement\":\"1\",\"increment\":true,\"insert\":false,\"isList\":\"1\",\"dictType\":\"\",\"required\":false,\"superColumn\":false,\"updateBy\":\"\",\"javaField\":\"id\",\"htmlType\":\"input\",\"edit\":false,\"query\":false,\"sort\":1,\"list\":true,\"params\":{},\"javaType\":\"Integer\",\"queryType\":\"EQ\",\"columnType\":\"int(10) unsigned\",\"createBy\":\"admin\",\"isPk\":\"1\",\"createTime\":1602391102000,\"tableId\":46,\"pk\":true,\"columnName\":\"id\"},{\"usableColumn\":false,\"columnId\":703,\"isIncrement\":\"0\",\"increment\":false,\"insert\":true,\"isList\":\"1\",\"dictType\":\"\",\"required\":true,\"superColumn\":false,\"updateBy\":\"\",\"isInsert\":\"1\",\"isRequired\":\"1\",\"javaField\":\"productId\",\"htmlType\":\"input\",\"edit\":true,\"query\":true,\"columnComment\":\"商品ID\",\"isQuery\":\"1\",\"sort\":2,\"list\":true,\"params\":{},\"javaType\":\"Integer\",\"queryType\":\"EQ\",\"columnType\":\"int(10) unsigned\",\"createBy\":\"admin\",\"isPk\":\"0\",\"createTime\":1602391102000,\"isEdit\":\"1\",\"tableId\":46,\"pk\":false,\"columnName\":\"product_id\"},{\"usableColumn\":false,\"columnId\":704,\"isIncrement\":\"0\",\"increment\":false,\"insert\":true,\"isList\":\"1\",\"dictType\":\"\",\"required\":true,\"superColumn\":false,\"updateBy\":\"\",\"isInsert\":\"1\",\"isRequired\":\"1\",\"javaField\":\"attrName\",\"htmlType\":\"input\",\"edit\":true,\"query\":true,\"columnComment\":\"属性名\",\"isQuery\":\"1\",\"sort\":3,\"list\":true,\"params\":{},\"javaType\":\"String\",\"queryType\":\"LIKE\",\"columnType\":\"varchar(32)\",\"createBy\":\"admin\",\"isPk\":\"0\",\"createTime\":1602391102000,\"isEdit\":\"1\",\"tableId\":46,\"pk\":false,\"columnName\":\"attr_name\"},{\"usableColumn\":false,\"columnId\":705,\"isIncrement\":\"0\",\"increment\":false,\"insert\":true,\"isList\":\"1\",\"dictType\":\"\",\"required\":true,\"superColumn\":false,\"updateBy\":\"\",\"isInsert\":\"1\",\"isRequired\":\"1\",\"javaField\":\"attrValues\",\"htmlType\":\"textarea\",\"edit\":true,\"query\":false,\"columnComment\":\"属性值\",\"sort\":4,\"list\":true,\"params\":{},\"javaType\":\"String\",\"queryType\":\"EQ\",\"columnType\":\"varchar(256)\",\"createBy\":\"admin\",\"isPk\":\"0\",\"createTime\":1602391102000,\"isEdit\":\"1\",\"tableId\":46,\"pk\":false,\"columnNa', '{\"msg\":\"操作成功\",\"code\":200}', 0, NULL, '2020-10-17 09:21:58');
INSERT INTO `sys_oper_log` VALUES (493, '代码生成', 2, 'cn.saberking.jvav.apm.generator.controller.GenController.editSave()', 'PUT', 1, 'admin', NULL, '/tool/gen', '127.0.0.1', '内网IP', '{\"functionAuthor\":\"apm\",\"columns\":[{\"usableColumn\":false,\"columnId\":702,\"isIncrement\":\"1\",\"increment\":true,\"insert\":false,\"isList\":\"1\",\"dictType\":\"\",\"required\":false,\"superColumn\":false,\"updateBy\":\"\",\"javaField\":\"id\",\"htmlType\":\"input\",\"edit\":false,\"query\":false,\"updateTime\":1602897717000,\"sort\":1,\"list\":true,\"params\":{},\"javaType\":\"Integer\",\"queryType\":\"EQ\",\"columnType\":\"int(10) unsigned\",\"createBy\":\"admin\",\"isPk\":\"1\",\"createTime\":1602391102000,\"tableId\":46,\"pk\":true,\"columnName\":\"id\"},{\"usableColumn\":false,\"columnId\":703,\"isIncrement\":\"0\",\"increment\":false,\"insert\":true,\"isList\":\"1\",\"dictType\":\"\",\"required\":true,\"superColumn\":false,\"updateBy\":\"\",\"isInsert\":\"1\",\"isRequired\":\"1\",\"javaField\":\"productId\",\"htmlType\":\"input\",\"edit\":true,\"query\":true,\"columnComment\":\"商品ID\",\"isQuery\":\"1\",\"updateTime\":1602897717000,\"sort\":2,\"list\":true,\"params\":{},\"javaType\":\"Integer\",\"queryType\":\"EQ\",\"columnType\":\"int(10) unsigned\",\"createBy\":\"admin\",\"isPk\":\"0\",\"createTime\":1602391102000,\"isEdit\":\"1\",\"tableId\":46,\"pk\":false,\"columnName\":\"product_id\"},{\"usableColumn\":false,\"columnId\":704,\"isIncrement\":\"0\",\"increment\":false,\"insert\":true,\"isList\":\"1\",\"dictType\":\"\",\"required\":true,\"superColumn\":false,\"updateBy\":\"\",\"isInsert\":\"1\",\"isRequired\":\"1\",\"javaField\":\"attrName\",\"htmlType\":\"input\",\"edit\":true,\"query\":true,\"columnComment\":\"属性名\",\"isQuery\":\"1\",\"updateTime\":1602897717000,\"sort\":3,\"list\":true,\"params\":{},\"javaType\":\"String\",\"queryType\":\"LIKE\",\"columnType\":\"varchar(32)\",\"createBy\":\"admin\",\"isPk\":\"0\",\"createTime\":1602391102000,\"isEdit\":\"1\",\"tableId\":46,\"pk\":false,\"columnName\":\"attr_name\"},{\"usableColumn\":false,\"columnId\":705,\"isIncrement\":\"0\",\"increment\":false,\"insert\":true,\"isList\":\"1\",\"dictType\":\"\",\"required\":true,\"superColumn\":false,\"updateBy\":\"\",\"isInsert\":\"1\",\"isRequired\":\"1\",\"javaField\":\"attrValues\",\"htmlType\":\"textarea\",\"edit\":true,\"query\":false,\"columnComment\":\"属性值\",\"updateTime\":1602897717000,\"sort\":4,\"list\":true,\"params\":{},\"javaType\":\"String\",\"queryType\":\"EQ\",\"columnType\":\"varchar(2', '{\"msg\":\"操作成功\",\"code\":200}', 0, NULL, '2020-10-17 10:44:18');
INSERT INTO `sys_oper_log` VALUES (494, '菜单管理', 3, 'cn.saberking.jvav.apm.web.controller.system.SysMenuController.remove()', 'DELETE', 1, 'admin', NULL, '/system/menu/1091', '127.0.0.1', '内网IP', '{menuId=1091}', '{\"msg\":\"操作成功\",\"code\":200}', 0, NULL, '2020-10-17 10:44:52');
INSERT INTO `sys_oper_log` VALUES (495, '菜单管理', 3, 'cn.saberking.jvav.apm.web.controller.system.SysMenuController.remove()', 'DELETE', 1, 'admin', NULL, '/system/menu/1092', '127.0.0.1', '内网IP', '{menuId=1092}', '{\"msg\":\"操作成功\",\"code\":200}', 0, NULL, '2020-10-17 10:44:54');
INSERT INTO `sys_oper_log` VALUES (496, '菜单管理', 3, 'cn.saberking.jvav.apm.web.controller.system.SysMenuController.remove()', 'DELETE', 1, 'admin', NULL, '/system/menu/1093', '127.0.0.1', '内网IP', '{menuId=1093}', '{\"msg\":\"操作成功\",\"code\":200}', 0, NULL, '2020-10-17 10:44:57');
INSERT INTO `sys_oper_log` VALUES (497, '菜单管理', 3, 'cn.saberking.jvav.apm.web.controller.system.SysMenuController.remove()', 'DELETE', 1, 'admin', NULL, '/system/menu/1094', '127.0.0.1', '内网IP', '{menuId=1094}', '{\"msg\":\"操作成功\",\"code\":200}', 0, NULL, '2020-10-17 10:45:00');
INSERT INTO `sys_oper_log` VALUES (498, '菜单管理', 3, 'cn.saberking.jvav.apm.web.controller.system.SysMenuController.remove()', 'DELETE', 1, 'admin', NULL, '/system/menu/1095', '127.0.0.1', '内网IP', '{menuId=1095}', '{\"msg\":\"操作成功\",\"code\":200}', 0, NULL, '2020-10-17 10:45:03');
INSERT INTO `sys_oper_log` VALUES (499, '菜单管理', 2, 'cn.saberking.jvav.apm.web.controller.system.SysMenuController.edit()', 'PUT', 1, 'admin', NULL, '/system/menu', '127.0.0.1', '内网IP', '{\"icon\":\"list-ul\",\"orderNum\":\"2\",\"menuName\":\"属性管理\",\"path\":\"attrs\",\"children\":[],\"updateBy\":\"admin\",\"isFrame\":\"1\",\"menuId\":1090,\"perms\":\"mall:attr:list\",\"visible\":\"0\",\"params\":{},\"parentId\":1096,\"isCache\":\"0\",\"component\":\"mall/product/attrs/index\",\"createTime\":1519833600000,\"menuType\":\"M\",\"status\":\"0\"}', '{\"msg\":\"操作成功\",\"code\":200}', 0, NULL, '2020-10-17 10:45:52');
INSERT INTO `sys_oper_log` VALUES (500, '菜单管理', 2, 'cn.saberking.jvav.apm.web.controller.system.SysMenuController.edit()', 'PUT', 1, 'admin', NULL, '/system/menu', '127.0.0.1', '内网IP', '{\"icon\":\"list-ul\",\"orderNum\":\"2\",\"menuName\":\"属性管理\",\"path\":\"attr\",\"children\":[],\"updateBy\":\"admin\",\"isFrame\":\"1\",\"menuId\":1090,\"perms\":\"mall:attr:list\",\"visible\":\"0\",\"params\":{},\"parentId\":1096,\"isCache\":\"0\",\"component\":\"mall/product/attrs/index\",\"createTime\":1519833600000,\"menuType\":\"M\",\"status\":\"0\"}', '{\"msg\":\"操作成功\",\"code\":200}', 0, NULL, '2020-10-17 10:46:39');
INSERT INTO `sys_oper_log` VALUES (501, '菜单管理', 2, 'cn.saberking.jvav.apm.web.controller.system.SysMenuController.edit()', 'PUT', 1, 'admin', NULL, '/system/menu', '127.0.0.1', '内网IP', '{\"icon\":\"list-ul\",\"orderNum\":\"2\",\"menuName\":\"属性管理\",\"path\":\"attr\",\"children\":[],\"updateBy\":\"admin\",\"isFrame\":\"1\",\"menuId\":1090,\"perms\":\"\",\"visible\":\"0\",\"params\":{},\"parentId\":1096,\"isCache\":\"0\",\"component\":\"mall/product/attrs/index\",\"createTime\":1519833600000,\"menuType\":\"M\",\"status\":\"0\"}', '{\"msg\":\"操作成功\",\"code\":200}', 0, NULL, '2020-10-17 10:47:02');
INSERT INTO `sys_oper_log` VALUES (502, '订单购物详情', 5, 'cn.saberking.jvav.apm.web.controller.mall.ApmStoreOrderCartInfoController.export()', 'GET', 1, 'admin', NULL, '/mall/info/export', '127.0.0.1', '内网IP', '{}', '{\"msg\":\"d9b19cfc-2d6a-4517-95d8-11017cc0105d_info.xlsx\",\"code\":200}', 0, NULL, '2020-10-17 11:31:05');
INSERT INTO `sys_oper_log` VALUES (503, '代码生成', 2, 'cn.saberking.jvav.apm.generator.controller.GenController.editSave()', 'PUT', 1, 'admin', NULL, '/tool/gen', '127.0.0.1', '内网IP', '{\"functionAuthor\":\"apm\",\"columns\":[{\"usableColumn\":false,\"columnId\":702,\"isIncrement\":\"1\",\"increment\":true,\"insert\":false,\"isList\":\"1\",\"dictType\":\"\",\"required\":false,\"superColumn\":false,\"updateBy\":\"\",\"javaField\":\"id\",\"htmlType\":\"input\",\"edit\":false,\"query\":false,\"updateTime\":1602902658000,\"sort\":1,\"list\":true,\"params\":{},\"javaType\":\"Integer\",\"queryType\":\"EQ\",\"columnType\":\"int(10) unsigned\",\"createBy\":\"admin\",\"isPk\":\"1\",\"createTime\":1602391102000,\"tableId\":46,\"pk\":true,\"columnName\":\"id\"},{\"usableColumn\":false,\"columnId\":703,\"isIncrement\":\"0\",\"increment\":false,\"insert\":true,\"isList\":\"1\",\"dictType\":\"\",\"required\":true,\"superColumn\":false,\"updateBy\":\"\",\"isInsert\":\"1\",\"isRequired\":\"1\",\"javaField\":\"productId\",\"htmlType\":\"input\",\"edit\":true,\"query\":true,\"columnComment\":\"商品ID\",\"isQuery\":\"1\",\"updateTime\":1602902658000,\"sort\":2,\"list\":true,\"params\":{},\"javaType\":\"Integer\",\"queryType\":\"EQ\",\"columnType\":\"int(10) unsigned\",\"createBy\":\"admin\",\"isPk\":\"0\",\"createTime\":1602391102000,\"isEdit\":\"1\",\"tableId\":46,\"pk\":false,\"columnName\":\"product_id\"},{\"usableColumn\":false,\"columnId\":704,\"isIncrement\":\"0\",\"increment\":false,\"insert\":true,\"isList\":\"1\",\"dictType\":\"\",\"required\":true,\"superColumn\":false,\"updateBy\":\"\",\"isInsert\":\"1\",\"isRequired\":\"1\",\"javaField\":\"attrName\",\"htmlType\":\"input\",\"edit\":true,\"query\":true,\"columnComment\":\"属性名\",\"isQuery\":\"1\",\"updateTime\":1602902658000,\"sort\":3,\"list\":true,\"params\":{},\"javaType\":\"String\",\"queryType\":\"LIKE\",\"columnType\":\"varchar(32)\",\"createBy\":\"admin\",\"isPk\":\"0\",\"createTime\":1602391102000,\"isEdit\":\"1\",\"tableId\":46,\"pk\":false,\"columnName\":\"attr_name\"},{\"usableColumn\":false,\"columnId\":705,\"isIncrement\":\"0\",\"increment\":false,\"insert\":true,\"isList\":\"1\",\"dictType\":\"\",\"required\":true,\"superColumn\":false,\"updateBy\":\"\",\"isInsert\":\"1\",\"isRequired\":\"1\",\"javaField\":\"attrValues\",\"htmlType\":\"textarea\",\"edit\":true,\"query\":false,\"columnComment\":\"属性值\",\"updateTime\":1602902658000,\"sort\":4,\"list\":true,\"params\":{},\"javaType\":\"String\",\"queryType\":\"EQ\",\"columnType\":\"varchar(2', '{\"msg\":\"操作成功\",\"code\":200}', 0, NULL, '2020-10-17 11:35:35');
INSERT INTO `sys_oper_log` VALUES (504, '代码生成', 8, 'cn.saberking.jvav.apm.generator.controller.GenController.batchGenCode()', 'GET', 1, 'admin', NULL, '/tool/gen/batchGenCode', '127.0.0.1', '内网IP', '{}', 'null', 0, NULL, '2020-10-17 11:35:48');
INSERT INTO `sys_oper_log` VALUES (505, '代码生成', 8, 'cn.saberking.jvav.apm.generator.controller.GenController.batchGenCode()', 'GET', 1, 'admin', NULL, '/tool/gen/batchGenCode', '127.0.0.1', '内网IP', '{}', 'null', 0, NULL, '2020-10-17 11:36:52');
INSERT INTO `sys_oper_log` VALUES (506, '代码生成', 2, 'cn.saberking.jvav.apm.generator.controller.GenController.editSave()', 'PUT', 1, 'admin', NULL, '/tool/gen', '127.0.0.1', '内网IP', '{\"functionAuthor\":\"apm\",\"columns\":[{\"usableColumn\":false,\"columnId\":702,\"isIncrement\":\"1\",\"increment\":true,\"insert\":false,\"isList\":\"1\",\"dictType\":\"\",\"required\":false,\"superColumn\":false,\"updateBy\":\"\",\"javaField\":\"id\",\"htmlType\":\"input\",\"edit\":false,\"query\":false,\"updateTime\":1602905735000,\"sort\":1,\"list\":true,\"params\":{},\"javaType\":\"Integer\",\"queryType\":\"EQ\",\"columnType\":\"int(10) unsigned\",\"createBy\":\"admin\",\"isPk\":\"1\",\"createTime\":1602391102000,\"tableId\":46,\"pk\":true,\"columnName\":\"id\"},{\"usableColumn\":false,\"columnId\":703,\"isIncrement\":\"0\",\"increment\":false,\"insert\":true,\"isList\":\"1\",\"dictType\":\"\",\"required\":true,\"superColumn\":false,\"updateBy\":\"\",\"isInsert\":\"1\",\"isRequired\":\"1\",\"javaField\":\"productId\",\"htmlType\":\"input\",\"edit\":true,\"query\":true,\"columnComment\":\"商品ID\",\"isQuery\":\"1\",\"updateTime\":1602905735000,\"sort\":2,\"list\":true,\"params\":{},\"javaType\":\"Integer\",\"queryType\":\"EQ\",\"columnType\":\"int(10) unsigned\",\"createBy\":\"admin\",\"isPk\":\"0\",\"createTime\":1602391102000,\"isEdit\":\"1\",\"tableId\":46,\"pk\":false,\"columnName\":\"product_id\"},{\"usableColumn\":false,\"columnId\":704,\"isIncrement\":\"0\",\"increment\":false,\"insert\":true,\"isList\":\"1\",\"dictType\":\"\",\"required\":true,\"superColumn\":false,\"updateBy\":\"\",\"isInsert\":\"1\",\"isRequired\":\"1\",\"javaField\":\"attrName\",\"htmlType\":\"input\",\"edit\":true,\"query\":true,\"columnComment\":\"属性名\",\"isQuery\":\"1\",\"updateTime\":1602905735000,\"sort\":3,\"list\":true,\"params\":{},\"javaType\":\"String\",\"queryType\":\"LIKE\",\"columnType\":\"varchar(32)\",\"createBy\":\"admin\",\"isPk\":\"0\",\"createTime\":1602391102000,\"isEdit\":\"1\",\"tableId\":46,\"pk\":false,\"columnName\":\"attr_name\"},{\"usableColumn\":false,\"columnId\":705,\"isIncrement\":\"0\",\"increment\":false,\"insert\":true,\"isList\":\"1\",\"dictType\":\"\",\"required\":true,\"superColumn\":false,\"updateBy\":\"\",\"isInsert\":\"1\",\"isRequired\":\"1\",\"javaField\":\"attrValues\",\"htmlType\":\"textarea\",\"edit\":true,\"query\":false,\"columnComment\":\"属性值\",\"updateTime\":1602905735000,\"sort\":4,\"list\":true,\"params\":{},\"javaType\":\"String\",\"queryType\":\"EQ\",\"columnType\":\"varchar(2', '{\"msg\":\"操作成功\",\"code\":200}', 0, NULL, '2020-10-17 11:53:10');
INSERT INTO `sys_oper_log` VALUES (507, '菜单管理', 2, 'cn.saberking.jvav.apm.web.controller.system.SysMenuController.edit()', 'PUT', 1, 'admin', NULL, '/system/menu', '127.0.0.1', '内网IP', '{\"icon\":\"#\",\"orderNum\":\"1\",\"menuName\":\"商品属性\",\"path\":\"list\",\"children\":[],\"updateBy\":\"admin\",\"isFrame\":\"1\",\"menuId\":1093,\"perms\":\"mall:attr:list\",\"visible\":\"0\",\"params\":{},\"parentId\":1085,\"isCache\":\"0\",\"component\":\"mall/product/attr/index\",\"createTime\":1519833600000,\"menuType\":\"C\",\"status\":\"0\"}', '{\"msg\":\"操作成功\",\"code\":200}', 0, NULL, '2020-10-17 11:57:32');
INSERT INTO `sys_oper_log` VALUES (508, '菜单管理', 2, 'cn.saberking.jvav.apm.web.controller.system.SysMenuController.edit()', 'PUT', 1, 'admin', NULL, '/system/menu', '127.0.0.1', '内网IP', '{\"icon\":\"#\",\"orderNum\":\"1\",\"menuName\":\"属性\",\"path\":\"list\",\"children\":[],\"updateBy\":\"admin\",\"isFrame\":\"1\",\"menuId\":1093,\"perms\":\"mall:attr:list\",\"visible\":\"0\",\"params\":{},\"parentId\":1085,\"isCache\":\"0\",\"component\":\"mall/product/attr/index\",\"createTime\":1519833600000,\"menuType\":\"C\",\"status\":\"0\"}', '{\"msg\":\"操作成功\",\"code\":200}', 0, NULL, '2020-10-17 11:58:49');
INSERT INTO `sys_oper_log` VALUES (509, '菜单管理', 2, 'cn.saberking.jvav.apm.web.controller.system.SysMenuController.edit()', 'PUT', 1, 'admin', NULL, '/system/menu', '127.0.0.1', '内网IP', '{\"icon\":\"list-ul\",\"orderNum\":\"2\",\"menuName\":\"属性管理\",\"path\":\"attrs\",\"children\":[],\"isFrame\":\"1\",\"menuId\":1093,\"perms\":\"mall:attr:list\",\"visible\":\"0\",\"params\":{},\"parentId\":1092,\"isCache\":\"0\",\"component\":\"mall/product/attr/index\",\"createTime\":1519833600000,\"menuType\":\"C\",\"status\":\"0\"}', '{\"msg\":\"修改菜单\'属性管理\'失败，菜单名称已存在\",\"code\":500}', 0, NULL, '2020-10-17 12:01:26');
INSERT INTO `sys_oper_log` VALUES (510, '菜单管理', 2, 'cn.saberking.jvav.apm.web.controller.system.SysMenuController.edit()', 'PUT', 1, 'admin', NULL, '/system/menu', '127.0.0.1', '内网IP', '{\"icon\":\"list-ul\",\"orderNum\":\"2\",\"menuName\":\"属性\",\"path\":\"attrs\",\"children\":[],\"updateBy\":\"admin\",\"isFrame\":\"1\",\"menuId\":1093,\"perms\":\"mall:attr:list\",\"visible\":\"0\",\"params\":{},\"parentId\":1092,\"isCache\":\"0\",\"component\":\"mall/product/attr/index\",\"createTime\":1519833600000,\"menuType\":\"C\",\"status\":\"0\"}', '{\"msg\":\"操作成功\",\"code\":200}', 0, NULL, '2020-10-17 12:01:34');
INSERT INTO `sys_oper_log` VALUES (511, '菜单管理', 3, 'cn.saberking.jvav.apm.web.controller.system.SysMenuController.remove()', 'DELETE', 1, 'admin', NULL, '/system/menu/1085', '127.0.0.1', '内网IP', '{menuId=1085}', '{\"msg\":\"操作成功\",\"code\":200}', 0, NULL, '2020-10-17 12:01:46');
INSERT INTO `sys_oper_log` VALUES (512, '菜单管理', 2, 'cn.saberking.jvav.apm.web.controller.system.SysMenuController.edit()', 'PUT', 1, 'admin', NULL, '/system/menu', '127.0.0.1', '内网IP', '{\"icon\":\"list-ul\",\"orderNum\":\"2\",\"menuName\":\"属性管理\",\"path\":\"attrs\",\"children\":[],\"updateBy\":\"admin\",\"isFrame\":\"1\",\"menuId\":1093,\"perms\":\"mall:attr:list\",\"visible\":\"0\",\"params\":{},\"parentId\":1092,\"isCache\":\"0\",\"component\":\"mall/product/attr/index\",\"createTime\":1519833600000,\"menuType\":\"C\",\"status\":\"0\"}', '{\"msg\":\"操作成功\",\"code\":200}', 0, NULL, '2020-10-17 12:01:59');
INSERT INTO `sys_oper_log` VALUES (513, '代码生成', 2, 'cn.saberking.jvav.apm.generator.controller.GenController.editSave()', 'PUT', 1, 'admin', NULL, '/tool/gen', '127.0.0.1', '内网IP', '{\"functionAuthor\":\"apm\",\"columns\":[{\"usableColumn\":false,\"columnId\":706,\"isIncrement\":\"1\",\"increment\":true,\"insert\":false,\"dictType\":\"\",\"required\":false,\"superColumn\":false,\"updateBy\":\"\",\"javaField\":\"id\",\"htmlType\":\"input\",\"edit\":false,\"query\":false,\"sort\":1,\"list\":false,\"params\":{},\"javaType\":\"Integer\",\"queryType\":\"EQ\",\"columnType\":\"int(10) unsigned\",\"createBy\":\"admin\",\"isPk\":\"1\",\"createTime\":1602391248000,\"tableId\":47,\"pk\":true,\"columnName\":\"id\"},{\"usableColumn\":false,\"columnId\":707,\"isIncrement\":\"0\",\"increment\":false,\"insert\":true,\"isList\":\"1\",\"dictType\":\"\",\"required\":true,\"superColumn\":false,\"updateBy\":\"\",\"isInsert\":\"1\",\"isRequired\":\"1\",\"javaField\":\"productId\",\"htmlType\":\"input\",\"edit\":true,\"query\":true,\"columnComment\":\"商品ID\",\"isQuery\":\"1\",\"sort\":2,\"list\":true,\"params\":{},\"javaType\":\"Integer\",\"queryType\":\"EQ\",\"columnType\":\"int(10) unsigned\",\"createBy\":\"admin\",\"isPk\":\"0\",\"createTime\":1602391248000,\"isEdit\":\"1\",\"tableId\":47,\"pk\":false,\"columnName\":\"product_id\"},{\"usableColumn\":false,\"columnId\":708,\"isIncrement\":\"0\",\"increment\":false,\"insert\":true,\"isList\":\"1\",\"dictType\":\"\",\"required\":true,\"superColumn\":false,\"updateBy\":\"\",\"isInsert\":\"1\",\"isRequired\":\"1\",\"javaField\":\"suk\",\"htmlType\":\"input\",\"edit\":true,\"query\":false,\"columnComment\":\"属性值组合\",\"sort\":3,\"list\":true,\"params\":{},\"javaType\":\"String\",\"queryType\":\"EQ\",\"columnType\":\"varchar(128)\",\"createBy\":\"admin\",\"isPk\":\"0\",\"createTime\":1602391248000,\"isEdit\":\"1\",\"tableId\":47,\"pk\":false,\"columnName\":\"suk\"},{\"usableColumn\":false,\"columnId\":709,\"isIncrement\":\"0\",\"increment\":false,\"insert\":true,\"isList\":\"1\",\"dictType\":\"\",\"required\":true,\"superColumn\":false,\"updateBy\":\"\",\"isInsert\":\"1\",\"isRequired\":\"1\",\"javaField\":\"stock\",\"htmlType\":\"input\",\"edit\":true,\"query\":true,\"columnComment\":\"库存\",\"isQuery\":\"1\",\"sort\":4,\"list\":true,\"params\":{},\"javaType\":\"Integer\",\"queryType\":\"BETWEEN\",\"columnType\":\"int(10) unsigned\",\"createBy\":\"admin\",\"isPk\":\"0\",\"createTime\":1602391248000,\"isEdit\":\"1\",\"tableId\":47,\"pk\":false,\"columnName\":\"stock\"},{\"usable', '{\"msg\":\"操作成功\",\"code\":200}', 0, NULL, '2020-10-17 14:40:04');
INSERT INTO `sys_oper_log` VALUES (514, '代码生成', 2, 'cn.saberking.jvav.apm.generator.controller.GenController.editSave()', 'PUT', 1, 'admin', NULL, '/tool/gen', '127.0.0.1', '内网IP', '{\"functionAuthor\":\"apm\",\"columns\":[{\"usableColumn\":false,\"columnId\":706,\"isIncrement\":\"1\",\"increment\":true,\"insert\":false,\"dictType\":\"\",\"required\":false,\"superColumn\":false,\"updateBy\":\"\",\"javaField\":\"id\",\"htmlType\":\"input\",\"edit\":false,\"query\":false,\"updateTime\":1602916804000,\"sort\":1,\"list\":false,\"params\":{},\"javaType\":\"Integer\",\"queryType\":\"EQ\",\"columnType\":\"int(10) unsigned\",\"createBy\":\"admin\",\"isPk\":\"1\",\"createTime\":1602391248000,\"tableId\":47,\"pk\":true,\"columnName\":\"id\"},{\"usableColumn\":false,\"columnId\":707,\"isIncrement\":\"0\",\"increment\":false,\"insert\":true,\"isList\":\"1\",\"dictType\":\"\",\"required\":true,\"superColumn\":false,\"updateBy\":\"\",\"isInsert\":\"1\",\"isRequired\":\"1\",\"javaField\":\"productId\",\"htmlType\":\"input\",\"edit\":true,\"query\":true,\"columnComment\":\"商品ID\",\"isQuery\":\"1\",\"updateTime\":1602916804000,\"sort\":2,\"list\":true,\"params\":{},\"javaType\":\"Integer\",\"queryType\":\"EQ\",\"columnType\":\"int(10) unsigned\",\"createBy\":\"admin\",\"isPk\":\"0\",\"createTime\":1602391248000,\"isEdit\":\"1\",\"tableId\":47,\"pk\":false,\"columnName\":\"product_id\"},{\"usableColumn\":false,\"columnId\":708,\"isIncrement\":\"0\",\"increment\":false,\"insert\":true,\"isList\":\"1\",\"dictType\":\"\",\"required\":true,\"superColumn\":false,\"updateBy\":\"\",\"isInsert\":\"1\",\"isRequired\":\"1\",\"javaField\":\"suk\",\"htmlType\":\"input\",\"edit\":true,\"query\":false,\"columnComment\":\"属性值组合\",\"updateTime\":1602916804000,\"sort\":3,\"list\":true,\"params\":{},\"javaType\":\"String\",\"queryType\":\"EQ\",\"columnType\":\"varchar(128)\",\"createBy\":\"admin\",\"isPk\":\"0\",\"createTime\":1602391248000,\"isEdit\":\"1\",\"tableId\":47,\"pk\":false,\"columnName\":\"suk\"},{\"usableColumn\":false,\"columnId\":709,\"isIncrement\":\"0\",\"increment\":false,\"insert\":true,\"isList\":\"1\",\"dictType\":\"\",\"required\":true,\"superColumn\":false,\"updateBy\":\"\",\"isInsert\":\"1\",\"isRequired\":\"1\",\"javaField\":\"stock\",\"htmlType\":\"input\",\"edit\":true,\"query\":true,\"columnComment\":\"库存\",\"isQuery\":\"1\",\"updateTime\":1602916804000,\"sort\":4,\"list\":true,\"params\":{},\"javaType\":\"Integer\",\"queryType\":\"BETWEEN\",\"columnType\":\"int(10) unsigned\",\"createBy\":\"admi', '{\"msg\":\"操作成功\",\"code\":200}', 0, NULL, '2020-10-17 14:41:18');
INSERT INTO `sys_oper_log` VALUES (515, '代码生成', 8, 'cn.saberking.jvav.apm.generator.controller.GenController.batchGenCode()', 'GET', 1, 'admin', NULL, '/tool/gen/batchGenCode', '127.0.0.1', '内网IP', '{}', 'null', 0, NULL, '2020-10-17 14:41:23');
INSERT INTO `sys_oper_log` VALUES (516, '代码生成', 2, 'cn.saberking.jvav.apm.generator.controller.GenController.editSave()', 'PUT', 1, 'admin', NULL, '/tool/gen', '127.0.0.1', '内网IP', '{\"functionAuthor\":\"apm\",\"columns\":[{\"usableColumn\":false,\"columnId\":706,\"isIncrement\":\"1\",\"increment\":true,\"insert\":false,\"dictType\":\"\",\"required\":false,\"superColumn\":false,\"updateBy\":\"\",\"javaField\":\"id\",\"htmlType\":\"input\",\"edit\":false,\"query\":false,\"updateTime\":1602916878000,\"sort\":1,\"list\":false,\"params\":{},\"javaType\":\"Integer\",\"queryType\":\"EQ\",\"columnType\":\"int(10) unsigned\",\"createBy\":\"admin\",\"isPk\":\"1\",\"createTime\":1602391248000,\"tableId\":47,\"pk\":true,\"columnName\":\"id\"},{\"usableColumn\":false,\"columnId\":707,\"isIncrement\":\"0\",\"increment\":false,\"insert\":true,\"isList\":\"1\",\"dictType\":\"\",\"required\":true,\"superColumn\":false,\"updateBy\":\"\",\"isInsert\":\"1\",\"isRequired\":\"1\",\"javaField\":\"productId\",\"htmlType\":\"input\",\"edit\":true,\"query\":true,\"columnComment\":\"商品ID\",\"isQuery\":\"1\",\"updateTime\":1602916878000,\"sort\":2,\"list\":true,\"params\":{},\"javaType\":\"Integer\",\"queryType\":\"EQ\",\"columnType\":\"int(10) unsigned\",\"createBy\":\"admin\",\"isPk\":\"0\",\"createTime\":1602391248000,\"isEdit\":\"1\",\"tableId\":47,\"pk\":false,\"columnName\":\"product_id\"},{\"usableColumn\":false,\"columnId\":708,\"isIncrement\":\"0\",\"increment\":false,\"insert\":true,\"isList\":\"1\",\"dictType\":\"\",\"required\":true,\"superColumn\":false,\"updateBy\":\"\",\"isInsert\":\"1\",\"isRequired\":\"1\",\"javaField\":\"suk\",\"htmlType\":\"input\",\"edit\":true,\"query\":false,\"columnComment\":\"属性值组合\",\"updateTime\":1602916878000,\"sort\":3,\"list\":true,\"params\":{},\"javaType\":\"String\",\"queryType\":\"EQ\",\"columnType\":\"varchar(128)\",\"createBy\":\"admin\",\"isPk\":\"0\",\"createTime\":1602391248000,\"isEdit\":\"1\",\"tableId\":47,\"pk\":false,\"columnName\":\"suk\"},{\"usableColumn\":false,\"columnId\":709,\"isIncrement\":\"0\",\"increment\":false,\"insert\":true,\"isList\":\"1\",\"dictType\":\"\",\"required\":true,\"superColumn\":false,\"updateBy\":\"\",\"isInsert\":\"1\",\"isRequired\":\"1\",\"javaField\":\"stock\",\"htmlType\":\"input\",\"edit\":true,\"query\":true,\"columnComment\":\"库存\",\"isQuery\":\"1\",\"updateTime\":1602916878000,\"sort\":4,\"list\":true,\"params\":{},\"javaType\":\"Integer\",\"queryType\":\"BETWEEN\",\"columnType\":\"int(10) unsigned\",\"createBy\":\"admi', '{\"msg\":\"操作成功\",\"code\":200}', 0, NULL, '2020-10-17 14:46:47');
INSERT INTO `sys_oper_log` VALUES (517, '菜单管理', 2, 'cn.saberking.jvav.apm.web.controller.system.SysMenuController.edit()', 'PUT', 1, 'admin', NULL, '/system/menu', '127.0.0.1', '内网IP', '{\"icon\":\"list-ol\",\"orderNum\":\"3\",\"menuName\":\"属性组合\",\"path\":\"value\",\"children\":[],\"updateBy\":\"admin\",\"isFrame\":\"1\",\"menuId\":1098,\"perms\":\"mall:value:list\",\"visible\":\"0\",\"params\":{},\"parentId\":1085,\"isCache\":\"0\",\"component\":\"mall/product/value/index\",\"createTime\":1519833600000,\"menuType\":\"C\",\"status\":\"0\"}', '{\"msg\":\"操作成功\",\"code\":200}', 0, NULL, '2020-10-17 15:00:27');

-- ----------------------------
-- Table structure for sys_post
-- ----------------------------
DROP TABLE IF EXISTS `sys_post`;
CREATE TABLE `sys_post`  (
  `post_id` bigint(20) NOT NULL AUTO_INCREMENT COMMENT '岗位ID',
  `post_code` varchar(64) CHARACTER SET utf8mb4 COLLATE utf8mb4_general_ci NOT NULL COMMENT '岗位编码',
  `post_name` varchar(50) CHARACTER SET utf8mb4 COLLATE utf8mb4_general_ci NOT NULL COMMENT '岗位名称',
  `post_sort` int(4) NOT NULL COMMENT '显示顺序',
  `status` char(1) CHARACTER SET utf8mb4 COLLATE utf8mb4_general_ci NOT NULL COMMENT '状态（0正常 1停用）',
  `create_by` varchar(64) CHARACTER SET utf8mb4 COLLATE utf8mb4_general_ci NULL DEFAULT '' COMMENT '创建者',
  `create_time` datetime(0) NULL DEFAULT NULL COMMENT '创建时间',
  `update_by` varchar(64) CHARACTER SET utf8mb4 COLLATE utf8mb4_general_ci NULL DEFAULT '' COMMENT '更新者',
  `update_time` datetime(0) NULL DEFAULT NULL COMMENT '更新时间',
  `remark` varchar(500) CHARACTER SET utf8mb4 COLLATE utf8mb4_general_ci NULL DEFAULT NULL COMMENT '备注',
  PRIMARY KEY (`post_id`) USING BTREE
) ENGINE = InnoDB AUTO_INCREMENT = 5 CHARACTER SET = utf8mb4 COLLATE = utf8mb4_general_ci COMMENT = '岗位信息表' ROW_FORMAT = Dynamic;

-- ----------------------------
-- Records of sys_post
-- ----------------------------
INSERT INTO `sys_post` VALUES (1, 'ceo', '董事长', 1, '0', 'admin', '2018-03-16 11:33:00', 'ry', '2018-03-16 11:33:00', '');
INSERT INTO `sys_post` VALUES (2, 'se', '项目经理', 2, '0', 'admin', '2018-03-16 11:33:00', 'ry', '2018-03-16 11:33:00', '');
INSERT INTO `sys_post` VALUES (3, 'hr', '人力资源', 3, '0', 'admin', '2018-03-16 11:33:00', 'ry', '2018-03-16 11:33:00', '');
INSERT INTO `sys_post` VALUES (4, 'user', '普通员工', 4, '0', 'admin', '2018-03-16 11:33:00', 'ry', '2018-03-16 11:33:00', '');

-- ----------------------------
-- Table structure for sys_role
-- ----------------------------
DROP TABLE IF EXISTS `sys_role`;
CREATE TABLE `sys_role`  (
  `role_id` bigint(20) NOT NULL AUTO_INCREMENT COMMENT '角色ID',
  `role_name` varchar(30) CHARACTER SET utf8mb4 COLLATE utf8mb4_general_ci NOT NULL COMMENT '角色名称',
  `role_key` varchar(100) CHARACTER SET utf8mb4 COLLATE utf8mb4_general_ci NOT NULL COMMENT '角色权限字符串',
  `role_sort` int(4) NOT NULL COMMENT '显示顺序',
  `data_scope` char(1) CHARACTER SET utf8mb4 COLLATE utf8mb4_general_ci NULL DEFAULT '1' COMMENT '数据范围（1：全部数据权限 2：自定数据权限 3：本部门数据权限 4：本部门及以下数据权限）',
  `menu_check_strictly` tinyint(1) NULL DEFAULT 1 COMMENT '菜单树选择项是否关联显示',
  `dept_check_strictly` tinyint(1) NULL DEFAULT 1 COMMENT '部门树选择项是否关联显示',
  `status` char(1) CHARACTER SET utf8mb4 COLLATE utf8mb4_general_ci NOT NULL COMMENT '角色状态（0正常 1停用）',
  `del_flag` char(1) CHARACTER SET utf8mb4 COLLATE utf8mb4_general_ci NULL DEFAULT '0' COMMENT '删除标志（0代表存在 2代表删除）',
  `create_by` varchar(64) CHARACTER SET utf8mb4 COLLATE utf8mb4_general_ci NULL DEFAULT '' COMMENT '创建者',
  `create_time` datetime(0) NULL DEFAULT NULL COMMENT '创建时间',
  `update_by` varchar(64) CHARACTER SET utf8mb4 COLLATE utf8mb4_general_ci NULL DEFAULT '' COMMENT '更新者',
  `update_time` datetime(0) NULL DEFAULT NULL COMMENT '更新时间',
  `remark` varchar(500) CHARACTER SET utf8mb4 COLLATE utf8mb4_general_ci NULL DEFAULT NULL COMMENT '备注',
  PRIMARY KEY (`role_id`) USING BTREE
) ENGINE = InnoDB AUTO_INCREMENT = 3 CHARACTER SET = utf8mb4 COLLATE = utf8mb4_general_ci COMMENT = '角色信息表' ROW_FORMAT = Dynamic;

-- ----------------------------
-- Records of sys_role
-- ----------------------------
INSERT INTO `sys_role` VALUES (1, '超级管理员', 'admin', 1, '1', 1, 1, '0', '0', 'admin', '2018-03-16 11:33:00', 'ry', '2018-03-16 11:33:00', '超级管理员');
INSERT INTO `sys_role` VALUES (2, '普通管理员', 'common', 2, '2', 1, 1, '0', '0', 'admin', '2018-03-16 11:33:00', 'admin', '2020-10-06 02:47:44', '普通管理员');

-- ----------------------------
-- Table structure for sys_role_dept
-- ----------------------------
DROP TABLE IF EXISTS `sys_role_dept`;
CREATE TABLE `sys_role_dept`  (
  `role_id` bigint(20) NOT NULL COMMENT '角色ID',
  `dept_id` bigint(20) NOT NULL COMMENT '部门ID',
  PRIMARY KEY (`role_id`, `dept_id`) USING BTREE
) ENGINE = InnoDB CHARACTER SET = utf8mb4 COLLATE = utf8mb4_general_ci COMMENT = '角色和部门关联表' ROW_FORMAT = Dynamic;

-- ----------------------------
-- Records of sys_role_dept
-- ----------------------------
INSERT INTO `sys_role_dept` VALUES (2, 100);
INSERT INTO `sys_role_dept` VALUES (2, 101);
INSERT INTO `sys_role_dept` VALUES (2, 105);

-- ----------------------------
-- Table structure for sys_role_menu
-- ----------------------------
DROP TABLE IF EXISTS `sys_role_menu`;
CREATE TABLE `sys_role_menu`  (
  `role_id` bigint(20) NOT NULL COMMENT '角色ID',
  `menu_id` bigint(20) NOT NULL COMMENT '菜单ID',
  PRIMARY KEY (`role_id`, `menu_id`) USING BTREE
) ENGINE = InnoDB CHARACTER SET = utf8mb4 COLLATE = utf8mb4_general_ci COMMENT = '角色和菜单关联表' ROW_FORMAT = Dynamic;

-- ----------------------------
-- Records of sys_role_menu
-- ----------------------------
INSERT INTO `sys_role_menu` VALUES (2, 1);
INSERT INTO `sys_role_menu` VALUES (2, 2);
INSERT INTO `sys_role_menu` VALUES (2, 4);
INSERT INTO `sys_role_menu` VALUES (2, 100);
INSERT INTO `sys_role_menu` VALUES (2, 101);
INSERT INTO `sys_role_menu` VALUES (2, 102);
INSERT INTO `sys_role_menu` VALUES (2, 103);
INSERT INTO `sys_role_menu` VALUES (2, 104);
INSERT INTO `sys_role_menu` VALUES (2, 105);
INSERT INTO `sys_role_menu` VALUES (2, 106);
INSERT INTO `sys_role_menu` VALUES (2, 107);
INSERT INTO `sys_role_menu` VALUES (2, 108);
INSERT INTO `sys_role_menu` VALUES (2, 109);
INSERT INTO `sys_role_menu` VALUES (2, 110);
INSERT INTO `sys_role_menu` VALUES (2, 111);
INSERT INTO `sys_role_menu` VALUES (2, 112);
INSERT INTO `sys_role_menu` VALUES (2, 500);
INSERT INTO `sys_role_menu` VALUES (2, 501);
INSERT INTO `sys_role_menu` VALUES (2, 1001);
INSERT INTO `sys_role_menu` VALUES (2, 1002);
INSERT INTO `sys_role_menu` VALUES (2, 1003);
INSERT INTO `sys_role_menu` VALUES (2, 1004);
INSERT INTO `sys_role_menu` VALUES (2, 1005);
INSERT INTO `sys_role_menu` VALUES (2, 1006);
INSERT INTO `sys_role_menu` VALUES (2, 1007);
INSERT INTO `sys_role_menu` VALUES (2, 1008);
INSERT INTO `sys_role_menu` VALUES (2, 1009);
INSERT INTO `sys_role_menu` VALUES (2, 1010);
INSERT INTO `sys_role_menu` VALUES (2, 1011);
INSERT INTO `sys_role_menu` VALUES (2, 1012);
INSERT INTO `sys_role_menu` VALUES (2, 1013);
INSERT INTO `sys_role_menu` VALUES (2, 1014);
INSERT INTO `sys_role_menu` VALUES (2, 1015);
INSERT INTO `sys_role_menu` VALUES (2, 1016);
INSERT INTO `sys_role_menu` VALUES (2, 1017);
INSERT INTO `sys_role_menu` VALUES (2, 1018);
INSERT INTO `sys_role_menu` VALUES (2, 1019);
INSERT INTO `sys_role_menu` VALUES (2, 1020);
INSERT INTO `sys_role_menu` VALUES (2, 1021);
INSERT INTO `sys_role_menu` VALUES (2, 1022);
INSERT INTO `sys_role_menu` VALUES (2, 1023);
INSERT INTO `sys_role_menu` VALUES (2, 1024);
INSERT INTO `sys_role_menu` VALUES (2, 1025);
INSERT INTO `sys_role_menu` VALUES (2, 1026);
INSERT INTO `sys_role_menu` VALUES (2, 1027);
INSERT INTO `sys_role_menu` VALUES (2, 1028);
INSERT INTO `sys_role_menu` VALUES (2, 1029);
INSERT INTO `sys_role_menu` VALUES (2, 1030);
INSERT INTO `sys_role_menu` VALUES (2, 1031);
INSERT INTO `sys_role_menu` VALUES (2, 1032);
INSERT INTO `sys_role_menu` VALUES (2, 1033);
INSERT INTO `sys_role_menu` VALUES (2, 1034);
INSERT INTO `sys_role_menu` VALUES (2, 1035);
INSERT INTO `sys_role_menu` VALUES (2, 1036);
INSERT INTO `sys_role_menu` VALUES (2, 1037);
INSERT INTO `sys_role_menu` VALUES (2, 1038);
INSERT INTO `sys_role_menu` VALUES (2, 1039);
INSERT INTO `sys_role_menu` VALUES (2, 1040);
INSERT INTO `sys_role_menu` VALUES (2, 1041);
INSERT INTO `sys_role_menu` VALUES (2, 1042);
INSERT INTO `sys_role_menu` VALUES (2, 1043);
INSERT INTO `sys_role_menu` VALUES (2, 1044);
INSERT INTO `sys_role_menu` VALUES (2, 1045);
INSERT INTO `sys_role_menu` VALUES (2, 1046);
INSERT INTO `sys_role_menu` VALUES (2, 1047);
INSERT INTO `sys_role_menu` VALUES (2, 1048);
INSERT INTO `sys_role_menu` VALUES (2, 1049);
INSERT INTO `sys_role_menu` VALUES (2, 1050);
INSERT INTO `sys_role_menu` VALUES (2, 1051);
INSERT INTO `sys_role_menu` VALUES (2, 1052);
INSERT INTO `sys_role_menu` VALUES (2, 1053);
INSERT INTO `sys_role_menu` VALUES (2, 1054);

-- ----------------------------
-- Table structure for sys_upload_file
-- ----------------------------
DROP TABLE IF EXISTS `sys_upload_file`;
CREATE TABLE `sys_upload_file`  (
  `id` bigint(20) NOT NULL AUTO_INCREMENT,
  `title` varchar(255) CHARACTER SET utf8mb4 COLLATE utf8mb4_general_ci NULL DEFAULT NULL COMMENT '标题',
  `name` varchar(255) CHARACTER SET utf8 COLLATE utf8_general_ci NULL DEFAULT NULL COMMENT '文件名',
  `real_name` varchar(255) CHARACTER SET utf8 COLLATE utf8_general_ci NULL DEFAULT NULL COMMENT '文件真实的名称',
  `url` text CHARACTER SET utf8mb4 COLLATE utf8mb4_general_ci NULL COMMENT '文件网络地址',
  `real_url` text CHARACTER SET utf8mb4 COLLATE utf8mb4_general_ci NULL COMMENT '文件磁盘路径',
  `suffix` varchar(255) CHARACTER SET utf8 COLLATE utf8_general_ci NULL DEFAULT NULL COMMENT '后缀',
  `path` text CHARACTER SET utf8 COLLATE utf8_general_ci NULL COMMENT '虚拟/抽象路径',
  `type` tinyint(1) NOT NULL DEFAULT 0 COMMENT '类型(0图片 1音频 2视频 3文档 4其他)',
  `size` varchar(100) CHARACTER SET utf8 COLLATE utf8_general_ci NULL DEFAULT NULL COMMENT '大小(单位：M)',
  `operate` varchar(255) CHARACTER SET utf8 COLLATE utf8_general_ci NULL DEFAULT NULL COMMENT '操作人',
  `create_time` datetime(0) NOT NULL DEFAULT CURRENT_TIMESTAMP(0) COMMENT '创建日期',
  `remark` text CHARACTER SET utf8mb4 COLLATE utf8mb4_general_ci NULL COMMENT '备注/描述',
  PRIMARY KEY (`id`) USING BTREE
) ENGINE = InnoDB AUTO_INCREMENT = 3 CHARACTER SET = utf8mb4 COLLATE = utf8mb4_general_ci COMMENT = '文件管理表' ROW_FORMAT = Compact;

-- ----------------------------
-- Records of sys_upload_file
-- ----------------------------
INSERT INTO `sys_upload_file` VALUES (1, '1.jpg', '1.jpg', '2020/10/16/e59664c6-a7d9-4fca-b958-b9d813657f4e.jpg', 'http://localhost:8081/profile/upload/2020/10/16/e59664c6-a7d9-4fca-b958-b9d813657f4e.jpg', 'F:\\apm\\uploadPath\\upload\\2020\\10\\16\\e59664c6-a7d9-4fca-b958-b9d813657f4e.jpg', 'jpg', '/profile/upload/2020/10/16/e59664c6-a7d9-4fca-b958-b9d813657f4e.jpg', 0, '73.6123046875K', 'admin', '2020-10-16 22:40:44', NULL);
INSERT INTO `sys_upload_file` VALUES (2, '1.jpg', '1.jpg', '2020/10/16/75478dab-2c74-4616-bb7f-bab8b563d104.jpg', 'http://localhost:8081/profile/upload/2020/10/16/75478dab-2c74-4616-bb7f-bab8b563d104.jpg', 'F:\\apm\\uploadPath\\upload\\2020\\10\\16\\75478dab-2c74-4616-bb7f-bab8b563d104.jpg', 'jpg', '/profile/upload/2020/10/16/75478dab-2c74-4616-bb7f-bab8b563d104.jpg', 0, '73.6123046875K', 'admin', '2020-10-16 22:49:52', NULL);

-- ----------------------------
-- Table structure for sys_user
-- ----------------------------
DROP TABLE IF EXISTS `sys_user`;
CREATE TABLE `sys_user`  (
  `user_id` bigint(20) NOT NULL AUTO_INCREMENT COMMENT '用户ID',
  `dept_id` bigint(20) NULL DEFAULT NULL COMMENT '部门ID',
  `user_name` varchar(30) CHARACTER SET utf8mb4 COLLATE utf8mb4_general_ci NOT NULL COMMENT '用户账号',
  `nick_name` varchar(30) CHARACTER SET utf8mb4 COLLATE utf8mb4_general_ci NOT NULL COMMENT '用户昵称',
  `user_type` varchar(2) CHARACTER SET utf8mb4 COLLATE utf8mb4_general_ci NULL DEFAULT '00' COMMENT '用户类型（00系统用户）',
  `email` varchar(50) CHARACTER SET utf8mb4 COLLATE utf8mb4_general_ci NULL DEFAULT '' COMMENT '用户邮箱',
  `phonenumber` varchar(11) CHARACTER SET utf8mb4 COLLATE utf8mb4_general_ci NULL DEFAULT '' COMMENT '手机号码',
  `sex` char(1) CHARACTER SET utf8mb4 COLLATE utf8mb4_general_ci NULL DEFAULT '0' COMMENT '用户性别（0男 1女 2未知）',
  `avatar` varchar(100) CHARACTER SET utf8mb4 COLLATE utf8mb4_general_ci NULL DEFAULT '' COMMENT '头像地址',
  `password` varchar(100) CHARACTER SET utf8mb4 COLLATE utf8mb4_general_ci NULL DEFAULT '' COMMENT '密码',
  `status` char(1) CHARACTER SET utf8mb4 COLLATE utf8mb4_general_ci NOT NULL DEFAULT '0' COMMENT '帐号状态（0正常 1停用）',
  `del_flag` char(1) CHARACTER SET utf8mb4 COLLATE utf8mb4_general_ci NULL DEFAULT '0' COMMENT '删除标志（0代表存在 2代表删除）',
  `login_ip` varchar(50) CHARACTER SET utf8mb4 COLLATE utf8mb4_general_ci NULL DEFAULT '' COMMENT '最后登录IP',
  `login_date` datetime(0) NULL DEFAULT NULL COMMENT '最后登录时间',
  `create_by` varchar(64) CHARACTER SET utf8mb4 COLLATE utf8mb4_general_ci NULL DEFAULT '' COMMENT '创建者',
  `create_time` datetime(0) NULL DEFAULT NULL COMMENT '创建时间',
  `update_by` varchar(64) CHARACTER SET utf8mb4 COLLATE utf8mb4_general_ci NULL DEFAULT '' COMMENT '更新者',
  `update_time` datetime(0) NULL DEFAULT NULL COMMENT '更新时间',
  `remark` varchar(500) CHARACTER SET utf8mb4 COLLATE utf8mb4_general_ci NULL DEFAULT NULL COMMENT '备注',
  PRIMARY KEY (`user_id`) USING BTREE
) ENGINE = InnoDB AUTO_INCREMENT = 5 CHARACTER SET = utf8mb4 COLLATE = utf8mb4_general_ci COMMENT = '用户信息表' ROW_FORMAT = Dynamic;

-- ----------------------------
-- Records of sys_user
-- ----------------------------
INSERT INTO `sys_user` VALUES (1, 103, 'admin', '超级管理员', '00', 'apm@163.com', '15888888888', '0', '/profile/avatar/2020/10/16/0b19553c-1084-4511-8bb8-24aa25f26587.jpeg', '$2a$10$7JB720yubVSZvUI0rEqK/.VqGOZTH.ulu33dHOiBE8ByOhJIrdAu2', '0', '0', '127.0.0.1', '2018-03-16 11:33:00', 'admin', '2018-03-16 11:33:00', 'ry', '2020-10-09 13:58:28', '管理员');
INSERT INTO `sys_user` VALUES (2, 105, 'ry', '管理员', '00', 'apm@qq.com', '15666666666', '0', '', '$2a$10$7JB720yubVSZvUI0rEqK/.VqGOZTH.ulu33dHOiBE8ByOhJIrdAu2', '0', '0', '127.0.0.1', '2018-03-16 11:33:00', 'admin', '2018-03-16 11:33:00', 'admin', '2020-10-04 17:18:39', '测试员');
INSERT INTO `sys_user` VALUES (3, 101, 'zhangkaixi', '张开喜', '00', 'zhangkaixi@126.com', '13265478956', '0', '', '$2a$10$vHg5rjsxa9mY9nK3Ah3vMetzZv07MUS56LPLVAMrYUEC8vsHB7Uh.', '0', '0', '', NULL, 'admin', '2020-10-03 23:16:27', 'admin', '2020-10-06 08:24:13', NULL);
INSERT INTO `sys_user` VALUES (4, 103, 'sunqingtai', '孙青泰', '00', 'sunqingtai@123.com', '13256987412', '0', '', '$2a$10$qomR294bMn1wt4jJgxBan.0GjKytvQRsJyf754dSnJqDILxlexe32', '0', '0', '', NULL, 'admin', '2020-10-06 08:23:47', 'admin', '2020-10-06 08:24:28', NULL);

-- ----------------------------
-- Table structure for sys_user_post
-- ----------------------------
DROP TABLE IF EXISTS `sys_user_post`;
CREATE TABLE `sys_user_post`  (
  `user_id` bigint(20) NOT NULL COMMENT '用户ID',
  `post_id` bigint(20) NOT NULL COMMENT '岗位ID',
  PRIMARY KEY (`user_id`, `post_id`) USING BTREE
) ENGINE = InnoDB CHARACTER SET = utf8mb4 COLLATE = utf8mb4_general_ci COMMENT = '用户与岗位关联表' ROW_FORMAT = Dynamic;

-- ----------------------------
-- Records of sys_user_post
-- ----------------------------
INSERT INTO `sys_user_post` VALUES (1, 1);
INSERT INTO `sys_user_post` VALUES (2, 2);
INSERT INTO `sys_user_post` VALUES (3, 4);
INSERT INTO `sys_user_post` VALUES (4, 4);

-- ----------------------------
-- Table structure for sys_user_role
-- ----------------------------
DROP TABLE IF EXISTS `sys_user_role`;
CREATE TABLE `sys_user_role`  (
  `user_id` bigint(20) NOT NULL COMMENT '用户ID',
  `role_id` bigint(20) NOT NULL COMMENT '角色ID',
  PRIMARY KEY (`user_id`, `role_id`) USING BTREE
) ENGINE = InnoDB CHARACTER SET = utf8mb4 COLLATE = utf8mb4_general_ci COMMENT = '用户和角色关联表' ROW_FORMAT = Dynamic;

-- ----------------------------
-- Records of sys_user_role
-- ----------------------------
INSERT INTO `sys_user_role` VALUES (1, 1);
INSERT INTO `sys_user_role` VALUES (2, 2);
INSERT INTO `sys_user_role` VALUES (3, 2);
INSERT INTO `sys_user_role` VALUES (4, 2);

-- ----------------------------
-- Table structure for verification_code
-- ----------------------------
DROP TABLE IF EXISTS `verification_code`;
CREATE TABLE `verification_code`  (
  `id` bigint(20) NOT NULL AUTO_INCREMENT COMMENT 'ID',
  `code` varchar(255) CHARACTER SET utf8 COLLATE utf8_general_ci NULL DEFAULT NULL COMMENT '验证码',
  `create_time` datetime(0) NOT NULL DEFAULT CURRENT_TIMESTAMP(0) COMMENT '创建日期',
  `status` bit(1) NULL DEFAULT NULL COMMENT '状态：1有效、0过期',
  `type` varchar(255) CHARACTER SET utf8 COLLATE utf8_general_ci NULL DEFAULT NULL COMMENT '验证码类型：email或者短信',
  `value` varchar(255) CHARACTER SET utf8 COLLATE utf8_general_ci NULL DEFAULT NULL COMMENT '接收邮箱或者手机号码',
  `scenes` varchar(255) CHARACTER SET utf8 COLLATE utf8_general_ci NULL DEFAULT NULL COMMENT '业务名称：如重置邮箱、重置密码等',
  PRIMARY KEY (`id`) USING BTREE
) ENGINE = InnoDB AUTO_INCREMENT = 1 CHARACTER SET = utf8mb4 COLLATE = utf8mb4_general_ci COMMENT = '验证码' ROW_FORMAT = Compact;

-- ----------------------------
-- Table structure for visits
-- ----------------------------
DROP TABLE IF EXISTS `visits`;
CREATE TABLE `visits`  (
  `id` bigint(20) NOT NULL AUTO_INCREMENT,
  `create_time` datetime(0) NOT NULL DEFAULT CURRENT_TIMESTAMP(0),
  `date` varchar(255) CHARACTER SET utf8 COLLATE utf8_general_ci NULL DEFAULT NULL,
  `ip_counts` bigint(20) NULL DEFAULT NULL,
  `pv_counts` bigint(20) NULL DEFAULT NULL,
  `week_day` varchar(255) CHARACTER SET utf8 COLLATE utf8_general_ci NULL DEFAULT NULL,
  PRIMARY KEY (`id`) USING BTREE,
  UNIQUE INDEX `UK_11aksgq87euk9bcyeesfs4vtp`(`date`) USING BTREE
) ENGINE = InnoDB AUTO_INCREMENT = 100 CHARACTER SET = utf8mb4 COLLATE = utf8mb4_general_ci COMMENT = '访客记录' ROW_FORMAT = Compact;

-- ----------------------------
-- Records of visits
-- ----------------------------
INSERT INTO `visits` VALUES (21, '2019-12-31 11:40:24', '2019-12-31', 2, 4, 'Tue');
INSERT INTO `visits` VALUES (22, '2020-01-06 16:55:15', '2020-01-06', 4, 25, 'Mon');
INSERT INTO `visits` VALUES (23, '2020-01-07 11:32:57', '2020-01-07', 4, 8, 'Tue');
INSERT INTO `visits` VALUES (24, '2020-01-08 00:04:57', '2020-01-08', 2, 17, 'Wed');
INSERT INTO `visits` VALUES (25, '2020-01-09 14:28:38', '2020-01-09', 3, 3, 'Thu');
INSERT INTO `visits` VALUES (26, '2020-01-10 00:00:00', '2020-01-10', 6, 16, 'Fri');
INSERT INTO `visits` VALUES (27, '2020-01-11 11:06:01', '2020-01-11', 1, 2, 'Sat');
INSERT INTO `visits` VALUES (28, '2020-01-12 17:19:42', '2020-01-12', 1, 1, 'Sun');
INSERT INTO `visits` VALUES (29, '2020-01-13 10:18:00', '2020-01-13', 1, 2, 'Mon');
INSERT INTO `visits` VALUES (30, '2020-01-14 17:34:40', '2020-01-14', 1, 3, 'Tue');
INSERT INTO `visits` VALUES (31, '2020-01-15 11:23:03', '2020-01-15', 1, 1, 'Wed');
INSERT INTO `visits` VALUES (32, '2020-01-16 10:45:22', '2020-01-16', 1, 1, 'Thu');
INSERT INTO `visits` VALUES (33, '2020-01-17 18:07:10', '2020-01-17', 1, 1, 'Fri');
INSERT INTO `visits` VALUES (34, '2020-01-18 18:19:03', '2020-01-18', 1, 2, 'Sat');
INSERT INTO `visits` VALUES (35, '2020-01-19 09:53:20', '2020-01-19', 1, 1, 'Sun');
INSERT INTO `visits` VALUES (36, '2020-01-20 14:01:00', '2020-01-20', 1, 1, 'Mon');
INSERT INTO `visits` VALUES (37, '2020-01-31 10:38:18', '2020-01-31', 1, 2, 'Fri');
INSERT INTO `visits` VALUES (38, '2020-02-02 14:27:41', '2020-02-02', 1, 2, 'Sun');
INSERT INTO `visits` VALUES (39, '2020-02-03 14:11:42', '2020-02-03', 1, 1, 'Mon');
INSERT INTO `visits` VALUES (40, '2020-02-04 10:27:33', '2020-02-04', 1, 1, 'Tue');
INSERT INTO `visits` VALUES (41, '2020-02-05 10:40:14', '2020-02-05', 1, 2, 'Wed');
INSERT INTO `visits` VALUES (42, '2020-02-07 10:17:32', '2020-02-07', 1, 1, 'Fri');
INSERT INTO `visits` VALUES (43, '2020-02-09 13:31:49', '2020-02-09', 1, 1, 'Sun');
INSERT INTO `visits` VALUES (44, '2020-02-10 10:07:12', '2020-02-10', 1, 3, 'Mon');
INSERT INTO `visits` VALUES (45, '2020-02-11 21:31:13', '2020-02-11', 1, 1, 'Tue');
INSERT INTO `visits` VALUES (46, '2020-02-13 14:47:22', '2020-02-13', 1, 3, 'Thu');
INSERT INTO `visits` VALUES (47, '2020-02-14 13:32:26', '2020-02-14', 3, 5, 'Fri');
INSERT INTO `visits` VALUES (48, '2020-02-15 20:37:36', '2020-02-15', 1, 4, 'Sat');
INSERT INTO `visits` VALUES (49, '2020-02-16 20:11:40', '2020-02-16', 1, 4, 'Sun');
INSERT INTO `visits` VALUES (50, '2020-02-17 09:48:36', '2020-02-17', 1, 2, 'Mon');
INSERT INTO `visits` VALUES (51, '2020-02-19 10:34:18', '2020-02-19', 1, 3, 'Wed');
INSERT INTO `visits` VALUES (52, '2020-02-20 21:19:04', '2020-02-20', 1, 1, 'Thu');
INSERT INTO `visits` VALUES (53, '2020-02-21 10:25:10', '2020-02-21', 1, 1, 'Fri');
INSERT INTO `visits` VALUES (54, '2020-02-23 16:34:09', '2020-02-23', 1, 2, 'Sun');
INSERT INTO `visits` VALUES (55, '2020-02-24 14:30:06', '2020-02-24', 1, 2, 'Mon');
INSERT INTO `visits` VALUES (56, '2020-02-26 15:24:09', '2020-02-26', 1, 1, 'Wed');
INSERT INTO `visits` VALUES (57, '2020-02-27 12:55:34', '2020-02-27', 2, 3, 'Thu');
INSERT INTO `visits` VALUES (58, '2020-02-28 15:31:37', '2020-02-28', 2, 4, 'Fri');
INSERT INTO `visits` VALUES (59, '2020-02-29 14:37:48', '2020-02-29', 2, 3, 'Sat');
INSERT INTO `visits` VALUES (60, '2020-03-01 13:43:01', '2020-03-01', 2, 5, 'Sun');
INSERT INTO `visits` VALUES (61, '2020-03-02 18:36:56', '2020-03-02', 2, 7, 'Mon');
INSERT INTO `visits` VALUES (62, '2020-03-03 02:51:42', '2020-03-03', 2, 9, 'Tue');
INSERT INTO `visits` VALUES (63, '2020-03-04 12:55:53', '2020-03-04', 1, 11, 'Wed');
INSERT INTO `visits` VALUES (64, '2020-03-05 12:55:28', '2020-03-05', 1, 2, 'Thu');
INSERT INTO `visits` VALUES (65, '2020-03-06 02:48:11', '2020-03-06', 2, 2, 'Fri');
INSERT INTO `visits` VALUES (66, '2020-03-07 09:58:45', '2020-03-07', 1, 2, 'Sat');
INSERT INTO `visits` VALUES (67, '2020-03-08 10:24:41', '2020-03-08', 1, 1, 'Sun');
INSERT INTO `visits` VALUES (68, '2020-03-09 22:57:23', '2020-03-09', 1, 2, 'Mon');
INSERT INTO `visits` VALUES (69, '2020-03-10 00:00:00', '2020-03-10', 1, 2, 'Tue');
INSERT INTO `visits` VALUES (70, '2020-03-11 16:10:12', '2020-03-11', 2, 10, 'Wed');
INSERT INTO `visits` VALUES (71, '2020-03-12 12:37:42', '2020-03-12', 1, 1, 'Thu');
INSERT INTO `visits` VALUES (72, '2020-03-13 13:13:48', '2020-03-13', 1, 5, 'Fri');
INSERT INTO `visits` VALUES (73, '2020-03-14 09:59:04', '2020-03-14', 1, 7, 'Sat');
INSERT INTO `visits` VALUES (74, '2020-03-15 12:38:59', '2020-03-15', 1, 5, 'Sun');
INSERT INTO `visits` VALUES (75, '2020-03-18 20:37:00', '2020-03-18', 1, 1, 'Wed');
INSERT INTO `visits` VALUES (76, '2020-03-19 14:19:16', '2020-03-19', 1, 2, 'Thu');
INSERT INTO `visits` VALUES (77, '2020-03-21 13:23:28', '2020-03-21', 1, 4, 'Sat');
INSERT INTO `visits` VALUES (78, '2020-03-22 14:01:05', '2020-03-22', 1, 6, 'Sun');
INSERT INTO `visits` VALUES (79, '2020-03-23 13:08:06', '2020-03-23', 1, 2, 'Mon');
INSERT INTO `visits` VALUES (80, '2020-03-24 13:52:07', '2020-03-24', 1, 6, 'Tue');
INSERT INTO `visits` VALUES (81, '2020-03-25 11:18:01', '2020-03-25', 1, 2, 'Wed');
INSERT INTO `visits` VALUES (82, '2020-03-26 13:40:28', '2020-03-26', 1, 2, 'Thu');
INSERT INTO `visits` VALUES (83, '2020-03-27 11:11:32', '2020-03-27', 1, 2, 'Fri');
INSERT INTO `visits` VALUES (84, '2020-03-28 15:24:09', '2020-03-28', 1, 3, 'Sat');
INSERT INTO `visits` VALUES (85, '2020-03-29 21:56:39', '2020-03-29', 1, 1, 'Sun');
INSERT INTO `visits` VALUES (86, '2020-03-31 16:50:56', '2020-03-31', 1, 2, 'Tue');
INSERT INTO `visits` VALUES (87, '2020-04-01 13:52:04', '2020-04-01', 1, 3, 'Wed');
INSERT INTO `visits` VALUES (88, '2020-04-02 00:00:00', '2020-04-02', 1, 8, 'Thu');
INSERT INTO `visits` VALUES (89, '2020-04-03 10:50:28', '2020-04-03', 1, 29, 'Fri');
INSERT INTO `visits` VALUES (90, '2020-04-04 17:56:12', '2020-04-04', 1, 1, 'Sat');
INSERT INTO `visits` VALUES (91, '2020-04-05 09:24:56', '2020-04-05', 1, 3, 'Sun');
INSERT INTO `visits` VALUES (92, '2020-04-06 21:38:54', '2020-04-06', 1, 2, 'Mon');
INSERT INTO `visits` VALUES (93, '2020-04-07 15:06:27', '2020-04-07', 1, 2, 'Tue');
INSERT INTO `visits` VALUES (94, '2020-05-18 15:34:23', '2020-05-18', 1, 1, 'Mon');
INSERT INTO `visits` VALUES (97, '2020-05-19 10:01:41', '2020-05-19', 1, 1, 'Tue');
INSERT INTO `visits` VALUES (99, '2020-07-30 10:19:05', '2020-07-30', 1, 1, 'Thu');

-- ----------------------------
-- Triggers structure for table apm_store_cart
-- ----------------------------
DROP TRIGGER IF EXISTS `cart_product_trigger`;
delimiter ;;
CREATE TRIGGER `cart_product_trigger` BEFORE UPDATE ON `apm_store_cart` FOR EACH ROW BEGIN
 IF NEW.is_pay = 1 THEN
 UPDATE apm_store_product_attr_value SET stock = stock - NEW.cart_num WHERE product_id = NEW.product_id AND suk = NEW.product_attr_unique;
 UPDATE apm_store_product SET stock = stock - NEW.cart_num WHERE product_id = NEW.product_id;
 END IF;
END
;;
delimiter ;

-- ----------------------------
-- Triggers structure for table apm_store_product_attr_value
-- ----------------------------
DROP TRIGGER IF EXISTS `attr_value_product_add_trigger`;
delimiter ;;
CREATE TRIGGER `attr_value_product_add_trigger` AFTER INSERT ON `apm_store_product_attr_value` FOR EACH ROW BEGIN
 DECLARE newStock INT;
 SET newStock = (SELECT SUM(v.stock) FROM apm_store_product p, apm_store_product_attr_value v WHERE p.id = v.product_id AND v.product_id = NEW.product_id);
 UPDATE apm_store_product SET stock = newStock WHERE id = NEW.product_id;
END
;;
delimiter ;

-- ----------------------------
-- Triggers structure for table apm_store_product_attr_value
-- ----------------------------
DROP TRIGGER IF EXISTS `attr_value_product_update_trigger`;
delimiter ;;
CREATE TRIGGER `attr_value_product_update_trigger` BEFORE UPDATE ON `apm_store_product_attr_value` FOR EACH ROW BEGIN
 DECLARE newStock INT;
 DECLARE newSales INT;
 SET newStock = (SELECT SUM(v.stock) FROM apm_store_product p, apm_store_product_attr_value v WHERE p.id = v.product_id AND v.product_id = NEW.product_id);
 SET newSales = (SELECT SUM(v.sales) FROM apm_store_product p, apm_store_product_attr_value v WHERE p.id = v.product_id AND v.product_id = NEW.product_id);
 UPDATE apm_store_product SET stock = newStock, sales = newSales WHERE id = NEW.product_id;
END
;;
delimiter ;

-- ----------------------------
-- Triggers structure for table apm_user
-- ----------------------------
DROP TRIGGER IF EXISTS `trigger_insert_dict_data`;
delimiter ;;
CREATE TRIGGER `trigger_insert_dict_data` AFTER INSERT ON `apm_user` FOR EACH ROW BEGIN
 INSERT INTO `apm_vue`.`sys_dict_data`(`dict_sort`, `dict_label`, `dict_value`, `dict_type`, `css_class`, `list_class`, `is_default`, `status`, `create_by`, `create_time`, `update_by`, `update_time`, `remark`) VALUES (0, NEW.user_name, NEW.user_id, 'apm_store_product_mer_id', NULL, NULL, 'N', '0', NEW.user_name, SYSDATE(), '', NULL, '用户创建');
END
;;
delimiter ;

SET FOREIGN_KEY_CHECKS = 1;
